<?xml version="1.0" encoding="UTF-8"?>
<metadata xml:lang="en">
  <Esri>
    <CreaDate>20150910</CreaDate>
    <CreaTime>11550000</CreaTime>
    <ArcGISFormat>1.0</ArcGISFormat>
    <SyncOnce>TRUE</SyncOnce>
    <ArcGISProfile>ItemDescription</ArcGISProfile>
  </Esri>
  <tool name="tool_18" displayname="Growing Degree Days">
    <parameters>
      <param name="TMEAN" displayname="Mean Monthly Temperatures" type="Required" direction="Input">
        <dialogReference>&lt;p&gt;Mean Monthly Temperatures&lt;/p&gt;&lt;p&gt;Grid list, input&lt;/p&gt;&lt;p&gt;Monthly (12) temperature observations.&lt;/p&gt;</dialogReference>
      </param>
      <param name="TBASE" displayname="Base Temperature" type="Optional" direction="Output">
        <dialogReference>&lt;p&gt;Base Temperature&lt;/p&gt;&lt;p&gt;Floating point&lt;/p&gt;&lt;p&gt;Default: 10.000000&lt;/p&gt;&lt;p&gt;Base temperature in degree Celsius&lt;/p&gt;</dialogReference>
      </param>
      <param name="NGDD" displayname="Number of Days above Base Temperature" type="Required" direction="Output">
        <dialogReference>&lt;p&gt;Number of Days above Base Temperature&lt;/p&gt;&lt;p&gt;Grid, output&lt;/p&gt;&lt;p&gt;Number of days above base temperature.&lt;/p&gt;</dialogReference>
      </param>
      <param name="TSUM" displayname="Growing Degree Days" type="Required" direction="Output">
        <dialogReference>&lt;p&gt;Growing Degree Days&lt;/p&gt;&lt;p&gt;Grid, output&lt;/p&gt;&lt;p&gt;Integral of daily temperature above base temperature.&lt;/p&gt;</dialogReference>
      </param>
      <param name="FIRST" displayname="First Growing Degree Day" type="Optional" direction="Output">
        <dialogReference>&lt;p&gt;First Growing Degree Day&lt;/p&gt;&lt;p&gt;Grid, output, optional&lt;/p&gt;&lt;p&gt;optional&lt;/p&gt;&lt;p&gt;First growing degree day of the year (1-365).&lt;/p&gt;</dialogReference>
      </param>
      <param name="LAST" displayname="Last Growing Degree Day" type="Optional" direction="Output">
        <dialogReference>&lt;p&gt;Last Growing Degree Day&lt;/p&gt;&lt;p&gt;Grid, output, optional&lt;/p&gt;&lt;p&gt;optional&lt;/p&gt;&lt;p&gt;Last growing degree day of the year (1-365).&lt;/p&gt;</dialogReference>
      </param>
      <param name="TARGET" displayname="Degree Sum Target Day" type="Optional" direction="Output">
        <dialogReference>&lt;p&gt;Degree Sum Target Day&lt;/p&gt;&lt;p&gt;Grid, output, optional&lt;/p&gt;&lt;p&gt;optional&lt;/p&gt;&lt;p&gt;Day of the year at which temperature sum is reached (1-365).&lt;/p&gt;</dialogReference>
      </param>
      <param name="TTARGET" displayname="Degree Sum" type="Optional" direction="Output">
        <dialogReference>&lt;p&gt;Degree Sum&lt;/p&gt;&lt;p&gt;Floating point&lt;/p&gt;&lt;p&gt;Default: 100.000000&lt;/p&gt;&lt;p&gt;Target temperature sum in degree Celsius.&lt;/p&gt;</dialogReference>
      </param>
    </parameters>
    <summary>This tool calculates growing degree days from daily or from spline interpolated monthly observations for a given threshold. It also calculates the julian day at which a specific target temperature sum is reached. </summary>
  </tool>
  <dataIdInfo>
    <idCitation>
      <resTitle>D.N. Karger (c) 2017</resTitle>
    </idCitation>
    <idCredit>Conrad, O., Bechtel, B., Bock, M., Dietrich, H., Fischer, E., Gerlitz, L., Wehberg, J., Wichmann, V., and Boehner, J. (2015): System for Automated Geoscientific Analyses (SAGA) v. 2.1.4, Geosci. Model Dev., 8, 1991-2007, doi:10.5194/gmd-8-1991-2015. [SAGA - System for Automated Geoscientific Analyses - saga-gis.org] </idCredit>
    <searchKeys>
      <SAGA></SAGA>
    </searchKeys>
  </dataIdInfo>
</metadata>
