<?xml version="1.0" encoding="UTF-8"?>
<metadata xml:lang="en">
  <Esri>
    <CreaDate>20150910</CreaDate>
    <CreaTime>11550000</CreaTime>
    <ArcGISFormat>1.0</ArcGISFormat>
    <SyncOnce>TRUE</SyncOnce>
    <ArcGISProfile>ItemDescription</ArcGISProfile>
  </Esri>
  <tool name="tool_30" displayname="Lapse Rate Based Temperature Downscaling">
    <parameters>
      <param name="LORES_DEM" displayname="Elevation" type="Required" direction="Input">
        <dialogReference>&lt;p&gt;Elevation&lt;/p&gt;&lt;p&gt;Grid, input&lt;/p&gt;</dialogReference>
      </param>
      <param name="LORES_T" displayname="Temperature" type="Required" direction="Input">
        <dialogReference>&lt;p&gt;Temperature&lt;/p&gt;&lt;p&gt;Grid, input&lt;/p&gt;</dialogReference>
      </param>
      <param name="LORES_LAPSE" displayname="Lapse Rate" type="Required" direction="Input">
        <dialogReference>&lt;p&gt;Lapse Rate&lt;/p&gt;&lt;p&gt;Grid, input&lt;/p&gt;</dialogReference>
      </param>
      <param name="LORES_SLT" displayname="Sea Level Temperature" type="Optional" direction="Output">
        <dialogReference>&lt;p&gt;Sea Level Temperature&lt;/p&gt;&lt;p&gt;Grid, output, optional&lt;/p&gt;&lt;p&gt;optional&lt;/p&gt;</dialogReference>
      </param>
      <param name="HIRES_DEM" displayname="Elevation" type="Required" direction="Input">
        <dialogReference>&lt;p&gt;Elevation&lt;/p&gt;&lt;p&gt;Grid, input&lt;/p&gt;</dialogReference>
      </param>
      <param name="HIRES_T" displayname="Temperature" type="Required" direction="Output">
        <dialogReference>&lt;p&gt;Temperature&lt;/p&gt;&lt;p&gt;Grid, output&lt;/p&gt;</dialogReference>
      </param>
      <param name="LAPSE_METHOD" displayname="Lapse Rate" type="Optional" direction="Output">
        <dialogReference>&lt;p&gt;Lapse Rate&lt;/p&gt;&lt;p&gt;Choice&lt;/p&gt;&lt;p&gt;Available Choices:&lt;/p&gt;&lt;p&gt;[0] constant lapse rate&lt;/p&gt;&lt;p&gt;[1] constant lapse rate from regression&lt;/p&gt;&lt;p&gt;[2] varying lapse rate from grid&lt;/p&gt;&lt;p&gt;Default: 1&lt;/p&gt;</dialogReference>
      </param>
      <param name="REGRS_SUMMARY" displayname="Regression Summary" type="Optional" direction="Output">
        <dialogReference>&lt;p&gt;Regression Summary&lt;/p&gt;&lt;p&gt;Table, output, optional&lt;/p&gt;&lt;p&gt;optional&lt;/p&gt;</dialogReference>
      </param>
      <param name="REGRS_LAPSE" displayname="Regression" type="Optional" direction="Output">
        <dialogReference>&lt;p&gt;Regression&lt;/p&gt;&lt;p&gt;Choice&lt;/p&gt;&lt;p&gt;Available Choices:&lt;/p&gt;&lt;p&gt;[0] elevation&lt;/p&gt;&lt;p&gt;[1] elevation and position&lt;/p&gt;&lt;p&gt;[2] elevation and position (2nd order polynom)&lt;/p&gt;&lt;p&gt;Default: 2&lt;/p&gt;</dialogReference>
      </param>
      <param name="LIMIT_LAPSE" displayname="Limit Minimum Lapse Rate" type="Optional" direction="Output">
        <dialogReference>&lt;p&gt;Limit Minimum Lapse Rate&lt;/p&gt;&lt;p&gt;Boolean&lt;/p&gt;&lt;p&gt;Default: 0&lt;/p&gt;&lt;p&gt;If set, lapse rates from regression are limited to a minimum as specified by the constant lapse rate parameter.&lt;/p&gt;</dialogReference>
      </param>
      <param name="CONST_LAPSE" displayname="Constant Lapse Rate" type="Optional" direction="Output">
        <dialogReference>&lt;p&gt;Constant Lapse Rate&lt;/p&gt;&lt;p&gt;Floating point&lt;/p&gt;&lt;p&gt;Default: 0.600000&lt;/p&gt;&lt;p&gt;Constant lapse rate in degree of temperature per 100 meter.&lt;/p&gt;</dialogReference>
      </param>
    </parameters>
    <summary>The Lapse Rate Based Temperature Downscaling is quite simple, but might perform well for mountainous regions, where the altitudinal gradient is the main driver for local temperature variation. First, a given lapse rate is used to estimate sea level temperatures from elevation and temperature data at a coarse resolution. Second, the same lapse rate is used to estimate the terrain surface temperature using higher resoluted elevation data and the spline interpolated sea level temperatures from the previous step. The lapse rates can be defined as one constant value valid for the whole area of interest, or as varying value as defined by an additional input grid. Alternatively a constant lapse rate can be estimated from the coarse resolution input with a regression analysis. </summary>
  </tool>
  <dataIdInfo>
    <idCitation>
      <resTitle>O.Conrad (c) 2021</resTitle>
    </idCitation>
    <idCredit>Conrad, O., Bechtel, B., Bock, M., Dietrich, H., Fischer, E., Gerlitz, L., Wehberg, J., Wichmann, V., and Boehner, J. (2015): System for Automated Geoscientific Analyses (SAGA) v. 2.1.4, Geosci. Model Dev., 8, 1991-2007, doi:10.5194/gmd-8-1991-2015. [SAGA - System for Automated Geoscientific Analyses - saga-gis.org] </idCredit>
    <searchKeys>
      <SAGA></SAGA>
    </searchKeys>
  </dataIdInfo>
</metadata>
