<?xml version="1.0" encoding="UTF-8"?>
<metadata xml:lang="en">
  <Esri>
    <CreaDate>20150910</CreaDate>
    <CreaTime>11550000</CreaTime>
    <ArcGISFormat>1.0</ArcGISFormat>
    <SyncOnce>TRUE</SyncOnce>
    <ArcGISProfile>ItemDescription</ArcGISProfile>
  </Esri>
  <tool name="tool_3" displayname="Annual Course of Daily Insolation">
    <parameters>
      <param name="SOLARRAD" displayname="Solar Radiation" type="Required" direction="Output">
        <dialogReference>&lt;p&gt;Solar Radiation&lt;/p&gt;&lt;p&gt;Table, output&lt;/p&gt;</dialogReference>
      </param>
      <param name="START" displayname="Start [ka]" type="Optional" direction="Output">
        <dialogReference>&lt;p&gt;Start [ka]&lt;/p&gt;&lt;p&gt;Floating point&lt;/p&gt;&lt;p&gt;Default: -200.000000&lt;/p&gt;</dialogReference>
      </param>
      <param name="STOP" displayname="Stop [ka]" type="Optional" direction="Output">
        <dialogReference>&lt;p&gt;Stop [ka]&lt;/p&gt;&lt;p&gt;Floating point&lt;/p&gt;&lt;p&gt;Default: 2.000000&lt;/p&gt;</dialogReference>
      </param>
      <param name="STEP" displayname="Step [ka]" type="Optional" direction="Output">
        <dialogReference>&lt;p&gt;Step [ka]&lt;/p&gt;&lt;p&gt;Floating point&lt;/p&gt;&lt;p&gt;Minimum: 0.001000&lt;/p&gt;&lt;p&gt;Default: 1.000000&lt;/p&gt;</dialogReference>
      </param>
      <param name="LAT" displayname="Latitude [Degree]" type="Optional" direction="Output">
        <dialogReference>&lt;p&gt;Latitude [Degree]&lt;/p&gt;&lt;p&gt;Floating point&lt;/p&gt;&lt;p&gt;Minimum: -90.000000&lt;/p&gt;&lt;p&gt;Maximum: 90.000000&lt;/p&gt;&lt;p&gt;Default: 53.000000&lt;/p&gt;</dialogReference>
      </param>
    </parameters>
    <summary>Orbital parameters used here are based on the work of Andre L. Berger and its implementation from the NASA Goddard Institute for Space Studies (GISS). Berger's orbital parameters are considered to be valid for approximately 1 million years. </summary>
  </tool>
  <dataIdInfo>
    <idCitation>
      <resTitle>O.Conrad (c) 2012</resTitle>
    </idCitation>
    <idCredit>Conrad, O., Bechtel, B., Bock, M., Dietrich, H., Fischer, E., Gerlitz, L., Wehberg, J., Wichmann, V., and Boehner, J. (2015): System for Automated Geoscientific Analyses (SAGA) v. 2.1.4, Geosci. Model Dev., 8, 1991-2007, doi:10.5194/gmd-8-1991-2015. [SAGA - System for Automated Geoscientific Analyses - saga-gis.org] </idCredit>
    <searchKeys>
      <SAGA></SAGA>
    </searchKeys>
  </dataIdInfo>
</metadata>
