<?xml version="1.0" encoding="UTF-8"?>
<metadata xml:lang="en">
  <Esri>
    <CreaDate>20150910</CreaDate>
    <CreaTime>11550000</CreaTime>
    <ArcGISFormat>1.0</ArcGISFormat>
    <SyncOnce>TRUE</SyncOnce>
    <ArcGISProfile>ItemDescription</ArcGISProfile>
  </Esri>
  <tool name="tool_6" displayname="Evapotranspiration (Table)">
    <parameters>
      <param name="TABLE" displayname="Data" type="Required" direction="Input">
        <dialogReference>&lt;p&gt;Data&lt;/p&gt;&lt;p&gt;Table, input&lt;/p&gt;</dialogReference>
      </param>
      <param name="RESULT" displayname="Evapotranspiration" type="Optional" direction="Output">
        <dialogReference>&lt;p&gt;Evapotranspiration&lt;/p&gt;&lt;p&gt;Table, output, optional&lt;/p&gt;&lt;p&gt;optional&lt;/p&gt;</dialogReference>
      </param>
      <param name="T" displayname="Mean Temperature" type="Optional" direction="Output">
        <dialogReference>&lt;p&gt;Mean Temperature&lt;/p&gt;&lt;p&gt;Table field&lt;/p&gt;&lt;p&gt;[Celsius]&lt;/p&gt;</dialogReference>
      </param>
      <param name="T_MIN" displayname="Minimum Temperature" type="Optional" direction="Output">
        <dialogReference>&lt;p&gt;Minimum Temperature&lt;/p&gt;&lt;p&gt;Table field&lt;/p&gt;&lt;p&gt;[Celsius]&lt;/p&gt;</dialogReference>
      </param>
      <param name="T_MAX" displayname="Maximum Temperature" type="Optional" direction="Output">
        <dialogReference>&lt;p&gt;Maximum Temperature&lt;/p&gt;&lt;p&gt;Table field&lt;/p&gt;&lt;p&gt;[Celsius]&lt;/p&gt;</dialogReference>
      </param>
      <param name="RH" displayname="Relative Humidity" type="Optional" direction="Output">
        <dialogReference>&lt;p&gt;Relative Humidity&lt;/p&gt;&lt;p&gt;Table field&lt;/p&gt;&lt;p&gt;[Percent]&lt;/p&gt;</dialogReference>
      </param>
      <param name="SR" displayname="Solar Radiation" type="Optional" direction="Output">
        <dialogReference>&lt;p&gt;Solar Radiation&lt;/p&gt;&lt;p&gt;Table field&lt;/p&gt;&lt;p&gt;daily sum of global radiation [J/cm^2]&lt;/p&gt;</dialogReference>
      </param>
      <param name="WS" displayname="Wind Speed" type="Optional" direction="Output">
        <dialogReference>&lt;p&gt;Wind Speed&lt;/p&gt;&lt;p&gt;Table field&lt;/p&gt;&lt;p&gt;daily mean of wind speed at 2m above ground [m/s]&lt;/p&gt;</dialogReference>
      </param>
      <param name="P" displayname="Air Pressure" type="Optional" direction="Output">
        <dialogReference>&lt;p&gt;Air Pressure&lt;/p&gt;&lt;p&gt;Table field&lt;/p&gt;&lt;p&gt;[kPa]&lt;/p&gt;</dialogReference>
      </param>
      <param name="DATE" displayname="Date" type="Optional" direction="Output">
        <dialogReference>&lt;p&gt;Date&lt;/p&gt;&lt;p&gt;Table field&lt;/p&gt;</dialogReference>
      </param>
      <param name="ET" displayname="Evapotranspiration" type="Optional" direction="Output">
        <dialogReference>&lt;p&gt;Evapotranspiration&lt;/p&gt;&lt;p&gt;Table field&lt;/p&gt;&lt;p&gt;optional&lt;/p&gt;</dialogReference>
      </param>
      <param name="LAT" displayname="Latitude" type="Optional" direction="Output">
        <dialogReference>&lt;p&gt;Latitude&lt;/p&gt;&lt;p&gt;Floating point&lt;/p&gt;&lt;p&gt;Minimum: -90.000000&lt;/p&gt;&lt;p&gt;Maximum: 90.000000&lt;/p&gt;&lt;p&gt;Default: 53.000000&lt;/p&gt;</dialogReference>
      </param>
      <param name="METHOD" displayname="Method" type="Optional" direction="Output">
        <dialogReference>&lt;p&gt;Method&lt;/p&gt;&lt;p&gt;Choice&lt;/p&gt;&lt;p&gt;Available Choices:&lt;/p&gt;&lt;p&gt;[0] Turc&lt;/p&gt;&lt;p&gt;[1] Hargreave&lt;/p&gt;&lt;p&gt;[2] Penman (simplified)&lt;/p&gt;&lt;p&gt;[3] Penman-Monteith&lt;/p&gt;&lt;p&gt;Default: 0&lt;/p&gt;</dialogReference>
      </param>
    </parameters>
    <summary>Estimation of daily potential evapotranspiration from weather data with different methods. Besides mean daily temperature it depends on the chosen method which additional data has to be provided. In order to estimate extraterrestrial net radiation some of the methods need to know the location's geographic latitude and the date's Julian day number. </summary>
  </tool>
  <dataIdInfo>
    <idCitation>
      <resTitle>O.Conrad (c) 2011</resTitle>
    </idCitation>
    <idCredit>Conrad, O., Bechtel, B., Bock, M., Dietrich, H., Fischer, E., Gerlitz, L., Wehberg, J., Wichmann, V., and Boehner, J. (2015): System for Automated Geoscientific Analyses (SAGA) v. 2.1.4, Geosci. Model Dev., 8, 1991-2007, doi:10.5194/gmd-8-1991-2015. [SAGA - System for Automated Geoscientific Analyses - saga-gis.org] </idCredit>
    <searchKeys>
      <SAGA></SAGA>
    </searchKeys>
  </dataIdInfo>
</metadata>
