<?xml version="1.0" encoding="UTF-8"?>
<metadata xml:lang="en">
  <Esri>
    <CreaDate>20150910</CreaDate>
    <CreaTime>11550000</CreaTime>
    <ArcGISFormat>1.0</ArcGISFormat>
    <SyncOnce>TRUE</SyncOnce>
    <ArcGISProfile>ItemDescription</ArcGISProfile>
  </Esri>
  <tool name="tool_31" displayname="Daily Solar Radiation">
    <parameters>
      <param name="LATITUDE" displayname="Latitude" type="Required" direction="Input">
        <dialogReference>&lt;p&gt;Latitude&lt;/p&gt;&lt;p&gt;Grid, input&lt;/p&gt;&lt;p&gt;[Degree]&lt;/p&gt;</dialogReference>
      </param>
      <param name="SOLARRAD" displayname="Solar Radiation" type="Required" direction="Output">
        <dialogReference>&lt;p&gt;Solar Radiation&lt;/p&gt;&lt;p&gt;Grid, output&lt;/p&gt;&lt;p&gt;[J/cm^2]&lt;/p&gt;</dialogReference>
      </param>
      <param name="MONTH" displayname="Month" type="Optional" direction="Output">
        <dialogReference>&lt;p&gt;Month&lt;/p&gt;&lt;p&gt;Choice&lt;/p&gt;&lt;p&gt;Available Choices:&lt;/p&gt;&lt;p&gt;[0] January&lt;/p&gt;&lt;p&gt;[1] February&lt;/p&gt;&lt;p&gt;[2] March&lt;/p&gt;&lt;p&gt;[3] April&lt;/p&gt;&lt;p&gt;[4] May&lt;/p&gt;&lt;p&gt;[5] June&lt;/p&gt;&lt;p&gt;[6] July&lt;/p&gt;&lt;p&gt;[7] August&lt;/p&gt;&lt;p&gt;[8] September&lt;/p&gt;&lt;p&gt;[9] October&lt;/p&gt;&lt;p&gt;[10] November&lt;/p&gt;&lt;p&gt;[11] December&lt;/p&gt;&lt;p&gt;Default: 1&lt;/p&gt;</dialogReference>
      </param>
      <param name="DAY" displayname="Day of Month" type="Optional" direction="Output">
        <dialogReference>&lt;p&gt;Day of Month&lt;/p&gt;&lt;p&gt;Integer&lt;/p&gt;&lt;p&gt;Minimum: 1&lt;/p&gt;&lt;p&gt;Maximum: 31&lt;/p&gt;&lt;p&gt;Default: 7&lt;/p&gt;</dialogReference>
      </param>
      <param name="SUNSHINE" displayname="Sunshine Duration" type="Optional" direction="Output">
        <dialogReference>&lt;p&gt;Sunshine Duration&lt;/p&gt;&lt;p&gt;Floating point&lt;/p&gt;&lt;p&gt;Minimum: 0.000000&lt;/p&gt;&lt;p&gt;Maximum: 100.000000&lt;/p&gt;&lt;p&gt;Default: 50.000000&lt;/p&gt;&lt;p&gt;Daily sunshine duration as percentage of its potential maximum.&lt;/p&gt;</dialogReference>
      </param>
    </parameters>
    <summary>This tool calculates the daily solar radiation (Rg) based on the date and the latitudinal position for incoming top of atmosphere radiation (R0) estimation and the sunshine duration (Sd) provided as percentage of its potential maximum (S0). It uses a simple empiric formula:
Rg = R0 * (0.19 + 0.55 * Sd/S0)</summary>
  </tool>
  <dataIdInfo>
    <idCitation>
      <resTitle>O.Conrad (c) 2021</resTitle>
    </idCitation>
    <idCredit>Conrad, O., Bechtel, B., Bock, M., Dietrich, H., Fischer, E., Gerlitz, L., Wehberg, J., Wichmann, V., and Boehner, J. (2015): System for Automated Geoscientific Analyses (SAGA) v. 2.1.4, Geosci. Model Dev., 8, 1991-2007, doi:10.5194/gmd-8-1991-2015. [SAGA - System for Automated Geoscientific Analyses - saga-gis.org] </idCredit>
    <searchKeys>
      <SAGA></SAGA>
    </searchKeys>
  </dataIdInfo>
</metadata>
