<?xml version="1.0" encoding="UTF-8"?>
<metadata xml:lang="en">
  <Esri>
    <CreaDate>20150910</CreaDate>
    <CreaTime>11550000</CreaTime>
    <ArcGISFormat>1.0</ArcGISFormat>
    <SyncOnce>TRUE</SyncOnce>
    <ArcGISProfile>ItemDescription</ArcGISProfile>
  </Esri>
  <tool name="tool_9" displayname="Sunrise and Sunset">
    <parameters>
      <param name="TARGET" displayname="Target System" type="Required" direction="Input">
        <dialogReference>&lt;p&gt;Target System&lt;/p&gt;&lt;p&gt;Grid, input&lt;/p&gt;</dialogReference>
      </param>
      <param name="SUNRISE" displayname="Sunrise" type="Required" direction="Output">
        <dialogReference>&lt;p&gt;Sunrise&lt;/p&gt;&lt;p&gt;Grid, output&lt;/p&gt;</dialogReference>
      </param>
      <param name="SUNSET" displayname="Sunset" type="Required" direction="Output">
        <dialogReference>&lt;p&gt;Sunset&lt;/p&gt;&lt;p&gt;Grid, output&lt;/p&gt;</dialogReference>
      </param>
      <param name="LENGTH" displayname="Day Length" type="Required" direction="Output">
        <dialogReference>&lt;p&gt;Day Length&lt;/p&gt;&lt;p&gt;Grid, output&lt;/p&gt;</dialogReference>
      </param>
      <param name="DAY" displayname="Day of Month" type="Optional" direction="Output">
        <dialogReference>&lt;p&gt;Day of Month&lt;/p&gt;&lt;p&gt;Date&lt;/p&gt;&lt;p&gt;Default: 2023-02-07&lt;/p&gt;</dialogReference>
      </param>
      <param name="TIME" displayname="Time" type="Optional" direction="Output">
        <dialogReference>&lt;p&gt;Time&lt;/p&gt;&lt;p&gt;Choice&lt;/p&gt;&lt;p&gt;Available Choices:&lt;/p&gt;&lt;p&gt;[0] local&lt;/p&gt;&lt;p&gt;[1] world&lt;/p&gt;&lt;p&gt;Default: 0&lt;/p&gt;</dialogReference>
      </param>
    </parameters>
    <summary>This tool calculates the time of sunrise and sunset and the resulting day length for each cell of the target grid. The target grid needs to provide information about its coordinate system. </summary>
  </tool>
  <dataIdInfo>
    <idCitation>
      <resTitle>O.Conrad (c) 2015</resTitle>
    </idCitation>
    <idCredit>Conrad, O., Bechtel, B., Bock, M., Dietrich, H., Fischer, E., Gerlitz, L., Wehberg, J., Wichmann, V., and Boehner, J. (2015): System for Automated Geoscientific Analyses (SAGA) v. 2.1.4, Geosci. Model Dev., 8, 1991-2007, doi:10.5194/gmd-8-1991-2015. [SAGA - System for Automated Geoscientific Analyses - saga-gis.org] </idCredit>
    <searchKeys>
      <SAGA></SAGA>
    </searchKeys>
  </dataIdInfo>
</metadata>
