<?xml version="1.0" encoding="UTF-8"?>
<metadata xml:lang="en">
  <Esri>
    <CreaDate>20150910</CreaDate>
    <CreaTime>11550000</CreaTime>
    <ArcGISFormat>1.0</ArcGISFormat>
    <SyncOnce>TRUE</SyncOnce>
    <ArcGISProfile>ItemDescription</ArcGISProfile>
  </Esri>
  <tool name="tool_21" displayname="PhenIps (Table)">
    <parameters>
      <param name="WEATHER" displayname="Weather Data" type="Required" direction="Input">
        <dialogReference>&lt;p&gt;Weather Data&lt;/p&gt;&lt;p&gt;Table, input&lt;/p&gt;</dialogReference>
      </param>
      <param name="ATmean" displayname="Mean Temperature" type="Optional" direction="Output">
        <dialogReference>&lt;p&gt;Mean Temperature&lt;/p&gt;&lt;p&gt;Table field&lt;/p&gt;&lt;p&gt;Degree Celsius&lt;/p&gt;</dialogReference>
      </param>
      <param name="ATmax" displayname="Maximum Temperature" type="Optional" direction="Output">
        <dialogReference>&lt;p&gt;Maximum Temperature&lt;/p&gt;&lt;p&gt;Table field&lt;/p&gt;&lt;p&gt;Degree Celsius&lt;/p&gt;</dialogReference>
      </param>
      <param name="SIrel" displayname="Solar Irradiation" type="Optional" direction="Output">
        <dialogReference>&lt;p&gt;Solar Irradiation&lt;/p&gt;&lt;p&gt;Table field&lt;/p&gt;&lt;p&gt;Wh/m^2&lt;/p&gt;</dialogReference>
      </param>
      <param name="PHENOLOGY" displayname="Phenology" type="Required" direction="Output">
        <dialogReference>&lt;p&gt;Phenology&lt;/p&gt;&lt;p&gt;Table, output&lt;/p&gt;</dialogReference>
      </param>
      <param name="SUMMARY" displayname="Summary" type="Required" direction="Output">
        <dialogReference>&lt;p&gt;Summary&lt;/p&gt;&lt;p&gt;Table, output&lt;/p&gt;</dialogReference>
      </param>
      <param name="LATITUDE" displayname="Latitude" type="Optional" direction="Output">
        <dialogReference>&lt;p&gt;Latitude&lt;/p&gt;&lt;p&gt;Floating point&lt;/p&gt;&lt;p&gt;Minimum: -90.000000&lt;/p&gt;&lt;p&gt;Maximum: 90.000000&lt;/p&gt;&lt;p&gt;Default: 50.000000&lt;/p&gt;</dialogReference>
      </param>
      <param name="LIMIT" displayname="Limit" type="Optional" direction="Output">
        <dialogReference>&lt;p&gt;Limit&lt;/p&gt;&lt;p&gt;Boolean&lt;/p&gt;&lt;p&gt;Default: 1&lt;/p&gt;&lt;p&gt;Limits state output to a maximum value of 1.&lt;/p&gt;</dialogReference>
      </param>
      <param name="DToptimum" displayname="Developmental Optimum Temperature" type="Optional" direction="Output">
        <dialogReference>&lt;p&gt;Developmental Optimum Temperature&lt;/p&gt;&lt;p&gt;Floating point&lt;/p&gt;&lt;p&gt;Default: 30.400000&lt;/p&gt;&lt;p&gt;Degree Celsius&lt;/p&gt;</dialogReference>
      </param>
      <param name="DTminimum" displayname="Developmental Minimum Temperature" type="Optional" direction="Output">
        <dialogReference>&lt;p&gt;Developmental Minimum Temperature&lt;/p&gt;&lt;p&gt;Floating point&lt;/p&gt;&lt;p&gt;Default: 8.300000&lt;/p&gt;&lt;p&gt;Degree Celsius&lt;/p&gt;</dialogReference>
      </param>
      <param name="FAminimum" displayname="Minimum Temperature for Flight Activity" type="Optional" direction="Output">
        <dialogReference>&lt;p&gt;Minimum Temperature for Flight Activity&lt;/p&gt;&lt;p&gt;Floating point&lt;/p&gt;&lt;p&gt;Default: 16.500000&lt;/p&gt;&lt;p&gt;Degree Celsius&lt;/p&gt;</dialogReference>
      </param>
      <param name="DayLength" displayname="Minimum Day Length for Flight Activity" type="Optional" direction="Output">
        <dialogReference>&lt;p&gt;Minimum Day Length for Flight Activity&lt;/p&gt;&lt;p&gt;Floating point&lt;/p&gt;&lt;p&gt;Minimum: 0.000000&lt;/p&gt;&lt;p&gt;Maximum: 24.000000&lt;/p&gt;&lt;p&gt;Default: 14.500000&lt;/p&gt;&lt;p&gt;Hours&lt;/p&gt;</dialogReference>
      </param>
      <param name="DDminimum" displayname="Minimum Thermal Sum for Infestation" type="Optional" direction="Output">
        <dialogReference>&lt;p&gt;Minimum Thermal Sum for Infestation&lt;/p&gt;&lt;p&gt;Floating point&lt;/p&gt;&lt;p&gt;Minimum: 0.000000&lt;/p&gt;&lt;p&gt;Default: 140.000000&lt;/p&gt;&lt;p&gt;Degree Days&lt;/p&gt;</dialogReference>
      </param>
      <param name="DDtotal" displayname="Thermal Sum for Total Development" type="Optional" direction="Output">
        <dialogReference>&lt;p&gt;Thermal Sum for Total Development&lt;/p&gt;&lt;p&gt;Floating point&lt;/p&gt;&lt;p&gt;Minimum: 0.000000&lt;/p&gt;&lt;p&gt;Default: 557.000000&lt;/p&gt;&lt;p&gt;Degree Days&lt;/p&gt;</dialogReference>
      </param>
      <param name="Risk_DayMax" displayname="Day of Maximum Risk after Onset" type="Optional" direction="Output">
        <dialogReference>&lt;p&gt;Day of Maximum Risk after Onset&lt;/p&gt;&lt;p&gt;Floating point&lt;/p&gt;&lt;p&gt;Minimum: 0.000000&lt;/p&gt;&lt;p&gt;Default: 5.000000&lt;/p&gt;&lt;p&gt;Days&lt;/p&gt;</dialogReference>
      </param>
      <param name="Risk_Decay" displayname="Decay of Risk after Maximum" type="Optional" direction="Output">
        <dialogReference>&lt;p&gt;Decay of Risk after Maximum&lt;/p&gt;&lt;p&gt;Floating point&lt;/p&gt;&lt;p&gt;Minimum: 1.000000&lt;/p&gt;&lt;p&gt;Default: 10.000000&lt;/p&gt;&lt;p&gt;Days&lt;/p&gt;</dialogReference>
      </param>
      <param name="YD_Begin" displayname="Begin of Parental Development" type="Optional" direction="Output">
        <dialogReference>&lt;p&gt;Begin of Parental Development&lt;/p&gt;&lt;p&gt;Date&lt;/p&gt;&lt;p&gt;Default: 2023-04-01&lt;/p&gt;</dialogReference>
      </param>
      <param name="YD_End_Onset" displayname="End of Breeding" type="Optional" direction="Output">
        <dialogReference>&lt;p&gt;End of Breeding&lt;/p&gt;&lt;p&gt;Date&lt;/p&gt;&lt;p&gt;Default: 2023-08-31&lt;/p&gt;</dialogReference>
      </param>
      <param name="YD_End" displayname="End of Development" type="Optional" direction="Output">
        <dialogReference>&lt;p&gt;End of Development&lt;/p&gt;&lt;p&gt;Date&lt;/p&gt;&lt;p&gt;Default: 2023-10-31&lt;/p&gt;</dialogReference>
      </param>
    </parameters>
    <summary>A comprehensive phenology model of Ips typographus (L.) (Col., Scolytinae) as a tool for hazard rating of bark beetle infestation.</summary>
  </tool>
  <dataIdInfo>
    <idCitation>
      <resTitle>O.Conrad (c) 2019</resTitle>
    </idCitation>
    <idCredit>Conrad, O., Bechtel, B., Bock, M., Dietrich, H., Fischer, E., Gerlitz, L., Wehberg, J., Wichmann, V., and Boehner, J. (2015): System for Automated Geoscientific Analyses (SAGA) v. 2.1.4, Geosci. Model Dev., 8, 1991-2007, doi:10.5194/gmd-8-1991-2015. [SAGA - System for Automated Geoscientific Analyses - saga-gis.org] </idCredit>
    <searchKeys>
      <SAGA></SAGA>
    </searchKeys>
  </dataIdInfo>
</metadata>
