<?xml version="1.0" encoding="UTF-8"?>
<metadata xml:lang="en">
  <Esri>
    <CreaDate>20150910</CreaDate>
    <CreaTime>11550000</CreaTime>
    <ArcGISFormat>1.0</ArcGISFormat>
    <SyncOnce>TRUE</SyncOnce>
    <ArcGISProfile>ItemDescription</ArcGISProfile>
  </Esri>
  <tool name="tool_29" displayname="Air Humidity Conversions">
    <parameters>
      <param name="T" displayname="Temperature" type="Optional" direction="Input">
        <dialogReference>&lt;p&gt;Temperature&lt;/p&gt;&lt;p&gt;Grid, input, optional&lt;/p&gt;&lt;p&gt;optional&lt;/p&gt;&lt;p&gt;[Celsius]&lt;/p&gt;</dialogReference>
      </param>
      <param name="T_DEFAULT" displayname="Default" type="Optional" direction="Output">
        <dialogReference>&lt;p&gt;Default&lt;/p&gt;&lt;p&gt;Floating point&lt;/p&gt;&lt;p&gt;Minimum: -273.150000&lt;/p&gt;&lt;p&gt;Default: 25.000000&lt;/p&gt;&lt;p&gt;default value if no grid has been selected&lt;/p&gt;</dialogReference>
      </param>
      <param name="P" displayname="Air Pressure" type="Optional" direction="Input">
        <dialogReference>&lt;p&gt;Air Pressure&lt;/p&gt;&lt;p&gt;Grid, input, optional&lt;/p&gt;&lt;p&gt;optional&lt;/p&gt;&lt;p&gt;[hPa]&lt;/p&gt;</dialogReference>
      </param>
      <param name="P_DEFAULT" displayname="Default" type="Optional" direction="Output">
        <dialogReference>&lt;p&gt;Default&lt;/p&gt;&lt;p&gt;Floating point&lt;/p&gt;&lt;p&gt;Minimum: 0.000000&lt;/p&gt;&lt;p&gt;Default: 1013.250000&lt;/p&gt;&lt;p&gt;default value if no grid has been selected&lt;/p&gt;</dialogReference>
      </param>
      <param name="IN_VP" displayname="Vapor Pressure" type="Optional" direction="Input">
        <dialogReference>&lt;p&gt;Vapor Pressure&lt;/p&gt;&lt;p&gt;Grid, input, optional&lt;/p&gt;&lt;p&gt;optional&lt;/p&gt;&lt;p&gt;[hPa]&lt;/p&gt;</dialogReference>
      </param>
      <param name="IN_VP_DEFAULT" displayname="Default" type="Optional" direction="Output">
        <dialogReference>&lt;p&gt;Default&lt;/p&gt;&lt;p&gt;Floating point&lt;/p&gt;&lt;p&gt;Minimum: 0.000000&lt;/p&gt;&lt;p&gt;Default: 15.000000&lt;/p&gt;&lt;p&gt;default value if no grid has been selected&lt;/p&gt;</dialogReference>
      </param>
      <param name="IN_SH" displayname="Specific Humidity" type="Optional" direction="Input">
        <dialogReference>&lt;p&gt;Specific Humidity&lt;/p&gt;&lt;p&gt;Grid, input, optional&lt;/p&gt;&lt;p&gt;optional&lt;/p&gt;&lt;p&gt;[g/kg]&lt;/p&gt;</dialogReference>
      </param>
      <param name="IN_SH_DEFAULT" displayname="Default" type="Optional" direction="Output">
        <dialogReference>&lt;p&gt;Default&lt;/p&gt;&lt;p&gt;Floating point&lt;/p&gt;&lt;p&gt;Minimum: 0.000000&lt;/p&gt;&lt;p&gt;Default: 10.000000&lt;/p&gt;&lt;p&gt;default value if no grid has been selected&lt;/p&gt;</dialogReference>
      </param>
      <param name="IN_RH" displayname="Relative Humidity" type="Optional" direction="Input">
        <dialogReference>&lt;p&gt;Relative Humidity&lt;/p&gt;&lt;p&gt;Grid, input, optional&lt;/p&gt;&lt;p&gt;optional&lt;/p&gt;&lt;p&gt;[%]&lt;/p&gt;</dialogReference>
      </param>
      <param name="IN_RH_DEFAULT" displayname="Default" type="Optional" direction="Output">
        <dialogReference>&lt;p&gt;Default&lt;/p&gt;&lt;p&gt;Floating point&lt;/p&gt;&lt;p&gt;Minimum: 0.000000&lt;/p&gt;&lt;p&gt;Maximum: 100.000000&lt;/p&gt;&lt;p&gt;Default: 50.000000&lt;/p&gt;&lt;p&gt;default value if no grid has been selected&lt;/p&gt;</dialogReference>
      </param>
      <param name="IN_DP" displayname="Dew Point" type="Optional" direction="Input">
        <dialogReference>&lt;p&gt;Dew Point&lt;/p&gt;&lt;p&gt;Grid, input, optional&lt;/p&gt;&lt;p&gt;optional&lt;/p&gt;&lt;p&gt;[Celsius]&lt;/p&gt;</dialogReference>
      </param>
      <param name="IN_DP_DEFAULT" displayname="Default" type="Optional" direction="Output">
        <dialogReference>&lt;p&gt;Default&lt;/p&gt;&lt;p&gt;Floating point&lt;/p&gt;&lt;p&gt;Minimum: -273.150000&lt;/p&gt;&lt;p&gt;Default: 14.000000&lt;/p&gt;&lt;p&gt;default value if no grid has been selected&lt;/p&gt;</dialogReference>
      </param>
      <param name="OUT_VPSAT" displayname="Saturation Pressure" type="Optional" direction="Output">
        <dialogReference>&lt;p&gt;Saturation Pressure&lt;/p&gt;&lt;p&gt;Grid, output, optional&lt;/p&gt;&lt;p&gt;optional&lt;/p&gt;&lt;p&gt;[hPa]&lt;/p&gt;</dialogReference>
      </param>
      <param name="OUT_VP" displayname="Vapor Pressure" type="Optional" direction="Output">
        <dialogReference>&lt;p&gt;Vapor Pressure&lt;/p&gt;&lt;p&gt;Grid, output, optional&lt;/p&gt;&lt;p&gt;optional&lt;/p&gt;&lt;p&gt;[hPa]&lt;/p&gt;</dialogReference>
      </param>
      <param name="OUT_VPDIF" displayname="Vapor Pressure Deficit" type="Optional" direction="Output">
        <dialogReference>&lt;p&gt;Vapor Pressure Deficit&lt;/p&gt;&lt;p&gt;Grid, output, optional&lt;/p&gt;&lt;p&gt;optional&lt;/p&gt;&lt;p&gt;[hPa]&lt;/p&gt;</dialogReference>
      </param>
      <param name="OUT_RH" displayname="Relative Humidity" type="Optional" direction="Output">
        <dialogReference>&lt;p&gt;Relative Humidity&lt;/p&gt;&lt;p&gt;Grid, output, optional&lt;/p&gt;&lt;p&gt;optional&lt;/p&gt;&lt;p&gt;[%]&lt;/p&gt;</dialogReference>
      </param>
      <param name="OUT_SH" displayname="Specific Humidity" type="Optional" direction="Output">
        <dialogReference>&lt;p&gt;Specific Humidity&lt;/p&gt;&lt;p&gt;Grid, output, optional&lt;/p&gt;&lt;p&gt;optional&lt;/p&gt;&lt;p&gt;[g/kg]&lt;/p&gt;</dialogReference>
      </param>
      <param name="OUT_DP" displayname="Dew Point" type="Optional" direction="Output">
        <dialogReference>&lt;p&gt;Dew Point&lt;/p&gt;&lt;p&gt;Grid, output, optional&lt;/p&gt;&lt;p&gt;optional&lt;/p&gt;&lt;p&gt;[Celsius]&lt;/p&gt;</dialogReference>
      </param>
      <param name="OUT_DPDIF" displayname="Dew Point Difference" type="Optional" direction="Output">
        <dialogReference>&lt;p&gt;Dew Point Difference&lt;/p&gt;&lt;p&gt;Grid, output, optional&lt;/p&gt;&lt;p&gt;optional&lt;/p&gt;&lt;p&gt;[Celsius]&lt;/p&gt;</dialogReference>
      </param>
      <param name="CONVERSION" displayname="Conversion from..." type="Optional" direction="Output">
        <dialogReference>&lt;p&gt;Conversion from...&lt;/p&gt;&lt;p&gt;Choice&lt;/p&gt;&lt;p&gt;Available Choices:&lt;/p&gt;&lt;p&gt;[0] Vapor Pressure&lt;/p&gt;&lt;p&gt;[1] Specific Humidity&lt;/p&gt;&lt;p&gt;[2] Relative Humidity&lt;/p&gt;&lt;p&gt;[3] Dew Point&lt;/p&gt;&lt;p&gt;Default: 0&lt;/p&gt;</dialogReference>
      </param>
      <param name="VPSAT_METHOD" displayname="Saturation Pressure" type="Optional" direction="Output">
        <dialogReference>&lt;p&gt;Saturation Pressure&lt;/p&gt;&lt;p&gt;Choice&lt;/p&gt;&lt;p&gt;Available Choices:&lt;/p&gt;&lt;p&gt;[0] Magnus&lt;/p&gt;&lt;p&gt;[1] Lowe & Ficke&lt;/p&gt;&lt;p&gt;Default: 0&lt;/p&gt;&lt;p&gt;Formula used to estimate vapor pressure at saturation.&lt;/p&gt;</dialogReference>
      </param>
    </parameters>
    <summary>Conversions of air moisture content between various units. </summary>
  </tool>
  <dataIdInfo>
    <idCitation>
      <resTitle>O.Conrad (c) 2021</resTitle>
    </idCitation>
    <idCredit>Conrad, O., Bechtel, B., Bock, M., Dietrich, H., Fischer, E., Gerlitz, L., Wehberg, J., Wichmann, V., and Boehner, J. (2015): System for Automated Geoscientific Analyses (SAGA) v. 2.1.4, Geosci. Model Dev., 8, 1991-2007, doi:10.5194/gmd-8-1991-2015. [SAGA - System for Automated Geoscientific Analyses - saga-gis.org] </idCredit>
    <searchKeys>
      <SAGA></SAGA>
    </searchKeys>
  </dataIdInfo>
</metadata>
