<?xml version="1.0" encoding="UTF-8"?>
<metadata xml:lang="en">
  <Esri>
    <CreaDate>20150910</CreaDate>
    <CreaTime>11550000</CreaTime>
    <ArcGISFormat>1.0</ArcGISFormat>
    <SyncOnce>TRUE</SyncOnce>
    <ArcGISProfile>ItemDescription</ArcGISProfile>
  </Esri>
  <tool name="tool_19" displayname="Climate Classification">
    <parameters>
      <param name="T" displayname="Temperature" type="Required" direction="Input">
        <dialogReference>&lt;p&gt;Temperature&lt;/p&gt;&lt;p&gt;Grid list, input&lt;/p&gt;</dialogReference>
      </param>
      <param name="P" displayname="Precipitation" type="Required" direction="Input">
        <dialogReference>&lt;p&gt;Precipitation&lt;/p&gt;&lt;p&gt;Grid list, input&lt;/p&gt;</dialogReference>
      </param>
      <param name="CLASSES" displayname="Climate Classification" type="Required" direction="Output">
        <dialogReference>&lt;p&gt;Climate Classification&lt;/p&gt;&lt;p&gt;Grid, output&lt;/p&gt;</dialogReference>
      </param>
      <param name="METHOD" displayname="Classification" type="Optional" direction="Output">
        <dialogReference>&lt;p&gt;Classification&lt;/p&gt;&lt;p&gt;Choice&lt;/p&gt;&lt;p&gt;Available Choices:&lt;/p&gt;&lt;p&gt;[0] Koeppen-Geiger&lt;/p&gt;&lt;p&gt;[1] Koeppen-Geiger without As/Aw differentiation&lt;/p&gt;&lt;p&gt;[2] Koeppen-Geiger after Peel et al. (2007)&lt;/p&gt;&lt;p&gt;[3] Wissmann (1939)&lt;/p&gt;&lt;p&gt;[4] Thornthwaite (1931)&lt;/p&gt;&lt;p&gt;[5] Troll-Paffen&lt;/p&gt;&lt;p&gt;Default: 1&lt;/p&gt;</dialogReference>
      </param>
    </parameters>
    <summary>This tool applies a climate classification scheme using monthly mean temperature and precipitation data. Currently implemented classification schemes are Koeppen-Geiger (1936), Thornthwaite (1931), and Troll-Paffen (1964). Because of some less precise definitions the Troll-Paffen scheme still needs some revisions. </summary>
  </tool>
  <dataIdInfo>
    <idCitation>
      <resTitle>O.Conrad (c) 2018</resTitle>
    </idCitation>
    <idCredit>Conrad, O., Bechtel, B., Bock, M., Dietrich, H., Fischer, E., Gerlitz, L., Wehberg, J., Wichmann, V., and Boehner, J. (2015): System for Automated Geoscientific Analyses (SAGA) v. 2.1.4, Geosci. Model Dev., 8, 1991-2007, doi:10.5194/gmd-8-1991-2015. [SAGA - System for Automated Geoscientific Analyses - saga-gis.org] </idCredit>
    <searchKeys>
      <SAGA></SAGA>
    </searchKeys>
  </dataIdInfo>
</metadata>
