<?xml version="1.0" encoding="UTF-8"?>
<metadata xml:lang="en">
  <Esri>
    <CreaDate>20150910</CreaDate>
    <CreaTime>11550000</CreaTime>
    <ArcGISFormat>1.0</ArcGISFormat>
    <SyncOnce>TRUE</SyncOnce>
    <ArcGISProfile>ItemDescription</ArcGISProfile>
  </Esri>
  <tool name="tool_25" displayname="Cloud Overlap">
    <parameters>
      <param name="COVERS" displayname="Cloud Fractions" type="Required" direction="Input">
        <dialogReference>&lt;p&gt;Cloud Fractions&lt;/p&gt;&lt;p&gt;Grid list, input&lt;/p&gt;&lt;p&gt;grid stack of cloud fractions&lt;/p&gt;</dialogReference>
      </param>
      <param name="HEIGHTS" displayname="Heights" type="Required" direction="Input">
        <dialogReference>&lt;p&gt;Heights&lt;/p&gt;&lt;p&gt;Grid list, input&lt;/p&gt;&lt;p&gt;grid stack of geopotential level heights&lt;/p&gt;</dialogReference>
      </param>
      <param name="GROUND" displayname="Surface Elevation" type="Required" direction="Input">
        <dialogReference>&lt;p&gt;Surface Elevation&lt;/p&gt;&lt;p&gt;Grid, input&lt;/p&gt;</dialogReference>
      </param>
      <param name="WIND" displayname="Wind effect" type="Required" direction="Input">
        <dialogReference>&lt;p&gt;Wind effect&lt;/p&gt;&lt;p&gt;Grid, input&lt;/p&gt;</dialogReference>
      </param>
      <param name="CBASE" displayname="Cloud Base" type="Required" direction="Input">
        <dialogReference>&lt;p&gt;Cloud Base&lt;/p&gt;&lt;p&gt;Grid, input&lt;/p&gt;</dialogReference>
      </param>
      <param name="COVER" displayname="Total Cloud Cover" type="Required" direction="Output">
        <dialogReference>&lt;p&gt;Total Cloud Cover&lt;/p&gt;&lt;p&gt;Grid, output&lt;/p&gt;&lt;p&gt;statistics&lt;/p&gt;</dialogReference>
      </param>
      <param name="BLOCKS" displayname="Number of Cloud Blocks" type="Optional" direction="Output">
        <dialogReference>&lt;p&gt;Number of Cloud Blocks&lt;/p&gt;&lt;p&gt;Grid, output, optional&lt;/p&gt;&lt;p&gt;optional&lt;/p&gt;</dialogReference>
      </param>
      <param name="INTERVAL" displayname="Interval" type="Optional" direction="Output">
        <dialogReference>&lt;p&gt;Interval&lt;/p&gt;&lt;p&gt;Floating point&lt;/p&gt;&lt;p&gt;Minimum: 1.000000&lt;/p&gt;&lt;p&gt;Default: 100.000000&lt;/p&gt;&lt;p&gt;Vertical resolution for internal interpolation given in meters.&lt;/p&gt;</dialogReference>
      </param>
      <param name="MINCOVER" displayname="Minimum Cloud Cover Fraction" type="Optional" direction="Output">
        <dialogReference>&lt;p&gt;Minimum Cloud Cover Fraction&lt;/p&gt;&lt;p&gt;Floating point&lt;/p&gt;&lt;p&gt;Minimum: -1.000000&lt;/p&gt;&lt;p&gt;Maximum: 1.000000&lt;/p&gt;&lt;p&gt;Default: 0.100000&lt;/p&gt;&lt;p&gt;Minimum cloud cover fraction at which a cloud is identified as such&lt;/p&gt;</dialogReference>
      </param>
    </parameters>
    <summary>This tool calculates cloud overlay based on the maximum random overlap assumption for atmospheric cloud layers above ground. Alpha is a constant and a further parameter is the minimum cloud fraction, at which a cloud is identified as such. </summary>
  </tool>
  <dataIdInfo>
    <idCitation>
      <resTitle>D.N. Karger (c) 2019</resTitle>
    </idCitation>
    <idCredit>Conrad, O., Bechtel, B., Bock, M., Dietrich, H., Fischer, E., Gerlitz, L., Wehberg, J., Wichmann, V., and Boehner, J. (2015): System for Automated Geoscientific Analyses (SAGA) v. 2.1.4, Geosci. Model Dev., 8, 1991-2007, doi:10.5194/gmd-8-1991-2015. [SAGA - System for Automated Geoscientific Analyses - saga-gis.org] </idCredit>
    <searchKeys>
      <SAGA></SAGA>
    </searchKeys>
  </dataIdInfo>
</metadata>
