<?xml version="1.0" encoding="UTF-8"?>
<metadata xml:lang="en">
  <Esri>
    <CreaDate>20150910</CreaDate>
    <CreaTime>11550000</CreaTime>
    <ArcGISFormat>1.0</ArcGISFormat>
    <SyncOnce>TRUE</SyncOnce>
    <ArcGISProfile>ItemDescription</ArcGISProfile>
  </Esri>
  <tool name="tool_26" displayname="Temperature Lapse Rates">
    <parameters>
      <param name="TEMP" displayname="Atmospheric Lapse Rates" type="Required" direction="Input">
        <dialogReference>&lt;p&gt;Atmospheric Lapse Rates&lt;/p&gt;&lt;p&gt;Grid list, input&lt;/p&gt;&lt;p&gt;grid stack of hourly atmospheric lapse rates&lt;/p&gt;</dialogReference>
      </param>
      <param name="TGROUND" displayname="Surface Temperature" type="Required" direction="Input">
        <dialogReference>&lt;p&gt;Surface Temperature&lt;/p&gt;&lt;p&gt;Grid list, input&lt;/p&gt;</dialogReference>
      </param>
      <param name="LAPSE" displayname="Temperature Lapse Rate at Extreme" type="Required" direction="Output">
        <dialogReference>&lt;p&gt;Temperature Lapse Rate at Extreme&lt;/p&gt;&lt;p&gt;Grid, output&lt;/p&gt;</dialogReference>
      </param>
      <param name="TEXTREME" displayname="Daily Extreme Temperature" type="Required" direction="Output">
        <dialogReference>&lt;p&gt;Daily Extreme Temperature&lt;/p&gt;&lt;p&gt;Grid, output&lt;/p&gt;</dialogReference>
      </param>
      <param name="TIME" displayname="Hour of Daily Extreme Temperature" type="Optional" direction="Output">
        <dialogReference>&lt;p&gt;Hour of Daily Extreme Temperature&lt;/p&gt;&lt;p&gt;Grid, output, optional&lt;/p&gt;&lt;p&gt;optional&lt;/p&gt;</dialogReference>
      </param>
      <param name="EXTREME" displayname="Temperature extreme" type="Optional" direction="Output">
        <dialogReference>&lt;p&gt;Temperature extreme&lt;/p&gt;&lt;p&gt;Choice&lt;/p&gt;&lt;p&gt;Available Choices:&lt;/p&gt;&lt;p&gt;[0] minimum&lt;/p&gt;&lt;p&gt;[1] maximum&lt;/p&gt;&lt;p&gt;Default: 1&lt;/p&gt;</dialogReference>
      </param>
    </parameters>
    <summary>This tool selects daily temperature lapse rates for minimum and maximum temperatures from hourly lapse rates by selecting the time at which minimum or maximum temperatures occurred and then returns the respective lapse rate.</summary>
  </tool>
  <dataIdInfo>
    <idCitation>
      <resTitle>D.N. Karger (c) 2019</resTitle>
    </idCitation>
    <idCredit>Conrad, O., Bechtel, B., Bock, M., Dietrich, H., Fischer, E., Gerlitz, L., Wehberg, J., Wichmann, V., and Boehner, J. (2015): System for Automated Geoscientific Analyses (SAGA) v. 2.1.4, Geosci. Model Dev., 8, 1991-2007, doi:10.5194/gmd-8-1991-2015. [SAGA - System for Automated Geoscientific Analyses - saga-gis.org] </idCredit>
    <searchKeys>
      <SAGA></SAGA>
    </searchKeys>
  </dataIdInfo>
</metadata>
