<?xml version="1.0" encoding="UTF-8"?>
<metadata xml:lang="en">
  <Esri>
    <CreaDate>20150910</CreaDate>
    <CreaTime>11550000</CreaTime>
    <ArcGISFormat>1.0</ArcGISFormat>
    <SyncOnce>TRUE</SyncOnce>
    <ArcGISProfile>ItemDescription</ArcGISProfile>
  </Esri>
  <tool name="tool_15" displayname="Gradient Vector from Cartesian to Polar Coordinates">
    <parameters>
      <param name="DX" displayname="X Component" type="Required" direction="Input">
        <dialogReference>&lt;p&gt;X Component&lt;/p&gt;&lt;p&gt;Grid, input&lt;/p&gt;</dialogReference>
      </param>
      <param name="DY" displayname="Y Component" type="Required" direction="Input">
        <dialogReference>&lt;p&gt;Y Component&lt;/p&gt;&lt;p&gt;Grid, input&lt;/p&gt;</dialogReference>
      </param>
      <param name="DIR" displayname="Direction" type="Required" direction="Output">
        <dialogReference>&lt;p&gt;Direction&lt;/p&gt;&lt;p&gt;Grid, output&lt;/p&gt;</dialogReference>
      </param>
      <param name="LEN" displayname="Length" type="Required" direction="Output">
        <dialogReference>&lt;p&gt;Length&lt;/p&gt;&lt;p&gt;Grid, output&lt;/p&gt;</dialogReference>
      </param>
      <param name="UNITS" displayname="Polar Angle Units" type="Optional" direction="Output">
        <dialogReference>&lt;p&gt;Polar Angle Units&lt;/p&gt;&lt;p&gt;Choice&lt;/p&gt;&lt;p&gt;Available Choices:&lt;/p&gt;&lt;p&gt;[0] radians&lt;/p&gt;&lt;p&gt;[1] degree&lt;/p&gt;&lt;p&gt;Default: 0&lt;/p&gt;</dialogReference>
      </param>
      <param name="SYSTEM" displayname="Polar Coordinate System" type="Optional" direction="Output">
        <dialogReference>&lt;p&gt;Polar Coordinate System&lt;/p&gt;&lt;p&gt;Choice&lt;/p&gt;&lt;p&gt;Available Choices:&lt;/p&gt;&lt;p&gt;[0] mathematical&lt;/p&gt;&lt;p&gt;[1] geographical&lt;/p&gt;&lt;p&gt;[2] user defined&lt;/p&gt;&lt;p&gt;Default: 1&lt;/p&gt;</dialogReference>
      </param>
      <param name="SYSTEM_ZERO" displayname="User defined Zero Direction" type="Optional" direction="Output">
        <dialogReference>&lt;p&gt;User defined Zero Direction&lt;/p&gt;&lt;p&gt;Floating point&lt;/p&gt;&lt;p&gt;Minimum: 0.000000&lt;/p&gt;&lt;p&gt;Maximum: 360.000000&lt;/p&gt;&lt;p&gt;Default: 0.000000&lt;/p&gt;&lt;p&gt;given in degree clockwise from North direction&lt;/p&gt;</dialogReference>
      </param>
      <param name="SYSTEM_ORIENT" displayname="User defined Orientation" type="Optional" direction="Output">
        <dialogReference>&lt;p&gt;User defined Orientation&lt;/p&gt;&lt;p&gt;Choice&lt;/p&gt;&lt;p&gt;Available Choices:&lt;/p&gt;&lt;p&gt;[0] clockwise&lt;/p&gt;&lt;p&gt;[1] counterclockwise&lt;/p&gt;&lt;p&gt;Default: 0&lt;/p&gt;</dialogReference>
      </param>
    </parameters>
    <summary>Converts gradient vector from directional components (Cartesian) to polar coordinates (direction or aspect angle and length or tangens of slope).
The tool supports three conventions on how to measure and output the angle of direction:
(a) mathematical: direction angle is zero in East direction and the angle increases counterclockwise
(b) geographical: direction angle is zero in North direction and the angle increases clockwise
(c) zero direction and orientation are user defined
</summary>
  </tool>
  <dataIdInfo>
    <idCitation>
      <resTitle>Victor Olaya & Volker Wichmann (c) 2004-2010</resTitle>
    </idCitation>
    <idCredit>Conrad, O., Bechtel, B., Bock, M., Dietrich, H., Fischer, E., Gerlitz, L., Wehberg, J., Wichmann, V., and Boehner, J. (2015): System for Automated Geoscientific Analyses (SAGA) v. 2.1.4, Geosci. Model Dev., 8, 1991-2007, doi:10.5194/gmd-8-1991-2015. [SAGA - System for Automated Geoscientific Analyses - saga-gis.org] </idCredit>
    <searchKeys>
      <SAGA></SAGA>
    </searchKeys>
  </dataIdInfo>
</metadata>
