<?xml version="1.0" encoding="UTF-8"?>
<metadata xml:lang="en">
  <Esri>
    <CreaDate>20150910</CreaDate>
    <CreaTime>11550000</CreaTime>
    <ArcGISFormat>1.0</ArcGISFormat>
    <SyncOnce>TRUE</SyncOnce>
    <ArcGISProfile>ItemDescription</ArcGISProfile>
  </Esri>
  <tool name="tool_10" displayname="Mesh Denoise">
    <parameters>
      <param name="INPUT" displayname="Grid" type="Required" direction="Input">
        <dialogReference>&lt;p&gt;Grid&lt;/p&gt;&lt;p&gt;Grid, input&lt;/p&gt;</dialogReference>
      </param>
      <param name="OUTPUT" displayname="Denoised Grid" type="Required" direction="Output">
        <dialogReference>&lt;p&gt;Denoised Grid&lt;/p&gt;&lt;p&gt;Grid, output&lt;/p&gt;</dialogReference>
      </param>
      <param name="SIGMA" displayname="Threshold" type="Optional" direction="Output">
        <dialogReference>&lt;p&gt;Threshold&lt;/p&gt;&lt;p&gt;Floating point&lt;/p&gt;&lt;p&gt;Minimum: 0.000000&lt;/p&gt;&lt;p&gt;Maximum: 1.000000&lt;/p&gt;&lt;p&gt;Default: 0.900000&lt;/p&gt;</dialogReference>
      </param>
      <param name="ITER" displayname="Number of Iterations for Normal Updating" type="Optional" direction="Output">
        <dialogReference>&lt;p&gt;Number of Iterations for Normal Updating&lt;/p&gt;&lt;p&gt;Integer&lt;/p&gt;&lt;p&gt;Minimum: 1&lt;/p&gt;&lt;p&gt;Default: 5&lt;/p&gt;</dialogReference>
      </param>
      <param name="VITER" displayname="Number of Iterations for Vertex Updating" type="Optional" direction="Output">
        <dialogReference>&lt;p&gt;Number of Iterations for Vertex Updating&lt;/p&gt;&lt;p&gt;Integer&lt;/p&gt;&lt;p&gt;Minimum: 1&lt;/p&gt;&lt;p&gt;Default: 50&lt;/p&gt;</dialogReference>
      </param>
      <param name="NB_CV" displayname="Common Edge Type of Face Neighbourhood" type="Optional" direction="Output">
        <dialogReference>&lt;p&gt;Common Edge Type of Face Neighbourhood&lt;/p&gt;&lt;p&gt;Choice&lt;/p&gt;&lt;p&gt;Available Choices:&lt;/p&gt;&lt;p&gt;[0] Common Vertex&lt;/p&gt;&lt;p&gt;[1] Common Edge&lt;/p&gt;&lt;p&gt;Default: 0&lt;/p&gt;</dialogReference>
      </param>
      <param name="ZONLY" displayname="Only Z-Direction Position is Updated" type="Optional" direction="Output">
        <dialogReference>&lt;p&gt;Only Z-Direction Position is Updated&lt;/p&gt;&lt;p&gt;Boolean&lt;/p&gt;&lt;p&gt;Default: 0&lt;/p&gt;</dialogReference>
      </param>
    </parameters>
    <summary>Mesh denoising for grids, using the algorithm of Sun et al. (2007).
References:
Cardiff University: Filtering and Processing of Irregular Meshes with Uncertainties. &lt;a target="_blank" href="http://www.cs.cf.ac.uk/meshfiltering/"&gt;online&lt;/a&gt;.
Stevenson, J.A., Sun, X., Mitchell, N.C. (2010): Despeckling SRTM and other topographic data with a denoising algorithm, Geomorphology, Vol.114, No.3, pp.238-252.
Sun, X., Rosin, P.L., Martin, R.R., Langbein, F.C. (2007): Fast and effective feature-preserving mesh denoising. IEEE Transactions on Visualization and Computer Graphics, Vol.13, No.5, pp.925-938.
</summary>
  </tool>
  <dataIdInfo>
    <idCitation>
      <resTitle>O.Conrad (c) 2012</resTitle>
    </idCitation>
    <idCredit>Conrad, O., Bechtel, B., Bock, M., Dietrich, H., Fischer, E., Gerlitz, L., Wehberg, J., Wichmann, V., and Boehner, J. (2015): System for Automated Geoscientific Analyses (SAGA) v. 2.1.4, Geosci. Model Dev., 8, 1991-2007, doi:10.5194/gmd-8-1991-2015. [SAGA - System for Automated Geoscientific Analyses - saga-gis.org] </idCredit>
    <searchKeys>
      <SAGA></SAGA>
    </searchKeys>
  </dataIdInfo>
</metadata>
