<?xml version="1.0" encoding="UTF-8"?>
<metadata xml:lang="en">
  <Esri>
    <CreaDate>20150910</CreaDate>
    <CreaTime>11550000</CreaTime>
    <ArcGISFormat>1.0</ArcGISFormat>
    <SyncOnce>TRUE</SyncOnce>
    <ArcGISProfile>ItemDescription</ArcGISProfile>
  </Esri>
  <tool name="tool_7" displayname="DTM Filter (slope-based)">
    <parameters>
      <param name="INPUT" displayname="DEM" type="Required" direction="Input">
        <dialogReference>&lt;p&gt;DEM&lt;/p&gt;&lt;p&gt;Grid, input&lt;/p&gt;&lt;p&gt;The grid to filter.&lt;/p&gt;</dialogReference>
      </param>
      <param name="GROUND" displayname="Bare Earth" type="Required" direction="Output">
        <dialogReference>&lt;p&gt;Bare Earth&lt;/p&gt;&lt;p&gt;Grid, output&lt;/p&gt;&lt;p&gt;The filtered DEM containing only cells classified as ground.&lt;/p&gt;</dialogReference>
      </param>
      <param name="NONGROUND" displayname="Removed Objects" type="Optional" direction="Output">
        <dialogReference>&lt;p&gt;Removed Objects&lt;/p&gt;&lt;p&gt;Grid, output, optional&lt;/p&gt;&lt;p&gt;optional&lt;/p&gt;&lt;p&gt;The non-ground objects removed by the filter.&lt;/p&gt;</dialogReference>
      </param>
      <param name="RADIUS" displayname="Kernel Radius" type="Optional" direction="Output">
        <dialogReference>&lt;p&gt;Kernel Radius&lt;/p&gt;&lt;p&gt;Integer&lt;/p&gt;&lt;p&gt;Minimum: 1&lt;/p&gt;&lt;p&gt;Default: 5&lt;/p&gt;&lt;p&gt;The radius of the filter kernel [grid cells]. Must be large enough to reach ground cells next to non-ground objects.&lt;/p&gt;</dialogReference>
      </param>
      <param name="TERRAINSLOPE" displayname="Terrain Slope [%]" type="Optional" direction="Output">
        <dialogReference>&lt;p&gt;Terrain Slope [%]&lt;/p&gt;&lt;p&gt;Floating point&lt;/p&gt;&lt;p&gt;Minimum: 0.000000&lt;/p&gt;&lt;p&gt;Default: 30.000000&lt;/p&gt;&lt;p&gt;The approximate terrain slope [%]. Used to relax the filter criterium in steeper terrain.&lt;/p&gt;</dialogReference>
      </param>
      <param name="FILTERMOD" displayname="Filter Modification" type="Optional" direction="Output">
        <dialogReference>&lt;p&gt;Filter Modification&lt;/p&gt;&lt;p&gt;Choice&lt;/p&gt;&lt;p&gt;Available Choices:&lt;/p&gt;&lt;p&gt;[0] none&lt;/p&gt;&lt;p&gt;[1] relax filter&lt;/p&gt;&lt;p&gt;[2] amplify filter&lt;/p&gt;&lt;p&gt;Default: 0&lt;/p&gt;&lt;p&gt;Choose whether to apply the filter kernel without modification or to use a confidence interval to relax or amplify the height criterium.&lt;/p&gt;</dialogReference>
      </param>
      <param name="STDDEV" displayname="Standard Deviation" type="Optional" direction="Output">
        <dialogReference>&lt;p&gt;Standard Deviation&lt;/p&gt;&lt;p&gt;Floating point&lt;/p&gt;&lt;p&gt;Minimum: 0.000000&lt;/p&gt;&lt;p&gt;Default: 0.100000&lt;/p&gt;&lt;p&gt;The standard deviation used to calculate a 5% confidence interval applied to the height threshold [map units].&lt;/p&gt;</dialogReference>
      </param>
    </parameters>
    <summary>The tool can be used to filter a digital elevation model in order to classify its cells into bare earth and object cells (ground and non-ground cells).
The tool uses concepts as described by Vosselman (2000) and is based on the assumption that a large height difference between two nearby cells is unlikely to be caused by a steep slope in the terrain. The probability that the higher cell might be non-ground increases when the distance between the two cells decreases. Therefore the filter defines a maximum height difference (dz_max) between two cells as a function of the distance (d) between the cells (dz_max(d) = d). A cell is classified as terrain if there is no cell within the kernel radius to which the height difference is larger than the allowed maximum height difference at the distance between these two cells.
The approximate terrain slope (s) parameter is used to modify the filter function to match the overall slope in the study area (dz_max(d) = d * s).
A 5% confidence interval (ci = 1.65 * sqrt(2 * stddev)) may be used to modify the filter function even further by either relaxing (dz_max(d) = d * s + ci) or amplifying (dz_max(d) = d * s - ci) the filter criterium.

</summary>
  </tool>
  <dataIdInfo>
    <idCitation>
      <resTitle>Volker Wichmann (c) 2010, LASERDATA GmbH</resTitle>
    </idCitation>
    <idCredit>Conrad, O., Bechtel, B., Bock, M., Dietrich, H., Fischer, E., Gerlitz, L., Wehberg, J., Wichmann, V., and Boehner, J. (2015): System for Automated Geoscientific Analyses (SAGA) v. 2.1.4, Geosci. Model Dev., 8, 1991-2007, doi:10.5194/gmd-8-1991-2015. [SAGA - System for Automated Geoscientific Analyses - saga-gis.org] </idCredit>
    <searchKeys>
      <SAGA></SAGA>
    </searchKeys>
  </dataIdInfo>
</metadata>
