<?xml version="1.0" encoding="UTF-8"?>
<metadata xml:lang="en">
  <Esri>
    <CreaDate>20150910</CreaDate>
    <CreaTime>11550000</CreaTime>
    <ArcGISFormat>1.0</ArcGISFormat>
    <SyncOnce>TRUE</SyncOnce>
    <ArcGISProfile>ItemDescription</ArcGISProfile>
  </Esri>
  <tool name="tool_10" displayname="Cross-Classification and Tabulation">
    <parameters>
      <param name="INPUT" displayname="Input Grid 1" type="Required" direction="Input">
        <dialogReference>&lt;p&gt;Input Grid 1&lt;/p&gt;&lt;p&gt;Grid, input&lt;/p&gt;</dialogReference>
      </param>
      <param name="INPUT2" displayname="Input Grid 2" type="Required" direction="Input">
        <dialogReference>&lt;p&gt;Input Grid 2&lt;/p&gt;&lt;p&gt;Grid, input&lt;/p&gt;</dialogReference>
      </param>
      <param name="RESULTGRID" displayname="Cross-Classification Grid" type="Required" direction="Output">
        <dialogReference>&lt;p&gt;Cross-Classification Grid&lt;/p&gt;&lt;p&gt;Grid, output&lt;/p&gt;</dialogReference>
      </param>
      <param name="RESULTTABLE" displayname="Cross-Tabulation Table" type="Required" direction="Output">
        <dialogReference>&lt;p&gt;Cross-Tabulation Table&lt;/p&gt;&lt;p&gt;Table, output&lt;/p&gt;</dialogReference>
      </param>
      <param name="MAXNUMCLASS" displayname="Max. Number of Classes" type="Optional" direction="Output">
        <dialogReference>&lt;p&gt;Max. Number of Classes&lt;/p&gt;&lt;p&gt;Integer&lt;/p&gt;&lt;p&gt;Default: 10&lt;/p&gt;&lt;p&gt;Maximum number of classes in the entire grid.&lt;/p&gt;</dialogReference>
      </param>
    </parameters>
    <summary>(c) 2004 by Victor Olaya. Cross-Classification and Tabulation</summary>
  </tool>
  <dataIdInfo>
    <idCitation>
      <resTitle></resTitle>
    </idCitation>
    <idCredit>Conrad, O., Bechtel, B., Bock, M., Dietrich, H., Fischer, E., Gerlitz, L., Wehberg, J., Wichmann, V., and Boehner, J. (2015): System for Automated Geoscientific Analyses (SAGA) v. 2.1.4, Geosci. Model Dev., 8, 1991-2007, doi:10.5194/gmd-8-1991-2015. [SAGA - System for Automated Geoscientific Analyses - saga-gis.org] </idCredit>
    <searchKeys>
      <SAGA></SAGA>
    </searchKeys>
  </dataIdInfo>
</metadata>
