<?xml version="1.0" encoding="UTF-8"?>
<metadata xml:lang="en">
  <Esri>
    <CreaDate>20150910</CreaDate>
    <CreaTime>11550000</CreaTime>
    <ArcGISFormat>1.0</ArcGISFormat>
    <SyncOnce>TRUE</SyncOnce>
    <ArcGISProfile>ItemDescription</ArcGISProfile>
  </Esri>
  <tool name="tool_5" displayname="Destriping">
    <parameters>
      <param name="INPUT" displayname="Grid" type="Required" direction="Input">
        <dialogReference>&lt;p&gt;Grid&lt;/p&gt;&lt;p&gt;Grid, input&lt;/p&gt;</dialogReference>
      </param>
      <param name="MASK" displayname="Mask" type="Optional" direction="Input">
        <dialogReference>&lt;p&gt;Mask&lt;/p&gt;&lt;p&gt;Grid, input, optional&lt;/p&gt;&lt;p&gt;optional&lt;/p&gt;&lt;p&gt;Mask's no-data cells will be excluded from processing&lt;/p&gt;</dialogReference>
      </param>
      <param name="RESULT3" displayname="Destriped Grid" type="Required" direction="Output">
        <dialogReference>&lt;p&gt;Destriped Grid&lt;/p&gt;&lt;p&gt;Grid, output&lt;/p&gt;</dialogReference>
      </param>
      <param name="RESULT1" displayname="Low-pass 1" type="Optional" direction="Output">
        <dialogReference>&lt;p&gt;Low-pass 1&lt;/p&gt;&lt;p&gt;Grid, output, optional&lt;/p&gt;&lt;p&gt;optional&lt;/p&gt;&lt;p&gt;Step 1: low-pass of stripe&lt;/p&gt;</dialogReference>
      </param>
      <param name="RESULT2" displayname="Low-pass 2" type="Optional" direction="Output">
        <dialogReference>&lt;p&gt;Low-pass 2&lt;/p&gt;&lt;p&gt;Grid, output, optional&lt;/p&gt;&lt;p&gt;optional&lt;/p&gt;&lt;p&gt;Step 2: low-pass between stripe and its surroundings&lt;/p&gt;</dialogReference>
      </param>
      <param name="STRIPES" displayname="Stripes" type="Optional" direction="Output">
        <dialogReference>&lt;p&gt;Stripes&lt;/p&gt;&lt;p&gt;Grid, output, optional&lt;/p&gt;&lt;p&gt;optional&lt;/p&gt;&lt;p&gt;The difference between destriped and original grid&lt;/p&gt;</dialogReference>
      </param>
      <param name="ANG" displayname="Angle" type="Optional" direction="Output">
        <dialogReference>&lt;p&gt;Angle&lt;/p&gt;&lt;p&gt;Floating point&lt;/p&gt;&lt;p&gt;Default: 0.000000&lt;/p&gt;&lt;p&gt;[Degree], 0 = horizontal, 90 = vertical&lt;/p&gt;</dialogReference>
      </param>
      <param name="R" displayname="Radius" type="Optional" direction="Output">
        <dialogReference>&lt;p&gt;Radius&lt;/p&gt;&lt;p&gt;Floating point&lt;/p&gt;&lt;p&gt;Minimum: 1.000000&lt;/p&gt;&lt;p&gt;Default: 20.000000&lt;/p&gt;&lt;p&gt;[Cells]&lt;/p&gt;</dialogReference>
      </param>
      <param name="D" displayname="Stripes Distance" type="Optional" direction="Output">
        <dialogReference>&lt;p&gt;Stripes Distance&lt;/p&gt;&lt;p&gt;Floating point&lt;/p&gt;&lt;p&gt;Minimum: 2.000000&lt;/p&gt;&lt;p&gt;Default: 2.000000&lt;/p&gt;&lt;p&gt;[Cells]&lt;/p&gt;</dialogReference>
      </param>
    </parameters>
    <summary>Destriping filter removes straight parallel stripes in raster data. It uses two low-pass filters elongated in the stripes direction; the first one is 1 pixel unit wide while the second one is wide as the striping wavelength. Their difference is the striping error which is removed from the original data to obtain the destriped DEM. This method is equivalent to that proposed by Oimoen (2000). </summary>
  </tool>
  <dataIdInfo>
    <idCitation>
      <resTitle>Alessandro Perego</resTitle>
    </idCitation>
    <idCredit>Conrad, O., Bechtel, B., Bock, M., Dietrich, H., Fischer, E., Gerlitz, L., Wehberg, J., Wichmann, V., and Boehner, J. (2015): System for Automated Geoscientific Analyses (SAGA) v. 2.1.4, Geosci. Model Dev., 8, 1991-2007, doi:10.5194/gmd-8-1991-2015. [SAGA - System for Automated Geoscientific Analyses - saga-gis.org] </idCredit>
    <searchKeys>
      <SAGA></SAGA>
    </searchKeys>
  </dataIdInfo>
</metadata>
