<?xml version="1.0" encoding="UTF-8"?>
<metadata xml:lang="en">
  <Esri>
    <CreaDate>20150910</CreaDate>
    <CreaTime>11550000</CreaTime>
    <ArcGISFormat>1.0</ArcGISFormat>
    <SyncOnce>TRUE</SyncOnce>
    <ArcGISProfile>ItemDescription</ArcGISProfile>
  </Esri>
  <tool name="tool_1" displayname="Grid Calculator">
    <parameters>
      <param name="RESAMPLING" displayname="Resampling" type="Optional" direction="Output">
        <dialogReference>&lt;p&gt;Resampling&lt;/p&gt;&lt;p&gt;Choice&lt;/p&gt;&lt;p&gt;Available Choices:&lt;/p&gt;&lt;p&gt;[0] Nearest Neighbour&lt;/p&gt;&lt;p&gt;[1] Bilinear Interpolation&lt;/p&gt;&lt;p&gt;[2] Bicubic Spline Interpolation&lt;/p&gt;&lt;p&gt;[3] B-Spline Interpolation&lt;/p&gt;&lt;p&gt;Default: 3&lt;/p&gt;</dialogReference>
      </param>
      <param name="FORMULA" displayname="Formula" type="Optional" direction="Output">
        <dialogReference>&lt;p&gt;Formula&lt;/p&gt;&lt;p&gt;Text&lt;/p&gt;&lt;p&gt;Default: (g1 - g2) / (g1 + g2)&lt;/p&gt;</dialogReference>
      </param>
      <param name="NAME" displayname="Name" type="Optional" direction="Output">
        <dialogReference>&lt;p&gt;Name&lt;/p&gt;&lt;p&gt;Text&lt;/p&gt;&lt;p&gt;Default: Calculation&lt;/p&gt;</dialogReference>
      </param>
      <param name="FNAME" displayname="Take Formula" type="Optional" direction="Output">
        <dialogReference>&lt;p&gt;Take Formula&lt;/p&gt;&lt;p&gt;Boolean&lt;/p&gt;&lt;p&gt;Default: 0&lt;/p&gt;</dialogReference>
      </param>
      <param name="USE_NODATA" displayname="Use No-Data" type="Optional" direction="Output">
        <dialogReference>&lt;p&gt;Use No-Data&lt;/p&gt;&lt;p&gt;Boolean&lt;/p&gt;&lt;p&gt;Default: 0&lt;/p&gt;&lt;p&gt;Check this in order to include no-data cells in the calculation.&lt;/p&gt;</dialogReference>
      </param>
      <param name="TYPE" displayname="Data Type" type="Optional" direction="Output">
        <dialogReference>&lt;p&gt;Data Type&lt;/p&gt;&lt;p&gt;Choice&lt;/p&gt;&lt;p&gt;Available Choices:&lt;/p&gt;&lt;p&gt;[0] bit&lt;/p&gt;&lt;p&gt;[1] unsigned 1 byte integer&lt;/p&gt;&lt;p&gt;[2] signed 1 byte integer&lt;/p&gt;&lt;p&gt;[3] unsigned 2 byte integer&lt;/p&gt;&lt;p&gt;[4] signed 2 byte integer&lt;/p&gt;&lt;p&gt;[5] unsigned 4 byte integer&lt;/p&gt;&lt;p&gt;[6] signed 4 byte integer&lt;/p&gt;&lt;p&gt;[7] 4 byte floating point number&lt;/p&gt;&lt;p&gt;[8] 8 byte floating point number&lt;/p&gt;&lt;p&gt;Default: 7&lt;/p&gt;</dialogReference>
      </param>
      <param name="GRIDS" displayname="Grids" type="Optional" direction="Input">
        <dialogReference>&lt;p&gt;Grids&lt;/p&gt;&lt;p&gt;Grid list, input, optional&lt;/p&gt;&lt;p&gt;optional&lt;/p&gt;&lt;p&gt;in the formula these grids are addressed in order of the list as 'g1, g2, g3, ...'&lt;/p&gt;</dialogReference>
      </param>
      <param name="XGRIDS" displayname="Grids from different Systems" type="Optional" direction="Input">
        <dialogReference>&lt;p&gt;Grids from different Systems&lt;/p&gt;&lt;p&gt;Grid list, input, optional&lt;/p&gt;&lt;p&gt;optional&lt;/p&gt;&lt;p&gt;in the formula these grids are addressed in order of the list as 'h1, h2, h3, ...'&lt;/p&gt;</dialogReference>
      </param>
      <param name="RESULT" displayname="Result" type="Required" direction="Output">
        <dialogReference>&lt;p&gt;Result&lt;/p&gt;&lt;p&gt;Grid, output&lt;/p&gt;</dialogReference>
      </param>
    </parameters>
    <summary>The Grid Calculator calculates a new grid based on existing grids and a mathematical formula. The grid variables in the formula begin with the letter 'g' followed by a position index, which corresponds to the order of the grids in the input grid list (i.e.: g1, g2, g3, ... correspond to the first, second, third, ... grid in list). Grids from other systems than the default one can be addressed likewise using the letter 'h' (h1, h2, h3, ...), which correspond to the 'Grids from different Systems' list.

Example:	 sin(g1) * g2 + 2 * h1

The following operators are available for the formula definition:
&lt;table border="0"&gt;&lt;tr&gt;&lt;td&gt;&lt;b&gt;+&lt;/b&gt;&lt;/td&gt;&lt;td&gt;Addition&lt;/td&gt;&lt;/tr&gt;&lt;tr&gt;&lt;td&gt;&lt;b&gt;-&lt;/b&gt;&lt;/td&gt;&lt;td&gt;Subtraction&lt;/td&gt;&lt;/tr&gt;&lt;tr&gt;&lt;td&gt;&lt;b&gt;*&lt;/b&gt;&lt;/td&gt;&lt;td&gt;Multiplication&lt;/td&gt;&lt;/tr&gt;&lt;tr&gt;&lt;td&gt;&lt;b&gt;/&lt;/b&gt;&lt;/td&gt;&lt;td&gt;Division&lt;/td&gt;&lt;/tr&gt;&lt;tr&gt;&lt;td&gt;&lt;b&gt;abs(x)&lt;/b&gt;&lt;/td&gt;&lt;td&gt;Absolute Value&lt;/td&gt;&lt;/tr&gt;&lt;tr&gt;&lt;td&gt;&lt;b&gt;mod(x, y)&lt;/b&gt;&lt;/td&gt;&lt;td&gt;Returns the floating point remainder of x/y&lt;/td&gt;&lt;/tr&gt;&lt;tr&gt;&lt;td&gt;&lt;b&gt;int(x)&lt;/b&gt;&lt;/td&gt;&lt;td&gt;Returns the integer part of floating point value x&lt;/td&gt;&lt;/tr&gt;&lt;tr&gt;&lt;td&gt;&lt;b&gt;sqr(x)&lt;/b&gt;&lt;/td&gt;&lt;td&gt;Square&lt;/td&gt;&lt;/tr&gt;&lt;tr&gt;&lt;td&gt;&lt;b&gt;sqrt(x)&lt;/b&gt;&lt;/td&gt;&lt;td&gt;Square Root&lt;/td&gt;&lt;/tr&gt;&lt;tr&gt;&lt;td&gt;&lt;b&gt;exp(x)&lt;/b&gt;&lt;/td&gt;&lt;td&gt;Exponential&lt;/td&gt;&lt;/tr&gt;&lt;tr&gt;&lt;td&gt;&lt;b&gt;pow(x, y)&lt;/b&gt;&lt;/td&gt;&lt;td&gt;Returns x raised to the power of y&lt;/td&gt;&lt;/tr&gt;&lt;tr&gt;&lt;td&gt;&lt;b&gt;x ^ y&lt;/b&gt;&lt;/td&gt;&lt;td&gt;Returns x raised to the power of y&lt;/td&gt;&lt;/tr&gt;&lt;tr&gt;&lt;td&gt;&lt;b&gt;ln(x)&lt;/b&gt;&lt;/td&gt;&lt;td&gt;Natural Logarithm&lt;/td&gt;&lt;/tr&gt;&lt;tr&gt;&lt;td&gt;&lt;b&gt;log(x)&lt;/b&gt;&lt;/td&gt;&lt;td&gt;Base 10 Logarithm&lt;/td&gt;&lt;/tr&gt;&lt;tr&gt;&lt;td&gt;&lt;b&gt;pi()&lt;/b&gt;&lt;/td&gt;&lt;td&gt;Returns the value of Pi&lt;/td&gt;&lt;/tr&gt;&lt;tr&gt;&lt;td&gt;&lt;b&gt;sin(x)&lt;/b&gt;&lt;/td&gt;&lt;td&gt;Sine&lt;/td&gt;&lt;/tr&gt;&lt;tr&gt;&lt;td&gt;&lt;b&gt;cos(x)&lt;/b&gt;&lt;/td&gt;&lt;td&gt;Cosine&lt;/td&gt;&lt;/tr&gt;&lt;tr&gt;&lt;td&gt;&lt;b&gt;tan(x)&lt;/b&gt;&lt;/td&gt;&lt;td&gt;Tangent&lt;/td&gt;&lt;/tr&gt;&lt;tr&gt;&lt;td&gt;&lt;b&gt;asin(x)&lt;/b&gt;&lt;/td&gt;&lt;td&gt;Arcsine&lt;/td&gt;&lt;/tr&gt;&lt;tr&gt;&lt;td&gt;&lt;b&gt;acos(x)&lt;/b&gt;&lt;/td&gt;&lt;td&gt;Arccosine&lt;/td&gt;&lt;/tr&gt;&lt;tr&gt;&lt;td&gt;&lt;b&gt;atan(x)&lt;/b&gt;&lt;/td&gt;&lt;td&gt;Arctangent&lt;/td&gt;&lt;/tr&gt;&lt;tr&gt;&lt;td&gt;&lt;b&gt;atan2(x, y)&lt;/b&gt;&lt;/td&gt;&lt;td&gt;Arctangent of x/y&lt;/td&gt;&lt;/tr&gt;&lt;tr&gt;&lt;td&gt;&lt;b&gt;min(x, y)&lt;/b&gt;&lt;/td&gt;&lt;td&gt;Returns the minimum of values x and y&lt;/td&gt;&lt;/tr&gt;&lt;tr&gt;&lt;td&gt;&lt;b&gt;max(x, y)&lt;/b&gt;&lt;/td&gt;&lt;td&gt;Returns the maximum of values x and y&lt;/td&gt;&lt;/tr&gt;&lt;tr&gt;&lt;td&gt;&lt;b&gt;gt(x, y)&lt;/b&gt;&lt;/td&gt;&lt;td&gt;Returns true (1), if x is greater than y, else false (0)&lt;/td&gt;&lt;/tr&gt;&lt;tr&gt;&lt;td&gt;&lt;b&gt;x &gt; y&lt;/b&gt;&lt;/td&gt;&lt;td&gt;Returns true (1), if x is greater than y, else false (0)&lt;/td&gt;&lt;/tr&gt;&lt;tr&gt;&lt;td&gt;&lt;b&gt;lt(x, y)&lt;/b&gt;&lt;/td&gt;&lt;td&gt;Returns true (1), if x is less than y, else false (0)&lt;/td&gt;&lt;/tr&gt;&lt;tr&gt;&lt;td&gt;&lt;b&gt;x &lt; y&lt;/b&gt;&lt;/td&gt;&lt;td&gt;Returns true (1), if x is less than y, else false (0)&lt;/td&gt;&lt;/tr&gt;&lt;tr&gt;&lt;td&gt;&lt;b&gt;eq(x, y)&lt;/b&gt;&lt;/td&gt;&lt;td&gt;Returns true (1), if x equals y, else false (0)&lt;/td&gt;&lt;/tr&gt;&lt;tr&gt;&lt;td&gt;&lt;b&gt;x = y&lt;/b&gt;&lt;/td&gt;&lt;td&gt;Returns true (1), if x equals y, else false (0)&lt;/td&gt;&lt;/tr&gt;&lt;tr&gt;&lt;td&gt;&lt;b&gt;and(x, y)&lt;/b&gt;&lt;/td&gt;&lt;td&gt;Returns true (1), if both x and y are true (i.e. not 0)&lt;/td&gt;&lt;/tr&gt;&lt;tr&gt;&lt;td&gt;&lt;b&gt;or(x, y)&lt;/b&gt;&lt;/td&gt;&lt;td&gt;Returns true (1), if at least one of both x and y is true (i.e. not 0)&lt;/td&gt;&lt;/tr&gt;&lt;tr&gt;&lt;td&gt;&lt;b&gt;ifelse(c, x, y)&lt;/b&gt;&lt;/td&gt;&lt;td&gt;Returns x, if condition c is true (i.e. not 0), else y&lt;/td&gt;&lt;/tr&gt;&lt;tr&gt;&lt;td&gt;&lt;b&gt;rand_u(x, y)&lt;/b&gt;&lt;/td&gt;&lt;td&gt;Random number, uniform distribution with minimum x and maximum y&lt;/td&gt;&lt;/tr&gt;&lt;tr&gt;&lt;td&gt;&lt;b&gt;rand_g(x, y)&lt;/b&gt;&lt;/td&gt;&lt;td&gt;Random number, Gaussian distribution with mean x and standard deviation y&lt;/td&gt;&lt;/tr&gt;&lt;tr&gt;&lt;td&gt;&lt;b&gt;xpos(), ypos()&lt;/b&gt;&lt;/td&gt;&lt;td&gt;Get the x/y coordinates for the current cell&lt;/td&gt;&lt;/tr&gt;&lt;tr&gt;&lt;td&gt;&lt;b&gt;col(), row()&lt;/b&gt;&lt;/td&gt;&lt;td&gt;Get the current cell's column/row index&lt;/td&gt;&lt;/tr&gt;&lt;tr&gt;&lt;td&gt;&lt;b&gt;ncols(), nrows()&lt;/b&gt;&lt;/td&gt;&lt;td&gt;Get the number of columns/rows&lt;/td&gt;&lt;/tr&gt;&lt;tr&gt;&lt;td&gt;&lt;b&gt;nodata()&lt;/b&gt;&lt;/td&gt;&lt;td&gt;Returns resulting grid's no-data value&lt;/td&gt;&lt;/tr&gt;&lt;/table&gt;</summary>
  </tool>
  <dataIdInfo>
    <idCitation>
      <resTitle>O.Conrad (c) 2017, A.Ringeler (c) 2003</resTitle>
    </idCitation>
    <idCredit>Conrad, O., Bechtel, B., Bock, M., Dietrich, H., Fischer, E., Gerlitz, L., Wehberg, J., Wichmann, V., and Boehner, J. (2015): System for Automated Geoscientific Analyses (SAGA) v. 2.1.4, Geosci. Model Dev., 8, 1991-2007, doi:10.5194/gmd-8-1991-2015. [SAGA - System for Automated Geoscientific Analyses - saga-gis.org] </idCredit>
    <searchKeys>
      <SAGA></SAGA>
    </searchKeys>
  </dataIdInfo>
</metadata>
