<?xml version="1.0" encoding="UTF-8"?>
<metadata xml:lang="en">
  <Esri>
    <CreaDate>20150910</CreaDate>
    <CreaTime>11550000</CreaTime>
    <ArcGISFormat>1.0</ArcGISFormat>
    <SyncOnce>TRUE</SyncOnce>
    <ArcGISProfile>ItemDescription</ArcGISProfile>
  </Esri>
  <tool name="tool_10" displayname="Grid Proximity Buffer">
    <parameters>
      <param name="SOURCE" displayname="Source Grid" type="Required" direction="Input">
        <dialogReference>&lt;p&gt;Source Grid&lt;/p&gt;&lt;p&gt;Grid, input&lt;/p&gt;&lt;p&gt;Grid with features to be buffered [Category/NoData]&lt;/p&gt;</dialogReference>
      </param>
      <param name="DISTANCE" displayname="Distance Grid" type="Required" direction="Output">
        <dialogReference>&lt;p&gt;Distance Grid&lt;/p&gt;&lt;p&gt;Grid, output&lt;/p&gt;&lt;p&gt;Grid with euclidian distance to nearest source cell [grid units]&lt;/p&gt;</dialogReference>
      </param>
      <param name="ALLOC" displayname="Allocation Grid" type="Required" direction="Output">
        <dialogReference>&lt;p&gt;Allocation Grid&lt;/p&gt;&lt;p&gt;Grid, output&lt;/p&gt;&lt;p&gt;Grid with category of nearest source cell [Category]&lt;/p&gt;</dialogReference>
      </param>
      <param name="BUFFER" displayname="Buffer Grid" type="Required" direction="Output">
        <dialogReference>&lt;p&gt;Buffer Grid&lt;/p&gt;&lt;p&gt;Grid, output&lt;/p&gt;&lt;p&gt;Reclassification of distance grid to buffer zones with a width equal to the equidistance value.&lt;/p&gt;</dialogReference>
      </param>
      <param name="DIST" displayname="Buffer distance" type="Optional" direction="Output">
        <dialogReference>&lt;p&gt;Buffer distance&lt;/p&gt;&lt;p&gt;Floating point&lt;/p&gt;&lt;p&gt;Default: 500.000000&lt;/p&gt;&lt;p&gt;Buffer distance (grid units).&lt;/p&gt;</dialogReference>
      </param>
      <param name="IVAL" displayname="Equidistance" type="Optional" direction="Output">
        <dialogReference>&lt;p&gt;Equidistance&lt;/p&gt;&lt;p&gt;Integer&lt;/p&gt;&lt;p&gt;Default: 100&lt;/p&gt;&lt;p&gt;Reclassify buffer distance to intervals of euqidistance ...&lt;/p&gt;</dialogReference>
      </param>
    </parameters>
    <summary>This tool calculates the euclidian distance within a buffer distance from all NoData cells to the nearest valid neighbour in a source grid. Additionally, the source cells define the zones that will be used in the euclidean allocation calculations. Cell values in the source grid are treated as IDs (integer) and used in the allocation grid to identify the grid value of the closest source cell. If a cell is at an equal distance to two or more sources, the cell is assigned to the source that is first encountered in the tools scanning process. The buffer grid is a reclassification of the distance grid using a user specified equidistance to create a set of discrete distance buffers from source features. The buffer zones are coded with the maximum distance value of the corresponding buffer interval. The output value type for the distance grid is floating-point. The output values for the allocation and buffer grid are of type integer. The duration of tool execution is dependent on the number of source cells and the buffer distance.</summary>
  </tool>
  <dataIdInfo>
    <idCitation>
      <resTitle>Copyrights (c) 2006 by Volker Wichmann</resTitle>
    </idCitation>
    <idCredit>Conrad, O., Bechtel, B., Bock, M., Dietrich, H., Fischer, E., Gerlitz, L., Wehberg, J., Wichmann, V., and Boehner, J. (2015): System for Automated Geoscientific Analyses (SAGA) v. 2.1.4, Geosci. Model Dev., 8, 1991-2007, doi:10.5194/gmd-8-1991-2015. [SAGA - System for Automated Geoscientific Analyses - saga-gis.org] </idCredit>
    <searchKeys>
      <SAGA></SAGA>
    </searchKeys>
  </dataIdInfo>
</metadata>
