<?xml version="1.0" encoding="UTF-8"?>
<metadata xml:lang="en">
  <Esri>
    <CreaDate>20150910</CreaDate>
    <CreaTime>11550000</CreaTime>
    <ArcGISFormat>1.0</ArcGISFormat>
    <SyncOnce>TRUE</SyncOnce>
    <ArcGISProfile>ItemDescription</ArcGISProfile>
  </Esri>
  <tool name="tool_17" displayname="Wombling for Multiple Features (Edge Detection)">
    <parameters>
      <param name="TMAGNITUDE" displayname="Minimum Magnitude" type="Optional" direction="Output">
        <dialogReference>&lt;p&gt;Minimum Magnitude&lt;/p&gt;&lt;p&gt;Floating point&lt;/p&gt;&lt;p&gt;Minimum: 0.000000&lt;/p&gt;&lt;p&gt;Maximum: 100.000000&lt;/p&gt;&lt;p&gt;Default: 90.000000&lt;/p&gt;&lt;p&gt;Minimum magnitude as percentile.&lt;/p&gt;</dialogReference>
      </param>
      <param name="TDIRECTION" displayname="Maximum Angle" type="Optional" direction="Output">
        <dialogReference>&lt;p&gt;Maximum Angle&lt;/p&gt;&lt;p&gt;Floating point&lt;/p&gt;&lt;p&gt;Minimum: 0.000000&lt;/p&gt;&lt;p&gt;Maximum: 180.000000&lt;/p&gt;&lt;p&gt;Default: 30.000000&lt;/p&gt;&lt;p&gt;Maximum angular difference as degree between adjacent segment points.&lt;/p&gt;</dialogReference>
      </param>
      <param name="TNEIGHBOUR" displayname="Minimum Neighbours" type="Optional" direction="Output">
        <dialogReference>&lt;p&gt;Minimum Neighbours&lt;/p&gt;&lt;p&gt;Integer&lt;/p&gt;&lt;p&gt;Minimum: 0&lt;/p&gt;&lt;p&gt;Default: 1&lt;/p&gt;&lt;p&gt;Minimum number of neighbouring potential edge cells with similar direction.&lt;/p&gt;</dialogReference>
      </param>
      <param name="ALIGNMENT" displayname="Alignment" type="Optional" direction="Output">
        <dialogReference>&lt;p&gt;Alignment&lt;/p&gt;&lt;p&gt;Choice&lt;/p&gt;&lt;p&gt;Available Choices:&lt;/p&gt;&lt;p&gt;[0] between cells&lt;/p&gt;&lt;p&gt;[1] on cell&lt;/p&gt;&lt;p&gt;Default: 1&lt;/p&gt;</dialogReference>
      </param>
      <param name="NEIGHBOUR" displayname="Edge Connectivity" type="Optional" direction="Output">
        <dialogReference>&lt;p&gt;Edge Connectivity&lt;/p&gt;&lt;p&gt;Choice&lt;/p&gt;&lt;p&gt;Available Choices:&lt;/p&gt;&lt;p&gt;[0] Rooke's case&lt;/p&gt;&lt;p&gt;[1] Queen's case&lt;/p&gt;&lt;p&gt;Default: 1&lt;/p&gt;</dialogReference>
      </param>
      <param name="FEATURES" displayname="Features" type="Required" direction="Input">
        <dialogReference>&lt;p&gt;Features&lt;/p&gt;&lt;p&gt;Grid list, input&lt;/p&gt;</dialogReference>
      </param>
      <param name="EDGE_CELLS" displayname="Edges" type="Required" direction="Output">
        <dialogReference>&lt;p&gt;Edges&lt;/p&gt;&lt;p&gt;Grid list, output&lt;/p&gt;</dialogReference>
      </param>
      <param name="OUTPUT_ADD" displayname="Additional Output" type="Optional" direction="Output">
        <dialogReference>&lt;p&gt;Additional Output&lt;/p&gt;&lt;p&gt;Choice&lt;/p&gt;&lt;p&gt;Available Choices:&lt;/p&gt;&lt;p&gt;[0] none&lt;/p&gt;&lt;p&gt;[1] gradients&lt;/p&gt;&lt;p&gt;[2] edge cells&lt;/p&gt;&lt;p&gt;Default: 0&lt;/p&gt;</dialogReference>
      </param>
      <param name="OUTPUT" displayname="Output" type="Optional" direction="Output">
        <dialogReference>&lt;p&gt;Output&lt;/p&gt;&lt;p&gt;Grid list, output, optional&lt;/p&gt;&lt;p&gt;optional&lt;/p&gt;</dialogReference>
      </param>
      <param name="ZERO_AS_NODATA" displayname="Zero as No-Data" type="Optional" direction="Output">
        <dialogReference>&lt;p&gt;Zero as No-Data&lt;/p&gt;&lt;p&gt;Boolean&lt;/p&gt;&lt;p&gt;Default: 1&lt;/p&gt;</dialogReference>
      </param>
    </parameters>
    <summary>Continuous Wombling for edge detection. Uses magnitude of gradient to detect edges between adjacent cells. Edge segments connect such edges, when the difference of their gradient directions is below given threshold.</summary>
  </tool>
  <dataIdInfo>
    <idCitation>
      <resTitle>O.Conrad (c) 2015</resTitle>
    </idCitation>
    <idCredit>Conrad, O., Bechtel, B., Bock, M., Dietrich, H., Fischer, E., Gerlitz, L., Wehberg, J., Wichmann, V., and Boehner, J. (2015): System for Automated Geoscientific Analyses (SAGA) v. 2.1.4, Geosci. Model Dev., 8, 1991-2007, doi:10.5194/gmd-8-1991-2015. [SAGA - System for Automated Geoscientific Analyses - saga-gis.org] </idCredit>
    <searchKeys>
      <SAGA></SAGA>
    </searchKeys>
  </dataIdInfo>
</metadata>
