<?xml version="1.0" encoding="UTF-8"?>
<metadata xml:lang="en">
  <Esri>
    <CreaDate>20150910</CreaDate>
    <CreaTime>11550000</CreaTime>
    <ArcGISFormat>1.0</ArcGISFormat>
    <SyncOnce>TRUE</SyncOnce>
    <ArcGISProfile>ItemDescription</ArcGISProfile>
  </Esri>
  <tool name="tool_26" displayname="Iterative Truncation">
    <parameters>
      <param name="INPUT" displayname="Input" type="Required" direction="Input">
        <dialogReference>&lt;p&gt;Input&lt;/p&gt;&lt;p&gt;Grid, input&lt;/p&gt;&lt;p&gt;Grid to analyse.&lt;/p&gt;</dialogReference>
      </param>
      <param name="REMOVED" displayname="Removed Cells" type="Required" direction="Output">
        <dialogReference>&lt;p&gt;Removed Cells&lt;/p&gt;&lt;p&gt;Grid, output&lt;/p&gt;&lt;p&gt;Output grid showing the removed cells (1/NoData).&lt;/p&gt;</dialogReference>
      </param>
      <param name="OUTPUT" displayname="Output" type="Optional" direction="Output">
        <dialogReference>&lt;p&gt;Output&lt;/p&gt;&lt;p&gt;Grid, output, optional&lt;/p&gt;&lt;p&gt;optional&lt;/p&gt;&lt;p&gt;The modified input grid.&lt;/p&gt;</dialogReference>
      </param>
      <param name="TARGET" displayname="Target Average" type="Optional" direction="Output">
        <dialogReference>&lt;p&gt;Target Average&lt;/p&gt;&lt;p&gt;Floating point&lt;/p&gt;&lt;p&gt;Default: 100.000000&lt;/p&gt;&lt;p&gt;The target average.&lt;/p&gt;</dialogReference>
      </param>
      <param name="METHOD" displayname="Method" type="Optional" direction="Output">
        <dialogReference>&lt;p&gt;Method&lt;/p&gt;&lt;p&gt;Choice&lt;/p&gt;&lt;p&gt;Available Choices:&lt;/p&gt;&lt;p&gt;[0] remove cell values&lt;/p&gt;&lt;p&gt;[1] replace cell values&lt;/p&gt;&lt;p&gt;Default: 0&lt;/p&gt;&lt;p&gt;Choose a mode of operation.&lt;/p&gt;</dialogReference>
      </param>
      <param name="SUBSTITUTE" displayname="Substitute Value" type="Optional" direction="Output">
        <dialogReference>&lt;p&gt;Substitute Value&lt;/p&gt;&lt;p&gt;Floating point&lt;/p&gt;&lt;p&gt;Default: 0.000000&lt;/p&gt;&lt;p&gt;The value with which the removed cell values are replaced.&lt;/p&gt;</dialogReference>
      </param>
    </parameters>
    <summary>The tool allows one to perform an iterative truncation to a target average. This operation iteratively removes the highest values from the input grid until the average of all grid values matches the user-specified target average. Instead of simply removing the highest cell values, these values can also be replaced by a substitute value.
An example application is surface soil cleanup, where the highest soil contaminant concentrations are removed until targeted post-remediation concentrations are reached. In this case, the substitute value would be set to the concentration of clean fill.

</summary>
  </tool>
  <dataIdInfo>
    <idCitation>
      <resTitle>V. Wichmann (c) 2020</resTitle>
    </idCitation>
    <idCredit>Conrad, O., Bechtel, B., Bock, M., Dietrich, H., Fischer, E., Gerlitz, L., Wehberg, J., Wichmann, V., and Boehner, J. (2015): System for Automated Geoscientific Analyses (SAGA) v. 2.1.4, Geosci. Model Dev., 8, 1991-2007, doi:10.5194/gmd-8-1991-2015. [SAGA - System for Automated Geoscientific Analyses - saga-gis.org] </idCredit>
    <searchKeys>
      <SAGA></SAGA>
    </searchKeys>
  </dataIdInfo>
</metadata>
