<?xml version="1.0" encoding="UTF-8"?>
<metadata xml:lang="en">
  <Esri>
    <CreaDate>20150910</CreaDate>
    <CreaTime>11550000</CreaTime>
    <ArcGISFormat>1.0</ArcGISFormat>
    <SyncOnce>TRUE</SyncOnce>
    <ArcGISProfile>ItemDescription</ArcGISProfile>
  </Esri>
  <tool name="tool_5" displayname="Geometric Figures">
    <parameters>
      <param name="RESULT" displayname="Result" type="Optional" direction="Output">
        <dialogReference>&lt;p&gt;Result&lt;/p&gt;&lt;p&gt;Grid list, output, optional&lt;/p&gt;&lt;p&gt;optional&lt;/p&gt;</dialogReference>
      </param>
      <param name="CELL_COUNT" displayname="Cell Count" type="Optional" direction="Output">
        <dialogReference>&lt;p&gt;Cell Count&lt;/p&gt;&lt;p&gt;Integer&lt;/p&gt;&lt;p&gt;Minimum: 2&lt;/p&gt;&lt;p&gt;Default: 100&lt;/p&gt;</dialogReference>
      </param>
      <param name="CELL_SIZE" displayname="Cell Size" type="Optional" direction="Output">
        <dialogReference>&lt;p&gt;Cell Size&lt;/p&gt;&lt;p&gt;Floating point&lt;/p&gt;&lt;p&gt;Minimum: 0.000000&lt;/p&gt;&lt;p&gt;Default: 1.000000&lt;/p&gt;</dialogReference>
      </param>
      <param name="FIGURE" displayname="Figure" type="Optional" direction="Output">
        <dialogReference>&lt;p&gt;Figure&lt;/p&gt;&lt;p&gt;Choice&lt;/p&gt;&lt;p&gt;Available Choices:&lt;/p&gt;&lt;p&gt;[0] Cone (up)&lt;/p&gt;&lt;p&gt;[1] Cone (down)&lt;/p&gt;&lt;p&gt;[2] Plane&lt;/p&gt;&lt;p&gt;Default: 0&lt;/p&gt;</dialogReference>
      </param>
      <param name="PLANE" displayname="Direction of Plane [Degree]" type="Optional" direction="Output">
        <dialogReference>&lt;p&gt;Direction of Plane [Degree]&lt;/p&gt;&lt;p&gt;Floating point&lt;/p&gt;&lt;p&gt;Default: 22.500000&lt;/p&gt;</dialogReference>
      </param>
    </parameters>
    <summary>Construct grids from geometric figures (planes, cones).
(c) 2001 by Olaf Conrad, Goettingen
email: oconrad@gwdg.de</summary>
  </tool>
  <dataIdInfo>
    <idCitation>
      <resTitle>(c) 2001 by O.Conrad</resTitle>
    </idCitation>
    <idCredit>Conrad, O., Bechtel, B., Bock, M., Dietrich, H., Fischer, E., Gerlitz, L., Wehberg, J., Wichmann, V., and Boehner, J. (2015): System for Automated Geoscientific Analyses (SAGA) v. 2.1.4, Geosci. Model Dev., 8, 1991-2007, doi:10.5194/gmd-8-1991-2015. [SAGA - System for Automated Geoscientific Analyses - saga-gis.org] </idCredit>
    <searchKeys>
      <SAGA></SAGA>
    </searchKeys>
  </dataIdInfo>
</metadata>
