<?xml version="1.0" encoding="UTF-8"?>
<metadata xml:lang="en">
  <Esri>
    <CreaDate>20150910</CreaDate>
    <CreaTime>11550000</CreaTime>
    <ArcGISFormat>1.0</ArcGISFormat>
    <SyncOnce>TRUE</SyncOnce>
    <ArcGISProfile>ItemDescription</ArcGISProfile>
  </Esri>
  <tool name="tool_4" displayname="Modifed Quadratic Shepard">
    <parameters>
      <param name="POINTS" displayname="Points" type="Required" direction="Input">
        <dialogReference>&lt;p&gt;Points&lt;/p&gt;&lt;p&gt;Shapes, input&lt;/p&gt;</dialogReference>
      </param>
      <param name="FIELD" displayname="Attribute" type="Optional" direction="Output">
        <dialogReference>&lt;p&gt;Attribute&lt;/p&gt;&lt;p&gt;Table field&lt;/p&gt;</dialogReference>
      </param>
      <param name="CV_METHOD" displayname="Cross Validation" type="Optional" direction="Output">
        <dialogReference>&lt;p&gt;Cross Validation&lt;/p&gt;&lt;p&gt;Choice&lt;/p&gt;&lt;p&gt;Available Choices:&lt;/p&gt;&lt;p&gt;[0] none&lt;/p&gt;&lt;p&gt;[1] leave one out&lt;/p&gt;&lt;p&gt;[2] 2-fold&lt;/p&gt;&lt;p&gt;[3] k-fold&lt;/p&gt;&lt;p&gt;Default: 0&lt;/p&gt;</dialogReference>
      </param>
      <param name="CV_SUMMARY" displayname="Cross Validation Summary" type="Optional" direction="Output">
        <dialogReference>&lt;p&gt;Cross Validation Summary&lt;/p&gt;&lt;p&gt;Table, output, optional&lt;/p&gt;&lt;p&gt;optional&lt;/p&gt;</dialogReference>
      </param>
      <param name="CV_RESIDUALS" displayname="Cross Validation Residuals" type="Optional" direction="Output">
        <dialogReference>&lt;p&gt;Cross Validation Residuals&lt;/p&gt;&lt;p&gt;Shapes, output, optional&lt;/p&gt;&lt;p&gt;optional&lt;/p&gt;</dialogReference>
      </param>
      <param name="CV_SAMPLES" displayname="Cross Validation Subsamples" type="Optional" direction="Output">
        <dialogReference>&lt;p&gt;Cross Validation Subsamples&lt;/p&gt;&lt;p&gt;Integer&lt;/p&gt;&lt;p&gt;Minimum: 2&lt;/p&gt;&lt;p&gt;Default: 10&lt;/p&gt;&lt;p&gt;number of subsamples for k-fold cross validation&lt;/p&gt;</dialogReference>
      </param>
      <param name="TARGET_USER_SIZE" displayname="Cellsize" type="Optional" direction="Output">
        <dialogReference>&lt;p&gt;Cellsize&lt;/p&gt;&lt;p&gt;Floating point&lt;/p&gt;&lt;p&gt;Minimum: 0.000000&lt;/p&gt;&lt;p&gt;Default: 1.000000&lt;/p&gt;</dialogReference>
      </param>
      <param name="TARGET_OUT_GRID" displayname="Target Grid" type="Required" direction="Output">
        <dialogReference>&lt;p&gt;Target Grid&lt;/p&gt;&lt;p&gt;Grid, output&lt;/p&gt;</dialogReference>
      </param>
      <param name="QUADRATIC_NEIGHBORS" displayname="Quadratic Neighbors" type="Optional" direction="Output">
        <dialogReference>&lt;p&gt;Quadratic Neighbors&lt;/p&gt;&lt;p&gt;Integer&lt;/p&gt;&lt;p&gt;Minimum: 5&lt;/p&gt;&lt;p&gt;Default: 13&lt;/p&gt;</dialogReference>
      </param>
      <param name="WEIGHTING_NEIGHBORS" displayname="Weighting Neighbors" type="Optional" direction="Output">
        <dialogReference>&lt;p&gt;Weighting Neighbors&lt;/p&gt;&lt;p&gt;Integer&lt;/p&gt;&lt;p&gt;Minimum: 3&lt;/p&gt;&lt;p&gt;Default: 19&lt;/p&gt;</dialogReference>
      </param>
    </parameters>
    <summary>Modified  Quadratic Shepard method for grid interpolation from irregular distributed points. This tool is based on Tool 660 in TOMS.
QSHEP2D: Fortran routines implementing the Quadratic Shepard method for bivariate interpolation of scattered data (see R. J. Renka, ACM TOMS 14 (1988) pp.149-150).
Classes: E2b. Interpolation of scattered, non-gridded multivariate data.</summary>
  </tool>
  <dataIdInfo>
    <idCitation>
      <resTitle>A.Ringeler (c) 2003</resTitle>
    </idCitation>
    <idCredit>Conrad, O., Bechtel, B., Bock, M., Dietrich, H., Fischer, E., Gerlitz, L., Wehberg, J., Wichmann, V., and Boehner, J. (2015): System for Automated Geoscientific Analyses (SAGA) v. 2.1.4, Geosci. Model Dev., 8, 1991-2007, doi:10.5194/gmd-8-1991-2015. [SAGA - System for Automated Geoscientific Analyses - saga-gis.org] </idCredit>
    <searchKeys>
      <SAGA></SAGA>
    </searchKeys>
  </dataIdInfo>
</metadata>
