<?xml version="1.0" encoding="UTF-8"?>
<metadata xml:lang="en">
  <Esri>
    <CreaDate>20150910</CreaDate>
    <CreaTime>11550000</CreaTime>
    <ArcGISFormat>1.0</ArcGISFormat>
    <SyncOnce>TRUE</SyncOnce>
    <ArcGISProfile>ItemDescription</ArcGISProfile>
  </Esri>
  <tool name="tool_5" displayname="Filter Clumps">
    <parameters>
      <param name="GRID" displayname="Input Grid" type="Required" direction="Input">
        <dialogReference>&lt;p&gt;Input Grid&lt;/p&gt;&lt;p&gt;Grid, input&lt;/p&gt;</dialogReference>
      </param>
      <param name="OUTPUT" displayname="Filtered Grid" type="Required" direction="Output">
        <dialogReference>&lt;p&gt;Filtered Grid&lt;/p&gt;&lt;p&gt;Grid, output&lt;/p&gt;</dialogReference>
      </param>
      <param name="THRESHOLD" displayname="Min. Size" type="Optional" direction="Output">
        <dialogReference>&lt;p&gt;Min. Size&lt;/p&gt;&lt;p&gt;Integer&lt;/p&gt;&lt;p&gt;Default: 10&lt;/p&gt;&lt;p&gt;Min. Size (Cells)&lt;/p&gt;</dialogReference>
      </param>
    </parameters>
    <summary>(c) 2004 by Victor Olaya. Filter Clumps</summary>
  </tool>
  <dataIdInfo>
    <idCitation>
      <resTitle></resTitle>
    </idCitation>
    <idCredit>Conrad, O., Bechtel, B., Bock, M., Dietrich, H., Fischer, E., Gerlitz, L., Wehberg, J., Wichmann, V., and Boehner, J. (2015): System for Automated Geoscientific Analyses (SAGA) v. 2.1.4, Geosci. Model Dev., 8, 1991-2007, doi:10.5194/gmd-8-1991-2015. [SAGA - System for Automated Geoscientific Analyses - saga-gis.org] </idCredit>
    <searchKeys>
      <SAGA></SAGA>
    </searchKeys>
  </dataIdInfo>
</metadata>
