<?xml version="1.0" encoding="UTF-8"?>
<metadata xml:lang="en">
  <Esri>
    <CreaDate>20150910</CreaDate>
    <CreaTime>11550000</CreaTime>
    <ArcGISFormat>1.0</ArcGISFormat>
    <SyncOnce>TRUE</SyncOnce>
    <ArcGISProfile>ItemDescription</ArcGISProfile>
  </Esri>
  <tool name="tool_6" displayname="Close One Cell Gaps">
    <parameters>
      <param name="INPUT" displayname="Grid" type="Required" direction="Input">
        <dialogReference>&lt;p&gt;Grid&lt;/p&gt;&lt;p&gt;Grid, input&lt;/p&gt;</dialogReference>
      </param>
      <param name="RESULT" displayname="Changed Grid" type="Optional" direction="Output">
        <dialogReference>&lt;p&gt;Changed Grid&lt;/p&gt;&lt;p&gt;Grid, output, optional&lt;/p&gt;&lt;p&gt;optional&lt;/p&gt;</dialogReference>
      </param>
      <param name="MODE" displayname="Neighbourhood" type="Optional" direction="Output">
        <dialogReference>&lt;p&gt;Neighbourhood&lt;/p&gt;&lt;p&gt;Choice&lt;/p&gt;&lt;p&gt;Available Choices:&lt;/p&gt;&lt;p&gt;[0] Neumann&lt;/p&gt;&lt;p&gt;[1] Moore&lt;/p&gt;&lt;p&gt;Default: 1&lt;/p&gt;&lt;p&gt;Neumann: the four horizontally and vertically neighboured cells; Moore: all eight adjacent cells&lt;/p&gt;</dialogReference>
      </param>
      <param name="METHOD" displayname="Value" type="Optional" direction="Output">
        <dialogReference>&lt;p&gt;Value&lt;/p&gt;&lt;p&gt;Choice&lt;/p&gt;&lt;p&gt;Available Choices:&lt;/p&gt;&lt;p&gt;[0] arithmetic mean&lt;/p&gt;&lt;p&gt;[1] median&lt;/p&gt;&lt;p&gt;[2] majority&lt;/p&gt;&lt;p&gt;[3] minority&lt;/p&gt;&lt;p&gt;Default: 0&lt;/p&gt;</dialogReference>
      </param>
    </parameters>
    <summary>Closes one cell gaps using the arithmetic mean, median, majority or minority value of the surrounding cell values. If the target is not set, the changes will be stored to the original grid. </summary>
  </tool>
  <dataIdInfo>
    <idCitation>
      <resTitle>O.Conrad (c) 2001</resTitle>
    </idCitation>
    <idCredit>Conrad, O., Bechtel, B., Bock, M., Dietrich, H., Fischer, E., Gerlitz, L., Wehberg, J., Wichmann, V., and Boehner, J. (2015): System for Automated Geoscientific Analyses (SAGA) v. 2.1.4, Geosci. Model Dev., 8, 1991-2007, doi:10.5194/gmd-8-1991-2015. [SAGA - System for Automated Geoscientific Analyses - saga-gis.org] </idCredit>
    <searchKeys>
      <SAGA></SAGA>
    </searchKeys>
  </dataIdInfo>
</metadata>
