<?xml version="1.0" encoding="UTF-8"?>
<metadata xml:lang="en">
  <Esri>
    <CreaDate>20150910</CreaDate>
    <CreaTime>11550000</CreaTime>
    <ArcGISFormat>1.0</ArcGISFormat>
    <SyncOnce>TRUE</SyncOnce>
    <ArcGISProfile>ItemDescription</ArcGISProfile>
  </Esri>
  <tool name="tool_13" displayname="Binary Erosion-Reconstruction">
    <parameters>
      <param name="INPUT_GRID" displayname="Input Grid" type="Required" direction="Input">
        <dialogReference>&lt;p&gt;Input Grid&lt;/p&gt;&lt;p&gt;Grid, input&lt;/p&gt;&lt;p&gt;Grid to be filtered&lt;/p&gt;</dialogReference>
      </param>
      <param name="OUTPUT_GRID" displayname="Output Grid" type="Required" direction="Output">
        <dialogReference>&lt;p&gt;Output Grid&lt;/p&gt;&lt;p&gt;Grid, output&lt;/p&gt;&lt;p&gt;Reconstruction result&lt;/p&gt;</dialogReference>
      </param>
      <param name="RADIUS" displayname="Filter Size (Radius)" type="Optional" direction="Output">
        <dialogReference>&lt;p&gt;Filter Size (Radius)&lt;/p&gt;&lt;p&gt;Integer&lt;/p&gt;&lt;p&gt;Default: 3&lt;/p&gt;&lt;p&gt;Filter size (radius in grid cells)&lt;/p&gt;</dialogReference>
      </param>
    </parameters>
    <summary>Common binary Opening does not guarantee, that foreground regions which outlast the erosion step are reconstructed to their original shape in the dilation step. Depending on the application, that might be considered as a deficiency. Therefore this tool provides a combination of erosion with the binary Geodesic Morphological Reconstruction, see 
L. Vincent (1993): Morphological Grayscale Reconstruction in Image Analysis: Applications and Efficient Algorithms. IEEE Transactions on Image Processing, Vol. 2, No 2
Here we use the algorithm on p. 194: Breadth-first Scanning.

The marker is defined as the eroded INPUT_GRID, whereas the mask is just the INPUT_GRID itself. OUTPUT_GRID is the reconstruction of the marker under the mask.
</summary>
  </tool>
  <dataIdInfo>
    <idCitation>
      <resTitle>HfT Stuttgart (c) 2013</resTitle>
    </idCitation>
    <idCredit>Conrad, O., Bechtel, B., Bock, M., Dietrich, H., Fischer, E., Gerlitz, L., Wehberg, J., Wichmann, V., and Boehner, J. (2015): System for Automated Geoscientific Analyses (SAGA) v. 2.1.4, Geosci. Model Dev., 8, 1991-2007, doi:10.5194/gmd-8-1991-2015. [SAGA - System for Automated Geoscientific Analyses - saga-gis.org] </idCredit>
    <searchKeys>
      <SAGA></SAGA>
    </searchKeys>
  </dataIdInfo>
</metadata>
