<?xml version="1.0" encoding="UTF-8"?>
<metadata xml:lang="en">
  <Esri>
    <CreaDate>20150910</CreaDate>
    <CreaTime>11550000</CreaTime>
    <ArcGISFormat>1.0</ArcGISFormat>
    <SyncOnce>TRUE</SyncOnce>
    <ArcGISProfile>ItemDescription</ArcGISProfile>
  </Esri>
  <tool name="tool_17" displayname="Soil Texture Classification for Tables">
    <parameters>
      <param name="TABLE" displayname="Table" type="Required" direction="Input">
        <dialogReference>&lt;p&gt;Table&lt;/p&gt;&lt;p&gt;Table, input&lt;/p&gt;</dialogReference>
      </param>
      <param name="SAND" displayname="Sand" type="Optional" direction="Output">
        <dialogReference>&lt;p&gt;Sand&lt;/p&gt;&lt;p&gt;Table field&lt;/p&gt;&lt;p&gt;optional&lt;/p&gt;&lt;p&gt;sand content given as percentage&lt;/p&gt;</dialogReference>
      </param>
      <param name="SILT" displayname="Silt" type="Optional" direction="Output">
        <dialogReference>&lt;p&gt;Silt&lt;/p&gt;&lt;p&gt;Table field&lt;/p&gt;&lt;p&gt;optional&lt;/p&gt;&lt;p&gt;silt content given as percentage&lt;/p&gt;</dialogReference>
      </param>
      <param name="CLAY" displayname="Clay" type="Optional" direction="Output">
        <dialogReference>&lt;p&gt;Clay&lt;/p&gt;&lt;p&gt;Table field&lt;/p&gt;&lt;p&gt;optional&lt;/p&gt;&lt;p&gt;clay content given as percentage&lt;/p&gt;</dialogReference>
      </param>
      <param name="TEXTURE" displayname="Texture" type="Optional" direction="Output">
        <dialogReference>&lt;p&gt;Texture&lt;/p&gt;&lt;p&gt;Table field&lt;/p&gt;&lt;p&gt;optional&lt;/p&gt;&lt;p&gt;soil texture&lt;/p&gt;</dialogReference>
      </param>
      <param name="SCHEME" displayname="Classification" type="Optional" direction="Output">
        <dialogReference>&lt;p&gt;Classification&lt;/p&gt;&lt;p&gt;Choice&lt;/p&gt;&lt;p&gt;Available Choices:&lt;/p&gt;&lt;p&gt;[0] USDA&lt;/p&gt;&lt;p&gt;[1] Germany KA5&lt;/p&gt;&lt;p&gt;[2] Belgium/France&lt;/p&gt;&lt;p&gt;[3] user defined&lt;/p&gt;&lt;p&gt;Default: 0&lt;/p&gt;</dialogReference>
      </param>
      <param name="COLORS" displayname="Default Colour Scheme" type="Optional" direction="Output">
        <dialogReference>&lt;p&gt;Default Colour Scheme&lt;/p&gt;&lt;p&gt;Choice&lt;/p&gt;&lt;p&gt;Available Choices:&lt;/p&gt;&lt;p&gt;[0] Scheme 1&lt;/p&gt;&lt;p&gt;[1] Scheme 2&lt;/p&gt;&lt;p&gt;[2] Scheme 3&lt;/p&gt;&lt;p&gt;Default: 0&lt;/p&gt;</dialogReference>
      </param>
      <param name="USER" displayname="User Definition" type="Optional" direction="Output">
        <dialogReference>&lt;p&gt;User Definition&lt;/p&gt;&lt;p&gt;Static table&lt;/p&gt;&lt;p&gt;4 Fields:&lt;/p&gt;&lt;p&gt;- 1. [string] COLOR&lt;/p&gt;&lt;p&gt;- 2. [string] KEY&lt;/p&gt;&lt;p&gt;- 3. [string] NAME&lt;/p&gt;&lt;p&gt;- 4. [string] POLYGON&lt;/p&gt;&lt;p&gt;&lt;/p&gt;&lt;p&gt;The colour is defined as comma separated red, green and blue values (in the range 0 to 255). If the colour field is empty it will be generated from the chosen default colour scheme. Key and name are simple text labels specifying each class. The polygon is defined as pairs of sand (=x) and clay (=y) separated by a blank and separated from the next pair by a comma. &lt;/p&gt;</dialogReference>
      </param>
      <param name="POLYGONS" displayname="Scheme as Polygons" type="Optional" direction="Output">
        <dialogReference>&lt;p&gt;Scheme as Polygons&lt;/p&gt;&lt;p&gt;Shapes, output, optional&lt;/p&gt;&lt;p&gt;optional&lt;/p&gt;</dialogReference>
      </param>
      <param name="XY_AXES" displayname="X/Y Axes" type="Optional" direction="Output">
        <dialogReference>&lt;p&gt;X/Y Axes&lt;/p&gt;&lt;p&gt;Choice&lt;/p&gt;&lt;p&gt;Available Choices:&lt;/p&gt;&lt;p&gt;[0] Sand and Clay&lt;/p&gt;&lt;p&gt;[1] Sand and Silt&lt;/p&gt;&lt;p&gt;[2] Silt and Sand&lt;/p&gt;&lt;p&gt;[3] Silt and Clay&lt;/p&gt;&lt;p&gt;[4] Clay and Sand&lt;/p&gt;&lt;p&gt;[5] Clay and Silt&lt;/p&gt;&lt;p&gt;Default: 3&lt;/p&gt;</dialogReference>
      </param>
      <param name="TRIANGLE" displayname="Triangle" type="Optional" direction="Output">
        <dialogReference>&lt;p&gt;Triangle&lt;/p&gt;&lt;p&gt;Choice&lt;/p&gt;&lt;p&gt;Available Choices:&lt;/p&gt;&lt;p&gt;[0] right-angled&lt;/p&gt;&lt;p&gt;[1] isosceles&lt;/p&gt;&lt;p&gt;Default: 1&lt;/p&gt;</dialogReference>
      </param>
    </parameters>
    <summary>Derive soil texture classes from sand, silt and clay contents. Currently supported schemes are USDA and German Kartieranleitung 5. </summary>
  </tool>
  <dataIdInfo>
    <idCitation>
      <resTitle>Gianluca Massei (c) 2007 (g_massa@libero.it), L.Landschreiber, O.Conrad (c) 2017</resTitle>
    </idCitation>
    <idCredit>Conrad, O., Bechtel, B., Bock, M., Dietrich, H., Fischer, E., Gerlitz, L., Wehberg, J., Wichmann, V., and Boehner, J. (2015): System for Automated Geoscientific Analyses (SAGA) v. 2.1.4, Geosci. Model Dev., 8, 1991-2007, doi:10.5194/gmd-8-1991-2015. [SAGA - System for Automated Geoscientific Analyses - saga-gis.org] </idCredit>
    <searchKeys>
      <SAGA></SAGA>
    </searchKeys>
  </dataIdInfo>
</metadata>
