<?xml version="1.0" encoding="UTF-8"?>
<metadata xml:lang="en">
  <Esri>
    <CreaDate>20150910</CreaDate>
    <CreaTime>11550000</CreaTime>
    <ArcGISFormat>1.0</ArcGISFormat>
    <SyncOnce>TRUE</SyncOnce>
    <ArcGISProfile>ItemDescription</ArcGISProfile>
  </Esri>
  <tool name="tool_9" displayname="Polygons to Grid">
    <parameters>
      <param name="POLYGONS" displayname="Polygons" type="Required" direction="Input">
        <dialogReference>&lt;p&gt;Polygons&lt;/p&gt;&lt;p&gt;Shapes, input&lt;/p&gt;</dialogReference>
      </param>
      <param name="FIELD" displayname="Attribute" type="Optional" direction="Output">
        <dialogReference>&lt;p&gt;Attribute&lt;/p&gt;&lt;p&gt;Table field&lt;/p&gt;</dialogReference>
      </param>
      <param name="OUTPUT" displayname="Output Values" type="Optional" direction="Output">
        <dialogReference>&lt;p&gt;Output Values&lt;/p&gt;&lt;p&gt;Choice&lt;/p&gt;&lt;p&gt;Available Choices:&lt;/p&gt;&lt;p&gt;[0] index number&lt;/p&gt;&lt;p&gt;[1] attribute&lt;/p&gt;&lt;p&gt;Default: 2&lt;/p&gt;</dialogReference>
      </param>
      <param name="MULTIPLE" displayname="Multiple Polygons" type="Optional" direction="Output">
        <dialogReference>&lt;p&gt;Multiple Polygons&lt;/p&gt;&lt;p&gt;Choice&lt;/p&gt;&lt;p&gt;Available Choices:&lt;/p&gt;&lt;p&gt;[0] minimum coverage&lt;/p&gt;&lt;p&gt;[1] maximum coverage&lt;/p&gt;&lt;p&gt;[2] average proportional to area coverage&lt;/p&gt;&lt;p&gt;Default: 1&lt;/p&gt;&lt;p&gt;Output value for cells that intersect with more than one polygon.&lt;/p&gt;</dialogReference>
      </param>
      <param name="GRID_TYPE" displayname="Data Type" type="Optional" direction="Output">
        <dialogReference>&lt;p&gt;Data Type&lt;/p&gt;&lt;p&gt;Choice&lt;/p&gt;&lt;p&gt;Available Choices:&lt;/p&gt;&lt;p&gt;[0] 1 bit&lt;/p&gt;&lt;p&gt;[1] 1 byte unsigned integer&lt;/p&gt;&lt;p&gt;[2] 1 byte signed integer&lt;/p&gt;&lt;p&gt;[3] 2 byte unsigned integer&lt;/p&gt;&lt;p&gt;[4] 2 byte signed integer&lt;/p&gt;&lt;p&gt;[5] 4 byte unsigned integer&lt;/p&gt;&lt;p&gt;[6] 4 byte signed integer&lt;/p&gt;&lt;p&gt;[7] 4 byte floating point&lt;/p&gt;&lt;p&gt;[8] 8 byte floating point&lt;/p&gt;&lt;p&gt;[9] same as attribute&lt;/p&gt;&lt;p&gt;Default: 9&lt;/p&gt;</dialogReference>
      </param>
      <param name="TARGET_USER_SIZE" displayname="Cellsize" type="Optional" direction="Output">
        <dialogReference>&lt;p&gt;Cellsize&lt;/p&gt;&lt;p&gt;Floating point&lt;/p&gt;&lt;p&gt;Minimum: 0.000000&lt;/p&gt;&lt;p&gt;Default: 1.000000&lt;/p&gt;</dialogReference>
      </param>
      <param name="GRID" displayname="Grid" type="Required" direction="Output">
        <dialogReference>&lt;p&gt;Grid&lt;/p&gt;&lt;p&gt;Grid, output&lt;/p&gt;</dialogReference>
      </param>
      <param name="COVERAGE" displayname="Coverage" type="Optional" direction="Output">
        <dialogReference>&lt;p&gt;Coverage&lt;/p&gt;&lt;p&gt;Grid, output, optional&lt;/p&gt;&lt;p&gt;optional&lt;/p&gt;</dialogReference>
      </param>
    </parameters>
    <summary>Gridding of polygons. If any polygons are selected, only these will be gridded.</summary>
  </tool>
  <dataIdInfo>
    <idCitation>
      <resTitle>O.Conrad (c) 2018</resTitle>
    </idCitation>
    <idCredit>Conrad, O., Bechtel, B., Bock, M., Dietrich, H., Fischer, E., Gerlitz, L., Wehberg, J., Wichmann, V., and Boehner, J. (2015): System for Automated Geoscientific Analyses (SAGA) v. 2.1.4, Geosci. Model Dev., 8, 1991-2007, doi:10.5194/gmd-8-1991-2015. [SAGA - System for Automated Geoscientific Analyses - saga-gis.org] </idCredit>
    <searchKeys>
      <SAGA></SAGA>
    </searchKeys>
  </dataIdInfo>
</metadata>
