<?xml version="1.0" encoding="UTF-8"?>
<metadata xml:lang="en">
  <Esri>
    <CreaDate>20150910</CreaDate>
    <CreaTime>11550000</CreaTime>
    <ArcGISFormat>1.0</ArcGISFormat>
    <SyncOnce>TRUE</SyncOnce>
    <ArcGISProfile>ItemDescription</ArcGISProfile>
  </Esri>
  <tool name="tool_7" displayname="Multilevel B-Spline (3D)">
    <parameters>
      <param name="POINTS" displayname="Points" type="Required" direction="Input">
        <dialogReference>&lt;p&gt;Points&lt;/p&gt;&lt;p&gt;Shapes, input&lt;/p&gt;</dialogReference>
      </param>
      <param name="Z_FIELD" displayname="Z" type="Optional" direction="Output">
        <dialogReference>&lt;p&gt;Z&lt;/p&gt;&lt;p&gt;Table field&lt;/p&gt;</dialogReference>
      </param>
      <param name="Z_SCALE" displayname="Z Factor" type="Optional" direction="Output">
        <dialogReference>&lt;p&gt;Z Factor&lt;/p&gt;&lt;p&gt;Floating point&lt;/p&gt;&lt;p&gt;Minimum: 0.000000&lt;/p&gt;&lt;p&gt;Default: 1.000000&lt;/p&gt;</dialogReference>
      </param>
      <param name="V_FIELD" displayname="Value" type="Optional" direction="Output">
        <dialogReference>&lt;p&gt;Value&lt;/p&gt;&lt;p&gt;Table field&lt;/p&gt;</dialogReference>
      </param>
      <param name="TARGET_USER_SIZE" displayname="Cellsize" type="Optional" direction="Output">
        <dialogReference>&lt;p&gt;Cellsize&lt;/p&gt;&lt;p&gt;Floating point&lt;/p&gt;&lt;p&gt;Minimum: 0.000000&lt;/p&gt;&lt;p&gt;Default: 1.000000&lt;/p&gt;</dialogReference>
      </param>
      <param name="TARGET_USER_ZSIZE" displayname="Cellsize" type="Optional" direction="Output">
        <dialogReference>&lt;p&gt;Cellsize&lt;/p&gt;&lt;p&gt;Floating point&lt;/p&gt;&lt;p&gt;Minimum: 0.000000&lt;/p&gt;&lt;p&gt;Default: 1.000000&lt;/p&gt;</dialogReference>
      </param>
      <param name="TARGET_USER_ZMIN" displayname="Bottom" type="Optional" direction="Output">
        <dialogReference>&lt;p&gt;Bottom&lt;/p&gt;&lt;p&gt;Floating point&lt;/p&gt;&lt;p&gt;Default: 0.000000&lt;/p&gt;</dialogReference>
      </param>
      <param name="TARGET_USER_ZMAX" displayname="Top" type="Optional" direction="Output">
        <dialogReference>&lt;p&gt;Top&lt;/p&gt;&lt;p&gt;Floating point&lt;/p&gt;&lt;p&gt;Default: 100.000000&lt;/p&gt;</dialogReference>
      </param>
      <param name="TARGET_USER_ZNUM" displayname="Levels" type="Optional" direction="Output">
        <dialogReference>&lt;p&gt;Levels&lt;/p&gt;&lt;p&gt;Integer&lt;/p&gt;&lt;p&gt;Minimum: 1&lt;/p&gt;&lt;p&gt;Default: 101&lt;/p&gt;</dialogReference>
      </param>
      <param name="EPSILON" displayname="Threshold Error" type="Optional" direction="Output">
        <dialogReference>&lt;p&gt;Threshold Error&lt;/p&gt;&lt;p&gt;Floating point&lt;/p&gt;&lt;p&gt;Minimum: 0.000000&lt;/p&gt;&lt;p&gt;Default: 0.000100&lt;/p&gt;</dialogReference>
      </param>
      <param name="LEVEL_MAX" displayname="Maximum Level" type="Optional" direction="Output">
        <dialogReference>&lt;p&gt;Maximum Level&lt;/p&gt;&lt;p&gt;Integer&lt;/p&gt;&lt;p&gt;Minimum: 1&lt;/p&gt;&lt;p&gt;Maximum: 14&lt;/p&gt;&lt;p&gt;Default: 11&lt;/p&gt;</dialogReference>
      </param>
    </parameters>
    <summary>Multilevel B-spline algorithm for spatial interpolation of scattered data as proposed by Lee, Wolberg and Shin (1997) modified for 3D data.
The algorithm makes use of a coarse-to-fine hierarchy of control lattices to generate a sequence of bicubic B-spline functions, whose sum approaches the desired interpolation function. Performance gains are realized by using B-spline refinement to reduce the sum of these functions into one equivalent B-spline function. 

The 'Maximum Level' determines the maximum size of the final B-spline matrix and increases exponential with each level. Where level=10 requires about 1mb level=12 needs about 16mb and level=14 about 256mb(!) of additional memory. </summary>
  </tool>
  <dataIdInfo>
    <idCitation>
      <resTitle>O.Conrad (c) 2019</resTitle>
    </idCitation>
    <idCredit>Conrad, O., Bechtel, B., Bock, M., Dietrich, H., Fischer, E., Gerlitz, L., Wehberg, J., Wichmann, V., and Boehner, J. (2015): System for Automated Geoscientific Analyses (SAGA) v. 2.1.4, Geosci. Model Dev., 8, 1991-2007, doi:10.5194/gmd-8-1991-2015. [SAGA - System for Automated Geoscientific Analyses - saga-gis.org] </idCredit>
    <searchKeys>
      <SAGA></SAGA>
    </searchKeys>
  </dataIdInfo>
</metadata>
