<?xml version="1.0" encoding="UTF-8"?>
<metadata xml:lang="en">
  <Esri>
    <CreaDate>20150910</CreaDate>
    <CreaTime>11550000</CreaTime>
    <ArcGISFormat>1.0</ArcGISFormat>
    <SyncOnce>TRUE</SyncOnce>
    <ArcGISProfile>ItemDescription</ArcGISProfile>
  </Esri>
  <tool name="tool_11" displayname="Change Data Storage">
    <parameters>
      <param name="INPUT" displayname="Grid" type="Required" direction="Input">
        <dialogReference>&lt;p&gt;Grid&lt;/p&gt;&lt;p&gt;Grid, input&lt;/p&gt;</dialogReference>
      </param>
      <param name="OUTPUT" displayname="Converted Grid" type="Optional" direction="Output">
        <dialogReference>&lt;p&gt;Converted Grid&lt;/p&gt;&lt;p&gt;Grid, output, optional&lt;/p&gt;&lt;p&gt;optional&lt;/p&gt;</dialogReference>
      </param>
      <param name="TYPE" displayname="Data storage type" type="Optional" direction="Output">
        <dialogReference>&lt;p&gt;Data storage type&lt;/p&gt;&lt;p&gt;Choice&lt;/p&gt;&lt;p&gt;Available Choices:&lt;/p&gt;&lt;p&gt;[0] bit&lt;/p&gt;&lt;p&gt;[1] unsigned 1 byte integer&lt;/p&gt;&lt;p&gt;[2] signed 1 byte integer&lt;/p&gt;&lt;p&gt;[3] unsigned 2 byte integer&lt;/p&gt;&lt;p&gt;[4] signed 2 byte integer&lt;/p&gt;&lt;p&gt;[5] unsigned 4 byte integer&lt;/p&gt;&lt;p&gt;[6] signed 4 byte integer&lt;/p&gt;&lt;p&gt;[7] 4 byte floating point number&lt;/p&gt;&lt;p&gt;[8] 8 byte floating point number&lt;/p&gt;&lt;p&gt;Default: 7&lt;/p&gt;</dialogReference>
      </param>
      <param name="OFFSET" displayname="Offset" type="Optional" direction="Output">
        <dialogReference>&lt;p&gt;Offset&lt;/p&gt;&lt;p&gt;Floating point&lt;/p&gt;&lt;p&gt;Default: 0.000000&lt;/p&gt;</dialogReference>
      </param>
      <param name="SCALE" displayname="Scale" type="Optional" direction="Output">
        <dialogReference>&lt;p&gt;Scale&lt;/p&gt;&lt;p&gt;Floating point&lt;/p&gt;&lt;p&gt;Default: 1.000000&lt;/p&gt;</dialogReference>
      </param>
    </parameters>
    <summary>Changes a grid's data storage type, offset and scaling, e.g. from 4 byte floating point to 2 byte signed integer. This might be useful to increase precision or to save memory. If the target is not set, the original grid's storage type will be changed.</summary>
  </tool>
  <dataIdInfo>
    <idCitation>
      <resTitle>O.Conrad (c) 2003</resTitle>
    </idCitation>
    <idCredit>Conrad, O., Bechtel, B., Bock, M., Dietrich, H., Fischer, E., Gerlitz, L., Wehberg, J., Wichmann, V., and Boehner, J. (2015): System for Automated Geoscientific Analyses (SAGA) v. 2.1.4, Geosci. Model Dev., 8, 1991-2007, doi:10.5194/gmd-8-1991-2015. [SAGA - System for Automated Geoscientific Analyses - saga-gis.org] </idCredit>
    <searchKeys>
      <SAGA></SAGA>
    </searchKeys>
  </dataIdInfo>
</metadata>
