<?xml version="1.0" encoding="UTF-8"?>
<metadata xml:lang="en">
  <Esri>
    <CreaDate>20150910</CreaDate>
    <CreaTime>11550000</CreaTime>
    <ArcGISFormat>1.0</ArcGISFormat>
    <SyncOnce>TRUE</SyncOnce>
    <ArcGISProfile>ItemDescription</ArcGISProfile>
  </Esri>
  <tool name="tool_27" displayname="Shrink and Expand">
    <parameters>
      <param name="INPUT" displayname="Grid" type="Required" direction="Input">
        <dialogReference>&lt;p&gt;Grid&lt;/p&gt;&lt;p&gt;Grid, input&lt;/p&gt;&lt;p&gt;The input grid.&lt;/p&gt;</dialogReference>
      </param>
      <param name="RESULT" displayname="Result Grid" type="Optional" direction="Output">
        <dialogReference>&lt;p&gt;Result Grid&lt;/p&gt;&lt;p&gt;Grid, output, optional&lt;/p&gt;&lt;p&gt;optional&lt;/p&gt;&lt;p&gt;The output grid.&lt;/p&gt;</dialogReference>
      </param>
      <param name="OPERATION" displayname="Operation" type="Optional" direction="Output">
        <dialogReference>&lt;p&gt;Operation&lt;/p&gt;&lt;p&gt;Choice&lt;/p&gt;&lt;p&gt;Available Choices:&lt;/p&gt;&lt;p&gt;[0] shrink&lt;/p&gt;&lt;p&gt;[1] expand&lt;/p&gt;&lt;p&gt;[2] shrink and expand&lt;/p&gt;&lt;p&gt;[3] expand and shrink&lt;/p&gt;&lt;p&gt;Default: 3&lt;/p&gt;&lt;p&gt;Choose the type of operation.&lt;/p&gt;</dialogReference>
      </param>
      <param name="CIRCLE" displayname="Search Mode" type="Optional" direction="Output">
        <dialogReference>&lt;p&gt;Search Mode&lt;/p&gt;&lt;p&gt;Choice&lt;/p&gt;&lt;p&gt;Available Choices:&lt;/p&gt;&lt;p&gt;[0] Square&lt;/p&gt;&lt;p&gt;[1] Circle&lt;/p&gt;&lt;p&gt;Default: 1&lt;/p&gt;&lt;p&gt;Choose the shape of the kernel.&lt;/p&gt;</dialogReference>
      </param>
      <param name="RADIUS" displayname="Radius" type="Optional" direction="Output">
        <dialogReference>&lt;p&gt;Radius&lt;/p&gt;&lt;p&gt;Integer&lt;/p&gt;&lt;p&gt;Minimum: 1&lt;/p&gt;&lt;p&gt;Default: 1&lt;/p&gt;&lt;p&gt;The kernel radius [cells].&lt;/p&gt;</dialogReference>
      </param>
      <param name="EXPAND" displayname="Method" type="Optional" direction="Output">
        <dialogReference>&lt;p&gt;Method&lt;/p&gt;&lt;p&gt;Choice&lt;/p&gt;&lt;p&gt;Available Choices:&lt;/p&gt;&lt;p&gt;[0] minimum&lt;/p&gt;&lt;p&gt;[1] maximum&lt;/p&gt;&lt;p&gt;[2] mean&lt;/p&gt;&lt;p&gt;[3] majority&lt;/p&gt;&lt;p&gt;Default: 3&lt;/p&gt;&lt;p&gt;Choose how to fill no-data cells.&lt;/p&gt;</dialogReference>
      </param>
      <param name="KEEP_TYPE" displayname="Preserve Data Type" type="Optional" direction="Output">
        <dialogReference>&lt;p&gt;Preserve Data Type&lt;/p&gt;&lt;p&gt;Boolean&lt;/p&gt;&lt;p&gt;Default: 1&lt;/p&gt;&lt;p&gt;If false, mean value expansion results will be stored with floating point precision.&lt;/p&gt;</dialogReference>
      </param>
    </parameters>
    <summary>The tool allows one to shrink or expand regions with valid data by a certain distance (defined by the kernel radius). Shrinking just invalidates cells with valid data at the border to No Data regions, expanding sets No Data cells along the border of regions with valid data to a new valid value. The tool provides several options how to calculate this new value: minimum, maximum, mean or majority of the valid cells within the kernel.

</summary>
  </tool>
  <dataIdInfo>
    <idCitation>
      <resTitle>V.Wichmann & O.Conrad (c) 2011</resTitle>
    </idCitation>
    <idCredit>Conrad, O., Bechtel, B., Bock, M., Dietrich, H., Fischer, E., Gerlitz, L., Wehberg, J., Wichmann, V., and Boehner, J. (2015): System for Automated Geoscientific Analyses (SAGA) v. 2.1.4, Geosci. Model Dev., 8, 1991-2007, doi:10.5194/gmd-8-1991-2015. [SAGA - System for Automated Geoscientific Analyses - saga-gis.org] </idCredit>
    <searchKeys>
      <SAGA></SAGA>
    </searchKeys>
  </dataIdInfo>
</metadata>
