<?xml version="1.0" encoding="UTF-8"?>
<metadata xml:lang="en">
  <Esri>
    <CreaDate>20150910</CreaDate>
    <CreaTime>11550000</CreaTime>
    <ArcGISFormat>1.0</ArcGISFormat>
    <SyncOnce>TRUE</SyncOnce>
    <ArcGISProfile>ItemDescription</ArcGISProfile>
  </Esri>
  <tool name="tool_6" displayname="Random Terrain">
    <parameters>
      <param name="RADIUS" displayname="Radius (cells)" type="Optional" direction="Output">
        <dialogReference>&lt;p&gt;Radius (cells)&lt;/p&gt;&lt;p&gt;Integer&lt;/p&gt;&lt;p&gt;Minimum: 1&lt;/p&gt;&lt;p&gt;Default: 25&lt;/p&gt;</dialogReference>
      </param>
      <param name="ITERATIONS" displayname="Iterations" type="Optional" direction="Output">
        <dialogReference>&lt;p&gt;Iterations&lt;/p&gt;&lt;p&gt;Integer&lt;/p&gt;&lt;p&gt;Minimum: 1&lt;/p&gt;&lt;p&gt;Default: 100&lt;/p&gt;</dialogReference>
      </param>
      <param name="TARGET_USER_SIZE" displayname="Cellsize" type="Optional" direction="Output">
        <dialogReference>&lt;p&gt;Cellsize&lt;/p&gt;&lt;p&gt;Floating point&lt;/p&gt;&lt;p&gt;Minimum: 0.000000&lt;/p&gt;&lt;p&gt;Default: 1.000000&lt;/p&gt;</dialogReference>
      </param>
      <param name="TARGET_OUT_GRID" displayname="Target Grid" type="Required" direction="Output">
        <dialogReference>&lt;p&gt;Target Grid&lt;/p&gt;&lt;p&gt;Grid, output&lt;/p&gt;</dialogReference>
      </param>
    </parameters>
    <summary>(c) 2004 by Victor Olaya. Random Terrain Generation</summary>
  </tool>
  <dataIdInfo>
    <idCitation>
      <resTitle>V.Olaya (c) 2004</resTitle>
    </idCitation>
    <idCredit>Conrad, O., Bechtel, B., Bock, M., Dietrich, H., Fischer, E., Gerlitz, L., Wehberg, J., Wichmann, V., and Boehner, J. (2015): System for Automated Geoscientific Analyses (SAGA) v. 2.1.4, Geosci. Model Dev., 8, 1991-2007, doi:10.5194/gmd-8-1991-2015. [SAGA - System for Automated Geoscientific Analyses - saga-gis.org] </idCredit>
    <searchKeys>
      <SAGA></SAGA>
    </searchKeys>
  </dataIdInfo>
</metadata>
