<?xml version="1.0" encoding="UTF-8"?>
<metadata xml:lang="en">
  <Esri>
    <CreaDate>20150910</CreaDate>
    <CreaTime>11550000</CreaTime>
    <ArcGISFormat>1.0</ArcGISFormat>
    <SyncOnce>TRUE</SyncOnce>
    <ArcGISProfile>ItemDescription</ArcGISProfile>
  </Esri>
  <tool name="tool_15" displayname="Reclassify Grid Values">
    <parameters>
      <param name="INPUT" displayname="Grid" type="Required" direction="Input">
        <dialogReference>&lt;p&gt;Grid&lt;/p&gt;&lt;p&gt;Grid, input&lt;/p&gt;&lt;p&gt;Grid to reclassify.&lt;/p&gt;</dialogReference>
      </param>
      <param name="RESULT" displayname="Reclassified Grid" type="Required" direction="Output">
        <dialogReference>&lt;p&gt;Reclassified Grid&lt;/p&gt;&lt;p&gt;Grid, output&lt;/p&gt;&lt;p&gt;Reclassified grid.&lt;/p&gt;</dialogReference>
      </param>
      <param name="METHOD" displayname="Method" type="Optional" direction="Output">
        <dialogReference>&lt;p&gt;Method&lt;/p&gt;&lt;p&gt;Choice&lt;/p&gt;&lt;p&gt;Available Choices:&lt;/p&gt;&lt;p&gt;[0] single&lt;/p&gt;&lt;p&gt;[1] range&lt;/p&gt;&lt;p&gt;[2] simple table&lt;/p&gt;&lt;p&gt;[3] user supplied table&lt;/p&gt;&lt;p&gt;Default: 0&lt;/p&gt;&lt;p&gt;Select the desired method: (1) a single value or a range defined by a single value is reclassified, (2) a range of values is reclassified, (3) and (4) a lookup table is used to reclassify the grid.&lt;/p&gt;</dialogReference>
      </param>
      <param name="OLD" displayname="Old Value" type="Optional" direction="Output">
        <dialogReference>&lt;p&gt;Old Value&lt;/p&gt;&lt;p&gt;Floating point&lt;/p&gt;&lt;p&gt;Default: 0.000000&lt;/p&gt;&lt;p&gt;Value to reclassify.&lt;/p&gt;</dialogReference>
      </param>
      <param name="NEW" displayname="New Value" type="Optional" direction="Output">
        <dialogReference>&lt;p&gt;New Value&lt;/p&gt;&lt;p&gt;Floating point&lt;/p&gt;&lt;p&gt;Default: 1.000000&lt;/p&gt;&lt;p&gt;The value to assign (with method 'single value').&lt;/p&gt;</dialogReference>
      </param>
      <param name="SOPERATOR" displayname="Operator" type="Optional" direction="Output">
        <dialogReference>&lt;p&gt;Operator&lt;/p&gt;&lt;p&gt;Choice&lt;/p&gt;&lt;p&gt;Available Choices:&lt;/p&gt;&lt;p&gt;[0] =&lt;/p&gt;&lt;p&gt;[1] &lt;&lt;/p&gt;&lt;p&gt;[2] &lt;=&lt;/p&gt;&lt;p&gt;[3] &gt;=&lt;/p&gt;&lt;p&gt;[4] &gt;&lt;/p&gt;&lt;p&gt;Default: 0&lt;/p&gt;&lt;p&gt;Select the desired operator; it is possible to define a range above or below the old value.&lt;/p&gt;</dialogReference>
      </param>
      <param name="MIN" displayname="Minimum Value" type="Optional" direction="Output">
        <dialogReference>&lt;p&gt;Minimum Value&lt;/p&gt;&lt;p&gt;Floating point&lt;/p&gt;&lt;p&gt;Default: 0.000000&lt;/p&gt;&lt;p&gt;The minimum value of the range to be reclassified.&lt;/p&gt;</dialogReference>
      </param>
      <param name="MAX" displayname="Maximum Value" type="Optional" direction="Output">
        <dialogReference>&lt;p&gt;Maximum Value&lt;/p&gt;&lt;p&gt;Floating point&lt;/p&gt;&lt;p&gt;Default: 10.000000&lt;/p&gt;&lt;p&gt;The maximum value of the range to be reclassified.&lt;/p&gt;</dialogReference>
      </param>
      <param name="RNEW" displayname="New Value" type="Optional" direction="Output">
        <dialogReference>&lt;p&gt;New Value&lt;/p&gt;&lt;p&gt;Floating point&lt;/p&gt;&lt;p&gt;Default: 5.000000&lt;/p&gt;&lt;p&gt;The value to assign (with method 'range').&lt;/p&gt;</dialogReference>
      </param>
      <param name="ROPERATOR" displayname="Operator" type="Optional" direction="Output">
        <dialogReference>&lt;p&gt;Operator&lt;/p&gt;&lt;p&gt;Choice&lt;/p&gt;&lt;p&gt;Available Choices:&lt;/p&gt;&lt;p&gt;[0] &lt;=&lt;/p&gt;&lt;p&gt;[1] &lt;&lt;/p&gt;&lt;p&gt;Default: 0&lt;/p&gt;&lt;p&gt;Select the desired operator (for method 'range'): eg. min &lt; value &lt; max.&lt;/p&gt;</dialogReference>
      </param>
      <param name="RETAB" displayname="Lookup Table" type="Optional" direction="Output">
        <dialogReference>&lt;p&gt;Lookup Table&lt;/p&gt;&lt;p&gt;Static table&lt;/p&gt;&lt;p&gt;3 Fields:&lt;/p&gt;&lt;p&gt;- 1. [8 byte floating point number] minimum&lt;/p&gt;&lt;p&gt;- 2. [8 byte floating point number] maximum&lt;/p&gt;&lt;p&gt;- 3. [8 byte floating point number] new&lt;/p&gt;&lt;p&gt;&lt;/p&gt;&lt;p&gt;The lookup table used with method 'table'.&lt;/p&gt;</dialogReference>
      </param>
      <param name="TOPERATOR" displayname="Operator" type="Optional" direction="Output">
        <dialogReference>&lt;p&gt;Operator&lt;/p&gt;&lt;p&gt;Choice&lt;/p&gt;&lt;p&gt;Available Choices:&lt;/p&gt;&lt;p&gt;[0] min &lt;= value &lt; max&lt;/p&gt;&lt;p&gt;[1] min &lt;= value &lt;= max&lt;/p&gt;&lt;p&gt;[2] min &lt; value &lt;= max&lt;/p&gt;&lt;p&gt;[3] min &lt; value &lt; max&lt;/p&gt;&lt;p&gt;Default: 0&lt;/p&gt;&lt;p&gt;Select the desired operator (for method 'table').&lt;/p&gt;</dialogReference>
      </param>
      <param name="RETAB_2" displayname="Lookup Table" type="Optional" direction="Input">
        <dialogReference>&lt;p&gt;Lookup Table&lt;/p&gt;&lt;p&gt;Table, input, optional&lt;/p&gt;&lt;p&gt;optional&lt;/p&gt;&lt;p&gt;The lookup table used with method 'user supplied table'.&lt;/p&gt;</dialogReference>
      </param>
      <param name="F_MIN" displayname="Minimum Value" type="Optional" direction="Output">
        <dialogReference>&lt;p&gt;Minimum Value&lt;/p&gt;&lt;p&gt;Table field&lt;/p&gt;&lt;p&gt;The table field with the minimum value.&lt;/p&gt;</dialogReference>
      </param>
      <param name="F_MAX" displayname="Maximum Value" type="Optional" direction="Output">
        <dialogReference>&lt;p&gt;Maximum Value&lt;/p&gt;&lt;p&gt;Table field&lt;/p&gt;&lt;p&gt;The table field with the maximum value.&lt;/p&gt;</dialogReference>
      </param>
      <param name="F_CODE" displayname="New Value" type="Optional" direction="Output">
        <dialogReference>&lt;p&gt;New Value&lt;/p&gt;&lt;p&gt;Table field&lt;/p&gt;&lt;p&gt;The table field with the value to assign.&lt;/p&gt;</dialogReference>
      </param>
      <param name="NODATAOPT" displayname="No Data Values" type="Optional" direction="Output">
        <dialogReference>&lt;p&gt;No Data Values&lt;/p&gt;&lt;p&gt;Boolean&lt;/p&gt;&lt;p&gt;Default: 0&lt;/p&gt;&lt;p&gt;Use this option to reclassify No Data values independently of the method settings.&lt;/p&gt;</dialogReference>
      </param>
      <param name="NODATA" displayname="New Value" type="Optional" direction="Output">
        <dialogReference>&lt;p&gt;New Value&lt;/p&gt;&lt;p&gt;Floating point&lt;/p&gt;&lt;p&gt;Default: 0.000000&lt;/p&gt;&lt;p&gt;The value to assign to No Data values.&lt;/p&gt;</dialogReference>
      </param>
      <param name="OTHEROPT" displayname="Other Values" type="Optional" direction="Output">
        <dialogReference>&lt;p&gt;Other Values&lt;/p&gt;&lt;p&gt;Boolean&lt;/p&gt;&lt;p&gt;Default: 0&lt;/p&gt;&lt;p&gt;Use this option to reclassify all values that are not included in the reclassification setup.&lt;/p&gt;</dialogReference>
      </param>
      <param name="OTHERS" displayname="New Value" type="Optional" direction="Output">
        <dialogReference>&lt;p&gt;New Value&lt;/p&gt;&lt;p&gt;Floating point&lt;/p&gt;&lt;p&gt;Default: 0.000000&lt;/p&gt;&lt;p&gt;The value to assign to all values not included in the reclassification setup.&lt;/p&gt;</dialogReference>
      </param>
      <param name="RESULT_TYPE" displayname="Data Storage Type" type="Optional" direction="Output">
        <dialogReference>&lt;p&gt;Data Storage Type&lt;/p&gt;&lt;p&gt;Choice&lt;/p&gt;&lt;p&gt;Available Choices:&lt;/p&gt;&lt;p&gt;[0] 1 bit&lt;/p&gt;&lt;p&gt;[1] 1 byte unsigned integer&lt;/p&gt;&lt;p&gt;[2] 1 byte signed integer&lt;/p&gt;&lt;p&gt;[3] 2 byte unsigned integer&lt;/p&gt;&lt;p&gt;[4] 2 byte signed integer&lt;/p&gt;&lt;p&gt;[5] 4 byte unsigned integer&lt;/p&gt;&lt;p&gt;[6] 4 byte signed integer&lt;/p&gt;&lt;p&gt;[7] 4 byte floating point&lt;/p&gt;&lt;p&gt;[8] 8 byte floating point&lt;/p&gt;&lt;p&gt;[9] same as input grid&lt;/p&gt;&lt;p&gt;Default: 9&lt;/p&gt;&lt;p&gt;The data storage type of the output grid.&lt;/p&gt;</dialogReference>
      </param>
      <param name="RESULT_NODATA_CHOICE" displayname="No Data Value" type="Optional" direction="Output">
        <dialogReference>&lt;p&gt;No Data Value&lt;/p&gt;&lt;p&gt;Choice&lt;/p&gt;&lt;p&gt;Available Choices:&lt;/p&gt;&lt;p&gt;[0] No Data value of input grid&lt;/p&gt;&lt;p&gt;[1] user defined No Data value&lt;/p&gt;&lt;p&gt;[2] No Data value of data storage type&lt;/p&gt;&lt;p&gt;Default: 0&lt;/p&gt;&lt;p&gt;Choose how to handle the No Data value of the output grid.&lt;/p&gt;</dialogReference>
      </param>
      <param name="RESULT_NODATA_VALUE" displayname="No Data Value" type="Optional" direction="Output">
        <dialogReference>&lt;p&gt;No Data Value&lt;/p&gt;&lt;p&gt;Floating point&lt;/p&gt;&lt;p&gt;Default: -99999.000000&lt;/p&gt;&lt;p&gt;User defined No Data value for output grid.&lt;/p&gt;</dialogReference>
      </param>
    </parameters>
    <summary>The tool can be used to reclassify the values of a grid. It provides three different options:
(a) reclassification of single values
(b) reclassification of a range of values
(c) reclassification of value ranges specified in a lookup table (simple or user supplied table)

In addition to these methods, two special cases (No Data values and values not included in the reclassification setup) are supported.
With reclassification mode (a) and (b), the 'No Data' option is evaluated before the 'Method' settings. In reclassification mode (c) the option is evaluated only if the No Data value is not included in the lookup table.
The 'Other Values' option is always evaluated after checking the 'Method' settings.

The tool also provides options to control the data storage type and No Data value of the output grid.

</summary>
  </tool>
  <dataIdInfo>
    <idCitation>
      <resTitle>V. Wichmann (c) 2005-19</resTitle>
    </idCitation>
    <idCredit>Conrad, O., Bechtel, B., Bock, M., Dietrich, H., Fischer, E., Gerlitz, L., Wehberg, J., Wichmann, V., and Boehner, J. (2015): System for Automated Geoscientific Analyses (SAGA) v. 2.1.4, Geosci. Model Dev., 8, 1991-2007, doi:10.5194/gmd-8-1991-2015. [SAGA - System for Automated Geoscientific Analyses - saga-gis.org] </idCredit>
    <searchKeys>
      <SAGA></SAGA>
    </searchKeys>
  </dataIdInfo>
</metadata>
