<?xml version="1.0" encoding="UTF-8"?>
<metadata xml:lang="en">
  <Esri>
    <CreaDate>20150910</CreaDate>
    <CreaTime>11550000</CreaTime>
    <ArcGISFormat>1.0</ArcGISFormat>
    <SyncOnce>TRUE</SyncOnce>
    <ArcGISProfile>ItemDescription</ArcGISProfile>
  </Esri>
  <tool name="tool_2" displayname="Confusion Matrix (Two Grids)">
    <parameters>
      <param name="ONE" displayname="Classification 1" type="Required" direction="Input">
        <dialogReference>&lt;p&gt;Classification 1&lt;/p&gt;&lt;p&gt;Grid, input&lt;/p&gt;</dialogReference>
      </param>
      <param name="ONE_LUT" displayname="Look-up Table" type="Optional" direction="Input">
        <dialogReference>&lt;p&gt;Look-up Table&lt;/p&gt;&lt;p&gt;Table, input, optional&lt;/p&gt;&lt;p&gt;optional&lt;/p&gt;</dialogReference>
      </param>
      <param name="ONE_LUT_MIN" displayname="Value" type="Optional" direction="Output">
        <dialogReference>&lt;p&gt;Value&lt;/p&gt;&lt;p&gt;Table field&lt;/p&gt;</dialogReference>
      </param>
      <param name="ONE_LUT_MAX" displayname="Value (Maximum)" type="Optional" direction="Output">
        <dialogReference>&lt;p&gt;Value (Maximum)&lt;/p&gt;&lt;p&gt;Table field&lt;/p&gt;&lt;p&gt;optional&lt;/p&gt;</dialogReference>
      </param>
      <param name="ONE_LUT_NAM" displayname="Name" type="Optional" direction="Output">
        <dialogReference>&lt;p&gt;Name&lt;/p&gt;&lt;p&gt;Table field&lt;/p&gt;&lt;p&gt;optional&lt;/p&gt;</dialogReference>
      </param>
      <param name="TWO" displayname="Classification 2" type="Required" direction="Input">
        <dialogReference>&lt;p&gt;Classification 2&lt;/p&gt;&lt;p&gt;Grid, input&lt;/p&gt;</dialogReference>
      </param>
      <param name="TWO_LUT" displayname="Look-up Table" type="Optional" direction="Input">
        <dialogReference>&lt;p&gt;Look-up Table&lt;/p&gt;&lt;p&gt;Table, input, optional&lt;/p&gt;&lt;p&gt;optional&lt;/p&gt;</dialogReference>
      </param>
      <param name="TWO_LUT_MIN" displayname="Value" type="Optional" direction="Output">
        <dialogReference>&lt;p&gt;Value&lt;/p&gt;&lt;p&gt;Table field&lt;/p&gt;</dialogReference>
      </param>
      <param name="TWO_LUT_MAX" displayname="Value (Maximum)" type="Optional" direction="Output">
        <dialogReference>&lt;p&gt;Value (Maximum)&lt;/p&gt;&lt;p&gt;Table field&lt;/p&gt;&lt;p&gt;optional&lt;/p&gt;</dialogReference>
      </param>
      <param name="TWO_LUT_NAM" displayname="Name" type="Optional" direction="Output">
        <dialogReference>&lt;p&gt;Name&lt;/p&gt;&lt;p&gt;Table field&lt;/p&gt;&lt;p&gt;optional&lt;/p&gt;</dialogReference>
      </param>
      <param name="COMBINED" displayname="Combined Classes" type="Required" direction="Output">
        <dialogReference>&lt;p&gt;Combined Classes&lt;/p&gt;&lt;p&gt;Grid, output&lt;/p&gt;</dialogReference>
      </param>
      <param name="NOCHANGE" displayname="Report Unchanged Classes" type="Optional" direction="Output">
        <dialogReference>&lt;p&gt;Report Unchanged Classes&lt;/p&gt;&lt;p&gt;Boolean&lt;/p&gt;&lt;p&gt;Default: 1&lt;/p&gt;</dialogReference>
      </param>
      <param name="NODATA" displayname="Include Unclassified Cells" type="Optional" direction="Output">
        <dialogReference>&lt;p&gt;Include Unclassified Cells&lt;/p&gt;&lt;p&gt;Boolean&lt;/p&gt;&lt;p&gt;Default: 1&lt;/p&gt;</dialogReference>
      </param>
      <param name="CONFUSION" displayname="Confusion Matrix" type="Required" direction="Output">
        <dialogReference>&lt;p&gt;Confusion Matrix&lt;/p&gt;&lt;p&gt;Table, output&lt;/p&gt;</dialogReference>
      </param>
      <param name="OUTPUT" displayname="Output as..." type="Optional" direction="Output">
        <dialogReference>&lt;p&gt;Output as...&lt;/p&gt;&lt;p&gt;Choice&lt;/p&gt;&lt;p&gt;Available Choices:&lt;/p&gt;&lt;p&gt;[0] cells&lt;/p&gt;&lt;p&gt;[1] percent&lt;/p&gt;&lt;p&gt;[2] area&lt;/p&gt;&lt;p&gt;Default: 0&lt;/p&gt;</dialogReference>
      </param>
      <param name="CLASSES" displayname="Class Values" type="Required" direction="Output">
        <dialogReference>&lt;p&gt;Class Values&lt;/p&gt;&lt;p&gt;Table, output&lt;/p&gt;</dialogReference>
      </param>
      <param name="SUMMARY" displayname="Summary" type="Required" direction="Output">
        <dialogReference>&lt;p&gt;Summary&lt;/p&gt;&lt;p&gt;Table, output&lt;/p&gt;</dialogReference>
      </param>
    </parameters>
    <summary>The tool allows one to compare two classified grids. It creates a confusion matrix and derived coefficients as well as the combinations of both classifications as new grid. The values of both grids must match each other in order to do the comparison.
The tool provides three options to define the grid classes:
- by providing a look-up table for each grid
- by coloring each grid with a look-up table (colors type = classified)  beforehand (only available in the GUI)
- by preparing the grid values appropriately; i.e., if no look-up table is provided, the tool simply extracts the classes from the grid values found in each grid
A typical application is a change detection analysis based on land cover classification of satellite imagery.
</summary>
  </tool>
  <dataIdInfo>
    <idCitation>
      <resTitle>O.Conrad (c) 2010</resTitle>
    </idCitation>
    <idCredit>Conrad, O., Bechtel, B., Bock, M., Dietrich, H., Fischer, E., Gerlitz, L., Wehberg, J., Wichmann, V., and Boehner, J. (2015): System for Automated Geoscientific Analyses (SAGA) v. 2.1.4, Geosci. Model Dev., 8, 1991-2007, doi:10.5194/gmd-8-1991-2015. [SAGA - System for Automated Geoscientific Analyses - saga-gis.org] </idCredit>
    <searchKeys>
      <SAGA></SAGA>
    </searchKeys>
  </dataIdInfo>
</metadata>
