<?xml version="1.0" encoding="UTF-8"?>
<metadata xml:lang="en">
  <Esri>
    <CreaDate>20150910</CreaDate>
    <CreaTime>11550000</CreaTime>
    <ArcGISFormat>1.0</ArcGISFormat>
    <SyncOnce>TRUE</SyncOnce>
    <ArcGISProfile>ItemDescription</ArcGISProfile>
  </Esri>
  <tool name="tool_9" displayname="Random Forest Classification (ViGrA)">
    <parameters>
      <param name="FEATURES" displayname="Features" type="Required" direction="Input">
        <dialogReference>&lt;p&gt;Features&lt;/p&gt;&lt;p&gt;Grid list, input&lt;/p&gt;</dialogReference>
      </param>
      <param name="CLASSES" displayname="Random Forest Classification" type="Required" direction="Output">
        <dialogReference>&lt;p&gt;Random Forest Classification&lt;/p&gt;&lt;p&gt;Grid, output&lt;/p&gt;</dialogReference>
      </param>
      <param name="PROBABILITY" displayname="Prediction Probability" type="Optional" direction="Output">
        <dialogReference>&lt;p&gt;Prediction Probability&lt;/p&gt;&lt;p&gt;Grid, output, optional&lt;/p&gt;&lt;p&gt;optional&lt;/p&gt;</dialogReference>
      </param>
      <param name="BPROBABILITIES" displayname="Feature Probabilities" type="Optional" direction="Output">
        <dialogReference>&lt;p&gt;Feature Probabilities&lt;/p&gt;&lt;p&gt;Boolean&lt;/p&gt;&lt;p&gt;Default: 0&lt;/p&gt;</dialogReference>
      </param>
      <param name="PROBABILITIES" displayname="Feature Probabilities" type="Required" direction="Output">
        <dialogReference>&lt;p&gt;Feature Probabilities&lt;/p&gt;&lt;p&gt;Grid list, output&lt;/p&gt;</dialogReference>
      </param>
      <param name="IMPORTANCES" displayname="Feature Importances" type="Required" direction="Output">
        <dialogReference>&lt;p&gt;Feature Importances&lt;/p&gt;&lt;p&gt;Table, output&lt;/p&gt;</dialogReference>
      </param>
      <param name="TRAINING" displayname="Training Areas" type="Required" direction="Input">
        <dialogReference>&lt;p&gt;Training Areas&lt;/p&gt;&lt;p&gt;Shapes, input&lt;/p&gt;</dialogReference>
      </param>
      <param name="FIELD" displayname="Label Field" type="Optional" direction="Output">
        <dialogReference>&lt;p&gt;Label Field&lt;/p&gt;&lt;p&gt;Table field&lt;/p&gt;</dialogReference>
      </param>
      <param name="LABEL_AS_ID" displayname="Use Label as Identifier" type="Optional" direction="Output">
        <dialogReference>&lt;p&gt;Use Label as Identifier&lt;/p&gt;&lt;p&gt;Boolean&lt;/p&gt;&lt;p&gt;Default: 0&lt;/p&gt;&lt;p&gt;Use training area labels as identifier in classification result, assumes all label values are integer numbers!&lt;/p&gt;</dialogReference>
      </param>
      <param name="DO_MRMR" displayname="Minimum Redundancy Feature Selection" type="Optional" direction="Output">
        <dialogReference>&lt;p&gt;Minimum Redundancy Feature Selection&lt;/p&gt;&lt;p&gt;Boolean&lt;/p&gt;&lt;p&gt;Default: 0&lt;/p&gt;&lt;p&gt;Use only features selected by the minimum Redundancy Maximum Relevance (mRMR) algorithm&lt;/p&gt;</dialogReference>
      </param>
      <param name="mRMR_NFEATURES" displayname="Number of Features" type="Optional" direction="Output">
        <dialogReference>&lt;p&gt;Number of Features&lt;/p&gt;&lt;p&gt;Integer&lt;/p&gt;&lt;p&gt;Minimum: 1&lt;/p&gt;&lt;p&gt;Default: 50&lt;/p&gt;</dialogReference>
      </param>
      <param name="mRMR_DISCRETIZE" displayname="Discretization" type="Optional" direction="Output">
        <dialogReference>&lt;p&gt;Discretization&lt;/p&gt;&lt;p&gt;Boolean&lt;/p&gt;&lt;p&gt;Default: 1&lt;/p&gt;&lt;p&gt;uncheck this means no discretizaton (i.e. data is already integer)&lt;/p&gt;</dialogReference>
      </param>
      <param name="mRMR_THRESHOLD" displayname="Discretization Threshold" type="Optional" direction="Output">
        <dialogReference>&lt;p&gt;Discretization Threshold&lt;/p&gt;&lt;p&gt;Floating point&lt;/p&gt;&lt;p&gt;Minimum: 0.000000&lt;/p&gt;&lt;p&gt;Default: 1.000000&lt;/p&gt;&lt;p&gt;a double number of the discretization threshold; set to 0 to make binarization&lt;/p&gt;</dialogReference>
      </param>
      <param name="mRMR_METHOD" displayname="Selection Method" type="Optional" direction="Output">
        <dialogReference>&lt;p&gt;Selection Method&lt;/p&gt;&lt;p&gt;Choice&lt;/p&gt;&lt;p&gt;Available Choices:&lt;/p&gt;&lt;p&gt;[0] Mutual Information Difference (MID)&lt;/p&gt;&lt;p&gt;[1] Mutual Information Quotient (MIQ)&lt;/p&gt;&lt;p&gt;Default: 0&lt;/p&gt;</dialogReference>
      </param>
      <param name="RF_TREE_COUNT" displayname="Tree Count" type="Optional" direction="Output">
        <dialogReference>&lt;p&gt;Tree Count&lt;/p&gt;&lt;p&gt;Integer&lt;/p&gt;&lt;p&gt;Minimum: 1&lt;/p&gt;&lt;p&gt;Default: 32&lt;/p&gt;&lt;p&gt;How many trees to create?&lt;/p&gt;</dialogReference>
      </param>
      <param name="RF_TREE_SAMPLES" displayname="Samples per Tree" type="Optional" direction="Output">
        <dialogReference>&lt;p&gt;Samples per Tree&lt;/p&gt;&lt;p&gt;Floating point&lt;/p&gt;&lt;p&gt;Minimum: 0.000000&lt;/p&gt;&lt;p&gt;Maximum: 1.000000&lt;/p&gt;&lt;p&gt;Default: 1.000000&lt;/p&gt;&lt;p&gt;Specifies the fraction of the total number of samples used per tree for learning.&lt;/p&gt;</dialogReference>
      </param>
      <param name="RF_REPLACE" displayname="Sample with Replacement" type="Optional" direction="Output">
        <dialogReference>&lt;p&gt;Sample with Replacement&lt;/p&gt;&lt;p&gt;Boolean&lt;/p&gt;&lt;p&gt;Default: 1&lt;/p&gt;&lt;p&gt;Sample from training population with or without replacement?&lt;/p&gt;</dialogReference>
      </param>
      <param name="RF_SPLIT_MIN_SIZE" displayname="Minimum Node Split Size" type="Optional" direction="Output">
        <dialogReference>&lt;p&gt;Minimum Node Split Size&lt;/p&gt;&lt;p&gt;Integer&lt;/p&gt;&lt;p&gt;Minimum: 1&lt;/p&gt;&lt;p&gt;Default: 1&lt;/p&gt;&lt;p&gt;Number of examples required for a node to be split. Choose 1 for complete growing.&lt;/p&gt;</dialogReference>
      </param>
      <param name="RF_NODE_FEATURES" displayname="Features per Node" type="Optional" direction="Output">
        <dialogReference>&lt;p&gt;Features per Node&lt;/p&gt;&lt;p&gt;Choice&lt;/p&gt;&lt;p&gt;Available Choices:&lt;/p&gt;&lt;p&gt;[0] logarithmic&lt;/p&gt;&lt;p&gt;[1] square root&lt;/p&gt;&lt;p&gt;[2] all&lt;/p&gt;&lt;p&gt;Default: 1&lt;/p&gt;</dialogReference>
      </param>
      <param name="RF_STRATIFICATION" displayname="Stratification" type="Optional" direction="Output">
        <dialogReference>&lt;p&gt;Stratification&lt;/p&gt;&lt;p&gt;Choice&lt;/p&gt;&lt;p&gt;Available Choices:&lt;/p&gt;&lt;p&gt;[0] none&lt;/p&gt;&lt;p&gt;[1] equal&lt;/p&gt;&lt;p&gt;[2] proportional&lt;/p&gt;&lt;p&gt;Default: 0&lt;/p&gt;&lt;p&gt;Specifies stratification strategy. Either none, equal amount of class samples, or proportional to fraction of class samples.&lt;/p&gt;</dialogReference>
      </param>
    </parameters>
    <summary>Random Forest Classification.</summary>
  </tool>
  <dataIdInfo>
    <idCitation>
      <resTitle>O.Conrad (c) 2013</resTitle>
    </idCitation>
    <idCredit>Conrad, O., Bechtel, B., Bock, M., Dietrich, H., Fischer, E., Gerlitz, L., Wehberg, J., Wichmann, V., and Boehner, J. (2015): System for Automated Geoscientific Analyses (SAGA) v. 2.1.4, Geosci. Model Dev., 8, 1991-2007, doi:10.5194/gmd-8-1991-2015. [SAGA - System for Automated Geoscientific Analyses - saga-gis.org] </idCredit>
    <searchKeys>
      <SAGA></SAGA>
    </searchKeys>
  </dataIdInfo>
</metadata>
