<?xml version="1.0" encoding="UTF-8"?>
<metadata xml:lang="en">
  <Esri>
    <CreaDate>20150910</CreaDate>
    <CreaTime>11550000</CreaTime>
    <ArcGISFormat>1.0</ArcGISFormat>
    <SyncOnce>TRUE</SyncOnce>
    <ArcGISProfile>ItemDescription</ArcGISProfile>
  </Esri>
  <tool name="tool_4" displayname="Superpixel Segmentation">
    <parameters>
      <param name="FEATURES" displayname="Features" type="Required" direction="Input">
        <dialogReference>&lt;p&gt;Features&lt;/p&gt;&lt;p&gt;Grid list, input&lt;/p&gt;</dialogReference>
      </param>
      <param name="NORMALIZE" displayname="Normalize" type="Optional" direction="Output">
        <dialogReference>&lt;p&gt;Normalize&lt;/p&gt;&lt;p&gt;Boolean&lt;/p&gt;&lt;p&gt;Default: 0&lt;/p&gt;</dialogReference>
      </param>
      <param name="POLYGONS" displayname="Segments" type="Required" direction="Output">
        <dialogReference>&lt;p&gt;Segments&lt;/p&gt;&lt;p&gt;Shapes, output&lt;/p&gt;</dialogReference>
      </param>
      <param name="MAX_ITERATIONS" displayname="Maximum Iterations" type="Optional" direction="Output">
        <dialogReference>&lt;p&gt;Maximum Iterations&lt;/p&gt;&lt;p&gt;Integer&lt;/p&gt;&lt;p&gt;Minimum: 1&lt;/p&gt;&lt;p&gt;Default: 100&lt;/p&gt;</dialogReference>
      </param>
      <param name="REGULARIZATION" displayname="Regularization" type="Optional" direction="Output">
        <dialogReference>&lt;p&gt;Regularization&lt;/p&gt;&lt;p&gt;Floating point&lt;/p&gt;&lt;p&gt;Minimum: 0.000000&lt;/p&gt;&lt;p&gt;Default: 1.000000&lt;/p&gt;</dialogReference>
      </param>
      <param name="SIZE" displayname="Region Size" type="Optional" direction="Output">
        <dialogReference>&lt;p&gt;Region Size&lt;/p&gt;&lt;p&gt;Integer&lt;/p&gt;&lt;p&gt;Minimum: 1&lt;/p&gt;&lt;p&gt;Default: 10&lt;/p&gt;&lt;p&gt;Starting 'cell size' of the superpixels given as number of cells.&lt;/p&gt;</dialogReference>
      </param>
      <param name="SIZE_MIN" displayname="Minimum Region Size" type="Optional" direction="Output">
        <dialogReference>&lt;p&gt;Minimum Region Size&lt;/p&gt;&lt;p&gt;Integer&lt;/p&gt;&lt;p&gt;Minimum: 1&lt;/p&gt;&lt;p&gt;Default: 1&lt;/p&gt;&lt;p&gt;In postprocessing join segments, which cover less cells than specified here, to a larger neighbour segment.&lt;/p&gt;</dialogReference>
      </param>
      <param name="SUPERPIXELS_DO" displayname="Create Superpixel Grids" type="Optional" direction="Output">
        <dialogReference>&lt;p&gt;Create Superpixel Grids&lt;/p&gt;&lt;p&gt;Boolean&lt;/p&gt;&lt;p&gt;Default: 0&lt;/p&gt;</dialogReference>
      </param>
      <param name="SUPERPIXELS" displayname="Superpixels" type="Optional" direction="Output">
        <dialogReference>&lt;p&gt;Superpixels&lt;/p&gt;&lt;p&gt;Grid list, output, optional&lt;/p&gt;&lt;p&gt;optional&lt;/p&gt;</dialogReference>
      </param>
      <param name="POSTPROCESSING" displayname="Post-Processing" type="Optional" direction="Output">
        <dialogReference>&lt;p&gt;Post-Processing&lt;/p&gt;&lt;p&gt;Choice&lt;/p&gt;&lt;p&gt;Available Choices:&lt;/p&gt;&lt;p&gt;[0] none&lt;/p&gt;&lt;p&gt;[1] unsupervised classification&lt;/p&gt;&lt;p&gt;Default: 0&lt;/p&gt;</dialogReference>
      </param>
      <param name="NCLUSTER" displayname="Number of Clusters" type="Optional" direction="Output">
        <dialogReference>&lt;p&gt;Number of Clusters&lt;/p&gt;&lt;p&gt;Integer&lt;/p&gt;&lt;p&gt;Minimum: 2&lt;/p&gt;&lt;p&gt;Default: 12&lt;/p&gt;</dialogReference>
      </param>
      <param name="SPLIT_CLUSTERS" displayname="Split Clusters" type="Optional" direction="Output">
        <dialogReference>&lt;p&gt;Split Clusters&lt;/p&gt;&lt;p&gt;Boolean&lt;/p&gt;&lt;p&gt;Default: 1&lt;/p&gt;</dialogReference>
      </param>
    </parameters>
    <summary>The Superpixel Segmentation tool implements the 'Simple Linear Iterative Clustering' (SLIC) algorithm, an image segmentation method described in Achanta et al. (2010). 

SLIC is a simple and efficient method to decompose an image in visually homogeneous regions. It is based on a spatially localized version of k-means clustering. Similar to mean shift or quick shift, each pixel is associated to a feature vector. 

This tool is follows the SLIC implementation created by Vedaldi and Fulkerson as part of the VLFeat library. </summary>
  </tool>
  <dataIdInfo>
    <idCitation>
      <resTitle>O.Conrad (c) 2019</resTitle>
    </idCitation>
    <idCredit>Conrad, O., Bechtel, B., Bock, M., Dietrich, H., Fischer, E., Gerlitz, L., Wehberg, J., Wichmann, V., and Boehner, J. (2015): System for Automated Geoscientific Analyses (SAGA) v. 2.1.4, Geosci. Model Dev., 8, 1991-2007, doi:10.5194/gmd-8-1991-2015. [SAGA - System for Automated Geoscientific Analyses - saga-gis.org] </idCredit>
    <searchKeys>
      <SAGA></SAGA>
    </searchKeys>
  </dataIdInfo>
</metadata>
