<?xml version="1.0" encoding="UTF-8"?>
<metadata xml:lang="en">
  <Esri>
    <CreaDate>20150910</CreaDate>
    <CreaTime>11550000</CreaTime>
    <ArcGISFormat>1.0</ArcGISFormat>
    <SyncOnce>TRUE</SyncOnce>
    <ArcGISProfile>ItemDescription</ArcGISProfile>
  </Esri>
  <tool name="tool_12" displayname="Create Virtual Raster (VRT)">
    <parameters>
      <param name="FILES" displayname="Files" type="Optional" direction="Output">
        <dialogReference>&lt;p&gt;Files&lt;/p&gt;&lt;p&gt;File path&lt;/p&gt;&lt;p&gt;The input files.&lt;/p&gt;</dialogReference>
      </param>
      <param name="FILE_LIST" displayname="Input File List" type="Optional" direction="Output">
        <dialogReference>&lt;p&gt;Input File List&lt;/p&gt;&lt;p&gt;File path, CMD&lt;/p&gt;&lt;p&gt;A text file with the full path to an input grid on each line.&lt;/p&gt;</dialogReference>
      </param>
      <param name="VRT_NAME" displayname="VRT Filename" type="Optional" direction="Output">
        <dialogReference>&lt;p&gt;VRT Filename&lt;/p&gt;&lt;p&gt;File path&lt;/p&gt;&lt;p&gt;The full path and name of the .vrt output file.&lt;/p&gt;</dialogReference>
      </param>
      <param name="RESAMPLING" displayname="Resampling" type="Optional" direction="Output">
        <dialogReference>&lt;p&gt;Resampling&lt;/p&gt;&lt;p&gt;Choice&lt;/p&gt;&lt;p&gt;Available Choices:&lt;/p&gt;&lt;p&gt;[0] nearest&lt;/p&gt;&lt;p&gt;[1] bilinear&lt;/p&gt;&lt;p&gt;[2] cubic&lt;/p&gt;&lt;p&gt;[3] cubic spline&lt;/p&gt;&lt;p&gt;[4] lanczos&lt;/p&gt;&lt;p&gt;[5] average&lt;/p&gt;&lt;p&gt;[6] mode&lt;/p&gt;&lt;p&gt;Default: 0&lt;/p&gt;&lt;p&gt;The resampling algorithm used when datasets are queried from the VRT.&lt;/p&gt;</dialogReference>
      </param>
      <param name="RESOLUTION" displayname="Resolution" type="Optional" direction="Output">
        <dialogReference>&lt;p&gt;Resolution&lt;/p&gt;&lt;p&gt;Choice&lt;/p&gt;&lt;p&gt;Available Choices:&lt;/p&gt;&lt;p&gt;[0] highest&lt;/p&gt;&lt;p&gt;[1] lowest&lt;/p&gt;&lt;p&gt;[2] average&lt;/p&gt;&lt;p&gt;[3] user&lt;/p&gt;&lt;p&gt;Default: 0&lt;/p&gt;&lt;p&gt;The method how to compute the output resolution if the resolution of all input files is not the same.&lt;/p&gt;</dialogReference>
      </param>
      <param name="CELLSIZE" displayname="Cellsize" type="Optional" direction="Output">
        <dialogReference>&lt;p&gt;Cellsize&lt;/p&gt;&lt;p&gt;Floating point&lt;/p&gt;&lt;p&gt;Minimum: 0.000000&lt;/p&gt;&lt;p&gt;Default: 1.000000&lt;/p&gt;</dialogReference>
      </param>
      <param name="ALIGN" displayname="Align" type="Optional" direction="Output">
        <dialogReference>&lt;p&gt;Align&lt;/p&gt;&lt;p&gt;Boolean&lt;/p&gt;&lt;p&gt;Default: 1&lt;/p&gt;&lt;p&gt;Align the coordinates of the extent to the cellsize.&lt;/p&gt;</dialogReference>
      </param>
    </parameters>
    <summary>The tool allows one to create a virtual dataset (VRT) which is a mosaic of the input raster datasets. Such a VRT can be used for seamless data access to a large number of raster tiles, a typical application is the clipping of raster tiles from such a VRT.


GDAL Version:3.5.2

Following raster formats are currently supported:
&lt;table border="1"&gt;&lt;tr&gt;&lt;th&gt;ID&lt;/th&gt;&lt;th&gt;Name&lt;/th&gt;&lt;th&gt;Extension&lt;/th&gt;&lt;/tr&gt;&lt;tr&gt;&lt;td&gt;BAG&lt;/td&gt;&lt;td&gt;Bathymetry Attributed Grid&lt;/td&gt;&lt;td&gt;bag&lt;/td&gt;&lt;/tr&gt;&lt;tr&gt;&lt;td&gt;ECW&lt;/td&gt;&lt;td&gt;ERDAS Compressed Wavelets (SDK 5.5)&lt;/td&gt;&lt;td&gt;ecw&lt;/td&gt;&lt;/tr&gt;&lt;tr&gt;&lt;td&gt;JP2ECW&lt;/td&gt;&lt;td&gt;ERDAS JPEG2000 (SDK 5.5)&lt;/td&gt;&lt;td&gt;jp2&lt;/td&gt;&lt;/tr&gt;&lt;tr&gt;&lt;td&gt;FITS&lt;/td&gt;&lt;td&gt;Flexible Image Transport System&lt;/td&gt;&lt;td&gt;&lt;/td&gt;&lt;/tr&gt;&lt;tr&gt;&lt;td&gt;HDF4&lt;/td&gt;&lt;td&gt;Hierarchical Data Format Release 4&lt;/td&gt;&lt;td&gt;hdf&lt;/td&gt;&lt;/tr&gt;&lt;tr&gt;&lt;td&gt;HDF4Image&lt;/td&gt;&lt;td&gt;HDF4 Dataset&lt;/td&gt;&lt;td&gt;&lt;/td&gt;&lt;/tr&gt;&lt;tr&gt;&lt;td&gt;HDF5&lt;/td&gt;&lt;td&gt;Hierarchical Data Format Release 5&lt;/td&gt;&lt;td&gt;&lt;/td&gt;&lt;/tr&gt;&lt;tr&gt;&lt;td&gt;HDF5Image&lt;/td&gt;&lt;td&gt;HDF5 Dataset&lt;/td&gt;&lt;td&gt;&lt;/td&gt;&lt;/tr&gt;&lt;tr&gt;&lt;td&gt;KEA&lt;/td&gt;&lt;td&gt;KEA Image Format (.kea)&lt;/td&gt;&lt;td&gt;kea&lt;/td&gt;&lt;/tr&gt;&lt;tr&gt;&lt;td&gt;netCDF&lt;/td&gt;&lt;td&gt;Network Common Data Format&lt;/td&gt;&lt;td&gt;nc&lt;/td&gt;&lt;/tr&gt;&lt;tr&gt;&lt;td&gt;PDF&lt;/td&gt;&lt;td&gt;Geospatial PDF&lt;/td&gt;&lt;td&gt;pdf&lt;/td&gt;&lt;/tr&gt;&lt;tr&gt;&lt;td&gt;VRT&lt;/td&gt;&lt;td&gt;Virtual Raster&lt;/td&gt;&lt;td&gt;vrt&lt;/td&gt;&lt;/tr&gt;&lt;tr&gt;&lt;td&gt;DERIVED&lt;/td&gt;&lt;td&gt;Derived datasets using VRT pixel functions&lt;/td&gt;&lt;td&gt;&lt;/td&gt;&lt;/tr&gt;&lt;tr&gt;&lt;td&gt;GTiff&lt;/td&gt;&lt;td&gt;GeoTIFF&lt;/td&gt;&lt;td&gt;tif&lt;/td&gt;&lt;/tr&gt;&lt;tr&gt;&lt;td&gt;NITF&lt;/td&gt;&lt;td&gt;National Imagery Transmission Format&lt;/td&gt;&lt;td&gt;ntf&lt;/td&gt;&lt;/tr&gt;&lt;tr&gt;&lt;td&gt;RPFTOC&lt;/td&gt;&lt;td&gt;Raster Product Format TOC format&lt;/td&gt;&lt;td&gt;toc&lt;/td&gt;&lt;/tr&gt;&lt;tr&gt;&lt;td&gt;ECRGTOC&lt;/td&gt;&lt;td&gt;ECRG TOC format&lt;/td&gt;&lt;td&gt;xml&lt;/td&gt;&lt;/tr&gt;&lt;tr&gt;&lt;td&gt;HFA&lt;/td&gt;&lt;td&gt;Erdas Imagine Images (.img)&lt;/td&gt;&lt;td&gt;img&lt;/td&gt;&lt;/tr&gt;&lt;tr&gt;&lt;td&gt;SAR_CEOS&lt;/td&gt;&lt;td&gt;CEOS SAR Image&lt;/td&gt;&lt;td&gt;&lt;/td&gt;&lt;/tr&gt;&lt;tr&gt;&lt;td&gt;CEOS&lt;/td&gt;&lt;td&gt;CEOS Image&lt;/td&gt;&lt;td&gt;&lt;/td&gt;&lt;/tr&gt;&lt;tr&gt;&lt;td&gt;JAXAPALSAR&lt;/td&gt;&lt;td&gt;JAXA PALSAR Product Reader (Level 1.1/1.5)&lt;/td&gt;&lt;td&gt;&lt;/td&gt;&lt;/tr&gt;&lt;tr&gt;&lt;td&gt;GFF&lt;/td&gt;&lt;td&gt;Ground-based SAR Applications Testbed File Format (.gff)&lt;/td&gt;&lt;td&gt;gff&lt;/td&gt;&lt;/tr&gt;&lt;tr&gt;&lt;td&gt;ELAS&lt;/td&gt;&lt;td&gt;ELAS&lt;/td&gt;&lt;td&gt;&lt;/td&gt;&lt;/tr&gt;&lt;tr&gt;&lt;td&gt;ESRIC&lt;/td&gt;&lt;td&gt;Esri Compact Cache&lt;/td&gt;&lt;td&gt;&lt;/td&gt;&lt;/tr&gt;&lt;tr&gt;&lt;td&gt;AIG&lt;/td&gt;&lt;td&gt;Arc/Info Binary Grid&lt;/td&gt;&lt;td&gt;&lt;/td&gt;&lt;/tr&gt;&lt;tr&gt;&lt;td&gt;AAIGrid&lt;/td&gt;&lt;td&gt;Arc/Info ASCII Grid&lt;/td&gt;&lt;td&gt;asc&lt;/td&gt;&lt;/tr&gt;&lt;tr&gt;&lt;td&gt;GRASSASCIIGrid&lt;/td&gt;&lt;td&gt;GRASS ASCII Grid&lt;/td&gt;&lt;td&gt;&lt;/td&gt;&lt;/tr&gt;&lt;tr&gt;&lt;td&gt;ISG&lt;/td&gt;&lt;td&gt;International Service for the Geoid&lt;/td&gt;&lt;td&gt;isg&lt;/td&gt;&lt;/tr&gt;&lt;tr&gt;&lt;td&gt;SDTS&lt;/td&gt;&lt;td&gt;SDTS Raster&lt;/td&gt;&lt;td&gt;ddf&lt;/td&gt;&lt;/tr&gt;&lt;tr&gt;&lt;td&gt;DTED&lt;/td&gt;&lt;td&gt;DTED Elevation Raster&lt;/td&gt;&lt;td&gt;&lt;/td&gt;&lt;/tr&gt;&lt;tr&gt;&lt;td&gt;PNG&lt;/td&gt;&lt;td&gt;Portable Network Graphics&lt;/td&gt;&lt;td&gt;png&lt;/td&gt;&lt;/tr&gt;&lt;tr&gt;&lt;td&gt;JPEG&lt;/td&gt;&lt;td&gt;JPEG JFIF&lt;/td&gt;&lt;td&gt;jpg&lt;/td&gt;&lt;/tr&gt;&lt;tr&gt;&lt;td&gt;MEM&lt;/td&gt;&lt;td&gt;In Memory Raster&lt;/td&gt;&lt;td&gt;&lt;/td&gt;&lt;/tr&gt;&lt;tr&gt;&lt;td&gt;JDEM&lt;/td&gt;&lt;td&gt;Japanese DEM (.mem)&lt;/td&gt;&lt;td&gt;mem&lt;/td&gt;&lt;/tr&gt;&lt;tr&gt;&lt;td&gt;GIF&lt;/td&gt;&lt;td&gt;Graphics Interchange Format (.gif)&lt;/td&gt;&lt;td&gt;gif&lt;/td&gt;&lt;/tr&gt;&lt;tr&gt;&lt;td&gt;BIGGIF&lt;/td&gt;&lt;td&gt;Graphics Interchange Format (.gif)&lt;/td&gt;&lt;td&gt;gif&lt;/td&gt;&lt;/tr&gt;&lt;tr&gt;&lt;td&gt;ESAT&lt;/td&gt;&lt;td&gt;Envisat Image Format&lt;/td&gt;&lt;td&gt;n1&lt;/td&gt;&lt;/tr&gt;&lt;tr&gt;&lt;td&gt;BSB&lt;/td&gt;&lt;td&gt;Maptech BSB Nautical Charts&lt;/td&gt;&lt;td&gt;kap&lt;/td&gt;&lt;/tr&gt;&lt;tr&gt;&lt;td&gt;XPM&lt;/td&gt;&lt;td&gt;X11 PixMap Format&lt;/td&gt;&lt;td&gt;xpm&lt;/td&gt;&lt;/tr&gt;&lt;tr&gt;&lt;td&gt;BMP&lt;/td&gt;&lt;td&gt;MS Windows Device Independent Bitmap&lt;/td&gt;&lt;td&gt;bmp&lt;/td&gt;&lt;/tr&gt;&lt;tr&gt;&lt;td&gt;DIMAP&lt;/td&gt;&lt;td&gt;SPOT DIMAP&lt;/td&gt;&lt;td&gt;&lt;/td&gt;&lt;/tr&gt;&lt;tr&gt;&lt;td&gt;AirSAR&lt;/td&gt;&lt;td&gt;AirSAR Polarimetric Image&lt;/td&gt;&lt;td&gt;&lt;/td&gt;&lt;/tr&gt;&lt;tr&gt;&lt;td&gt;RS2&lt;/td&gt;&lt;td&gt;RadarSat 2 XML Product&lt;/td&gt;&lt;td&gt;&lt;/td&gt;&lt;/tr&gt;&lt;tr&gt;&lt;td&gt;SAFE&lt;/td&gt;&lt;td&gt;Sentinel-1 SAR SAFE Product&lt;/td&gt;&lt;td&gt;&lt;/td&gt;&lt;/tr&gt;&lt;tr&gt;&lt;td&gt;PCIDSK&lt;/td&gt;&lt;td&gt;PCIDSK Database File&lt;/td&gt;&lt;td&gt;pix&lt;/td&gt;&lt;/tr&gt;&lt;tr&gt;&lt;td&gt;PCRaster&lt;/td&gt;&lt;td&gt;PCRaster Raster File&lt;/td&gt;&lt;td&gt;map&lt;/td&gt;&lt;/tr&gt;&lt;tr&gt;&lt;td&gt;ILWIS&lt;/td&gt;&lt;td&gt;ILWIS Raster Map&lt;/td&gt;&lt;td&gt;&lt;/td&gt;&lt;/tr&gt;&lt;tr&gt;&lt;td&gt;SGI&lt;/td&gt;&lt;td&gt;SGI Image File Format 1.0&lt;/td&gt;&lt;td&gt;rgb&lt;/td&gt;&lt;/tr&gt;&lt;tr&gt;&lt;td&gt;SRTMHGT&lt;/td&gt;&lt;td&gt;SRTMHGT File Format&lt;/td&gt;&lt;td&gt;hgt&lt;/td&gt;&lt;/tr&gt;&lt;tr&gt;&lt;td&gt;Leveller&lt;/td&gt;&lt;td&gt;Leveller heightfield&lt;/td&gt;&lt;td&gt;ter&lt;/td&gt;&lt;/tr&gt;&lt;tr&gt;&lt;td&gt;Terragen&lt;/td&gt;&lt;td&gt;Terragen heightfield&lt;/td&gt;&lt;td&gt;ter&lt;/td&gt;&lt;/tr&gt;&lt;tr&gt;&lt;td&gt;ISIS3&lt;/td&gt;&lt;td&gt;USGS Astrogeology ISIS cube (Version 3)&lt;/td&gt;&lt;td&gt;&lt;/td&gt;&lt;/tr&gt;&lt;tr&gt;&lt;td&gt;ISIS2&lt;/td&gt;&lt;td&gt;USGS Astrogeology ISIS cube (Version 2)&lt;/td&gt;&lt;td&gt;&lt;/td&gt;&lt;/tr&gt;&lt;tr&gt;&lt;td&gt;PDS&lt;/td&gt;&lt;td&gt;NASA Planetary Data System&lt;/td&gt;&lt;td&gt;&lt;/td&gt;&lt;/tr&gt;&lt;tr&gt;&lt;td&gt;PDS4&lt;/td&gt;&lt;td&gt;NASA Planetary Data System 4&lt;/td&gt;&lt;td&gt;xml&lt;/td&gt;&lt;/tr&gt;&lt;tr&gt;&lt;td&gt;VICAR&lt;/td&gt;&lt;td&gt;MIPL VICAR file&lt;/td&gt;&lt;td&gt;&lt;/td&gt;&lt;/tr&gt;&lt;tr&gt;&lt;td&gt;TIL&lt;/td&gt;&lt;td&gt;EarthWatch .TIL&lt;/td&gt;&lt;td&gt;&lt;/td&gt;&lt;/tr&gt;&lt;tr&gt;&lt;td&gt;ERS&lt;/td&gt;&lt;td&gt;ERMapper .ers Labelled&lt;/td&gt;&lt;td&gt;ers&lt;/td&gt;&lt;/tr&gt;&lt;tr&gt;&lt;td&gt;JP2OpenJPEG&lt;/td&gt;&lt;td&gt;JPEG-2000 driver based on OpenJPEG library&lt;/td&gt;&lt;td&gt;jp2&lt;/td&gt;&lt;/tr&gt;&lt;tr&gt;&lt;td&gt;L1B&lt;/td&gt;&lt;td&gt;NOAA Polar Orbiter Level 1b Data Set&lt;/td&gt;&lt;td&gt;&lt;/td&gt;&lt;/tr&gt;&lt;tr&gt;&lt;td&gt;FIT&lt;/td&gt;&lt;td&gt;FIT Image&lt;/td&gt;&lt;td&gt;&lt;/td&gt;&lt;/tr&gt;&lt;tr&gt;&lt;td&gt;GRIB&lt;/td&gt;&lt;td&gt;GRIdded Binary (.grb, .grb2)&lt;/td&gt;&lt;td&gt;&lt;/td&gt;&lt;/tr&gt;&lt;tr&gt;&lt;td&gt;RMF&lt;/td&gt;&lt;td&gt;Raster Matrix Format&lt;/td&gt;&lt;td&gt;rsw&lt;/td&gt;&lt;/tr&gt;&lt;tr&gt;&lt;td&gt;WCS&lt;/td&gt;&lt;td&gt;OGC Web Coverage Service&lt;/td&gt;&lt;td&gt;&lt;/td&gt;&lt;/tr&gt;&lt;tr&gt;&lt;td&gt;WMS&lt;/td&gt;&lt;td&gt;OGC Web Map Service&lt;/td&gt;&lt;td&gt;&lt;/td&gt;&lt;/tr&gt;&lt;tr&gt;&lt;td&gt;MSGN&lt;/td&gt;&lt;td&gt;EUMETSAT Archive native (.nat)&lt;/td&gt;&lt;td&gt;nat&lt;/td&gt;&lt;/tr&gt;&lt;tr&gt;&lt;td&gt;RST&lt;/td&gt;&lt;td&gt;Idrisi Raster A.1&lt;/td&gt;&lt;td&gt;rst&lt;/td&gt;&lt;/tr&gt;&lt;tr&gt;&lt;td&gt;GSAG&lt;/td&gt;&lt;td&gt;Golden Software ASCII Grid (.grd)&lt;/td&gt;&lt;td&gt;grd&lt;/td&gt;&lt;/tr&gt;&lt;tr&gt;&lt;td&gt;GSBG&lt;/td&gt;&lt;td&gt;Golden Software Binary Grid (.grd)&lt;/td&gt;&lt;td&gt;grd&lt;/td&gt;&lt;/tr&gt;&lt;tr&gt;&lt;td&gt;GS7BG&lt;/td&gt;&lt;td&gt;Golden Software 7 Binary Grid (.grd)&lt;/td&gt;&lt;td&gt;grd&lt;/td&gt;&lt;/tr&gt;&lt;tr&gt;&lt;td&gt;COSAR&lt;/td&gt;&lt;td&gt;COSAR Annotated Binary Matrix (TerraSAR-X)&lt;/td&gt;&lt;td&gt;&lt;/td&gt;&lt;/tr&gt;&lt;tr&gt;&lt;td&gt;TSX&lt;/td&gt;&lt;td&gt;TerraSAR-X Product&lt;/td&gt;&lt;td&gt;&lt;/td&gt;&lt;/tr&gt;&lt;tr&gt;&lt;td&gt;COASP&lt;/td&gt;&lt;td&gt;DRDC COASP SAR Processor Raster&lt;/td&gt;&lt;td&gt;hdr&lt;/td&gt;&lt;/tr&gt;&lt;tr&gt;&lt;td&gt;R&lt;/td&gt;&lt;td&gt;R Object Data Store&lt;/td&gt;&lt;td&gt;rda&lt;/td&gt;&lt;/tr&gt;&lt;tr&gt;&lt;td&gt;MAP&lt;/td&gt;&lt;td&gt;OziExplorer .MAP&lt;/td&gt;&lt;td&gt;&lt;/td&gt;&lt;/tr&gt;&lt;tr&gt;&lt;td&gt;KMLSUPEROVERLAY&lt;/td&gt;&lt;td&gt;Kml Super Overlay&lt;/td&gt;&lt;td&gt;&lt;/td&gt;&lt;/tr&gt;&lt;tr&gt;&lt;td&gt;WEBP&lt;/td&gt;&lt;td&gt;WEBP&lt;/td&gt;&lt;td&gt;webp&lt;/td&gt;&lt;/tr&gt;&lt;tr&gt;&lt;td&gt;Rasterlite&lt;/td&gt;&lt;td&gt;Rasterlite&lt;/td&gt;&lt;td&gt;sqlite&lt;/td&gt;&lt;/tr&gt;&lt;tr&gt;&lt;td&gt;MBTiles&lt;/td&gt;&lt;td&gt;MBTiles&lt;/td&gt;&lt;td&gt;mbtiles&lt;/td&gt;&lt;/tr&gt;&lt;tr&gt;&lt;td&gt;PLMOSAIC&lt;/td&gt;&lt;td&gt;Planet Labs Mosaics API&lt;/td&gt;&lt;td&gt;&lt;/td&gt;&lt;/tr&gt;&lt;tr&gt;&lt;td&gt;CALS&lt;/td&gt;&lt;td&gt;CALS (Type 1)&lt;/td&gt;&lt;td&gt;&lt;/td&gt;&lt;/tr&gt;&lt;tr&gt;&lt;td&gt;WMTS&lt;/td&gt;&lt;td&gt;OGC Web Map Tile Service&lt;/td&gt;&lt;td&gt;&lt;/td&gt;&lt;/tr&gt;&lt;tr&gt;&lt;td&gt;SENTINEL2&lt;/td&gt;&lt;td&gt;Sentinel 2&lt;/td&gt;&lt;td&gt;&lt;/td&gt;&lt;/tr&gt;&lt;tr&gt;&lt;td&gt;MRF&lt;/td&gt;&lt;td&gt;Meta Raster Format&lt;/td&gt;&lt;td&gt;mrf&lt;/td&gt;&lt;/tr&gt;&lt;tr&gt;&lt;td&gt;PNM&lt;/td&gt;&lt;td&gt;Portable Pixmap Format (netpbm)&lt;/td&gt;&lt;td&gt;&lt;/td&gt;&lt;/tr&gt;&lt;tr&gt;&lt;td&gt;DOQ1&lt;/td&gt;&lt;td&gt;USGS DOQ (Old Style)&lt;/td&gt;&lt;td&gt;&lt;/td&gt;&lt;/tr&gt;&lt;tr&gt;&lt;td&gt;DOQ2&lt;/td&gt;&lt;td&gt;USGS DOQ (New Style)&lt;/td&gt;&lt;td&gt;&lt;/td&gt;&lt;/tr&gt;&lt;tr&gt;&lt;td&gt;PAux&lt;/td&gt;&lt;td&gt;PCI .aux Labelled&lt;/td&gt;&lt;td&gt;&lt;/td&gt;&lt;/tr&gt;&lt;tr&gt;&lt;td&gt;MFF&lt;/td&gt;&lt;td&gt;Vexcel MFF Raster&lt;/td&gt;&lt;td&gt;hdr&lt;/td&gt;&lt;/tr&gt;&lt;tr&gt;&lt;td&gt;MFF2&lt;/td&gt;&lt;td&gt;Vexcel MFF2 (HKV) Raster&lt;/td&gt;&lt;td&gt;&lt;/td&gt;&lt;/tr&gt;&lt;tr&gt;&lt;td&gt;GSC&lt;/td&gt;&lt;td&gt;GSC Geogrid&lt;/td&gt;&lt;td&gt;&lt;/td&gt;&lt;/tr&gt;&lt;tr&gt;&lt;td&gt;FAST&lt;/td&gt;&lt;td&gt;EOSAT FAST Format&lt;/td&gt;&lt;td&gt;&lt;/td&gt;&lt;/tr&gt;&lt;tr&gt;&lt;td&gt;BT&lt;/td&gt;&lt;td&gt;VTP .bt (Binary Terrain) 1.3 Format&lt;/td&gt;&lt;td&gt;bt&lt;/td&gt;&lt;/tr&gt;&lt;tr&gt;&lt;td&gt;LAN&lt;/td&gt;&lt;td&gt;Erdas .LAN/.GIS&lt;/td&gt;&lt;td&gt;&lt;/td&gt;&lt;/tr&gt;&lt;tr&gt;&lt;td&gt;CPG&lt;/td&gt;&lt;td&gt;Convair PolGASP&lt;/td&gt;&lt;td&gt;&lt;/td&gt;&lt;/tr&gt;&lt;tr&gt;&lt;td&gt;NDF&lt;/td&gt;&lt;td&gt;NLAPS Data Format&lt;/td&gt;&lt;td&gt;&lt;/td&gt;&lt;/tr&gt;&lt;tr&gt;&lt;td&gt;EIR&lt;/td&gt;&lt;td&gt;Erdas Imagine Raw&lt;/td&gt;&lt;td&gt;&lt;/td&gt;&lt;/tr&gt;&lt;tr&gt;&lt;td&gt;DIPEx&lt;/td&gt;&lt;td&gt;DIPEx&lt;/td&gt;&lt;td&gt;&lt;/td&gt;&lt;/tr&gt;&lt;tr&gt;&lt;td&gt;LCP&lt;/td&gt;&lt;td&gt;FARSITE v.4 Landscape File (.lcp)&lt;/td&gt;&lt;td&gt;lcp&lt;/td&gt;&lt;/tr&gt;&lt;tr&gt;&lt;td&gt;GTX&lt;/td&gt;&lt;td&gt;NOAA Vertical Datum .GTX&lt;/td&gt;&lt;td&gt;gtx&lt;/td&gt;&lt;/tr&gt;&lt;tr&gt;&lt;td&gt;LOSLAS&lt;/td&gt;&lt;td&gt;NADCON .los/.las Datum Grid Shift&lt;/td&gt;&lt;td&gt;&lt;/td&gt;&lt;/tr&gt;&lt;tr&gt;&lt;td&gt;NTv2&lt;/td&gt;&lt;td&gt;NTv2 Datum Grid Shift&lt;/td&gt;&lt;td&gt;&lt;/td&gt;&lt;/tr&gt;&lt;tr&gt;&lt;td&gt;CTable2&lt;/td&gt;&lt;td&gt;CTable2 Datum Grid Shift&lt;/td&gt;&lt;td&gt;&lt;/td&gt;&lt;/tr&gt;&lt;tr&gt;&lt;td&gt;ACE2&lt;/td&gt;&lt;td&gt;ACE2&lt;/td&gt;&lt;td&gt;ACE2&lt;/td&gt;&lt;/tr&gt;&lt;tr&gt;&lt;td&gt;SNODAS&lt;/td&gt;&lt;td&gt;Snow Data Assimilation System&lt;/td&gt;&lt;td&gt;hdr&lt;/td&gt;&lt;/tr&gt;&lt;tr&gt;&lt;td&gt;KRO&lt;/td&gt;&lt;td&gt;KOLOR Raw&lt;/td&gt;&lt;td&gt;kro&lt;/td&gt;&lt;/tr&gt;&lt;tr&gt;&lt;td&gt;ROI_PAC&lt;/td&gt;&lt;td&gt;ROI_PAC raster&lt;/td&gt;&lt;td&gt;&lt;/td&gt;&lt;/tr&gt;&lt;tr&gt;&lt;td&gt;RRASTER&lt;/td&gt;&lt;td&gt;R Raster&lt;/td&gt;&lt;td&gt;grd&lt;/td&gt;&lt;/tr&gt;&lt;tr&gt;&lt;td&gt;BYN&lt;/td&gt;&lt;td&gt;Natural Resources Canada's Geoid&lt;/td&gt;&lt;td&gt;&lt;/td&gt;&lt;/tr&gt;&lt;tr&gt;&lt;td&gt;ARG&lt;/td&gt;&lt;td&gt;Azavea Raster Grid format&lt;/td&gt;&lt;td&gt;&lt;/td&gt;&lt;/tr&gt;&lt;tr&gt;&lt;td&gt;RIK&lt;/td&gt;&lt;td&gt;Swedish Grid RIK (.rik)&lt;/td&gt;&lt;td&gt;rik&lt;/td&gt;&lt;/tr&gt;&lt;tr&gt;&lt;td&gt;USGSDEM&lt;/td&gt;&lt;td&gt;USGS Optional ASCII DEM (and CDED)&lt;/td&gt;&lt;td&gt;dem&lt;/td&gt;&lt;/tr&gt;&lt;tr&gt;&lt;td&gt;GXF&lt;/td&gt;&lt;td&gt;GeoSoft Grid Exchange Format&lt;/td&gt;&lt;td&gt;gxf&lt;/td&gt;&lt;/tr&gt;&lt;tr&gt;&lt;td&gt;NWT_GRD&lt;/td&gt;&lt;td&gt;Northwood Numeric Grid Format .grd/.tab&lt;/td&gt;&lt;td&gt;grd&lt;/td&gt;&lt;/tr&gt;&lt;tr&gt;&lt;td&gt;NWT_GRC&lt;/td&gt;&lt;td&gt;Northwood Classified Grid Format .grc/.tab&lt;/td&gt;&lt;td&gt;grc&lt;/td&gt;&lt;/tr&gt;&lt;tr&gt;&lt;td&gt;ADRG&lt;/td&gt;&lt;td&gt;ARC Digitized Raster Graphics&lt;/td&gt;&lt;td&gt;gen&lt;/td&gt;&lt;/tr&gt;&lt;tr&gt;&lt;td&gt;SRP&lt;/td&gt;&lt;td&gt;Standard Raster Product (ASRP/USRP)&lt;/td&gt;&lt;td&gt;img&lt;/td&gt;&lt;/tr&gt;&lt;tr&gt;&lt;td&gt;BLX&lt;/td&gt;&lt;td&gt;Magellan topo (.blx)&lt;/td&gt;&lt;td&gt;blx&lt;/td&gt;&lt;/tr&gt;&lt;tr&gt;&lt;td&gt;PostGISRaster&lt;/td&gt;&lt;td&gt;PostGIS Raster driver&lt;/td&gt;&lt;td&gt;&lt;/td&gt;&lt;/tr&gt;&lt;tr&gt;&lt;td&gt;SAGA&lt;/td&gt;&lt;td&gt;SAGA GIS Binary Grid (.sdat, .sg-grd-z)&lt;/td&gt;&lt;td&gt;&lt;/td&gt;&lt;/tr&gt;&lt;tr&gt;&lt;td&gt;XYZ&lt;/td&gt;&lt;td&gt;ASCII Gridded XYZ&lt;/td&gt;&lt;td&gt;xyz&lt;/td&gt;&lt;/tr&gt;&lt;tr&gt;&lt;td&gt;HF2&lt;/td&gt;&lt;td&gt;HF2/HFZ heightfield raster&lt;/td&gt;&lt;td&gt;hf2&lt;/td&gt;&lt;/tr&gt;&lt;tr&gt;&lt;td&gt;OZI&lt;/td&gt;&lt;td&gt;OziExplorer Image File&lt;/td&gt;&lt;td&gt;&lt;/td&gt;&lt;/tr&gt;&lt;tr&gt;&lt;td&gt;CTG&lt;/td&gt;&lt;td&gt;USGS LULC Composite Theme Grid&lt;/td&gt;&lt;td&gt;&lt;/td&gt;&lt;/tr&gt;&lt;tr&gt;&lt;td&gt;ZMap&lt;/td&gt;&lt;td&gt;ZMap Plus Grid&lt;/td&gt;&lt;td&gt;dat&lt;/td&gt;&lt;/tr&gt;&lt;tr&gt;&lt;td&gt;NGSGEOID&lt;/td&gt;&lt;td&gt;NOAA NGS Geoid Height Grids&lt;/td&gt;&lt;td&gt;bin&lt;/td&gt;&lt;/tr&gt;&lt;tr&gt;&lt;td&gt;IRIS&lt;/td&gt;&lt;td&gt;IRIS data (.PPI, .CAPPi etc)&lt;/td&gt;&lt;td&gt;ppi&lt;/td&gt;&lt;/tr&gt;&lt;tr&gt;&lt;td&gt;PRF&lt;/td&gt;&lt;td&gt;Racurs PHOTOMOD PRF&lt;/td&gt;&lt;td&gt;prf&lt;/td&gt;&lt;/tr&gt;&lt;tr&gt;&lt;td&gt;EEDAI&lt;/td&gt;&lt;td&gt;Earth Engine Data API Image&lt;/td&gt;&lt;td&gt;&lt;/td&gt;&lt;/tr&gt;&lt;tr&gt;&lt;td&gt;DAAS&lt;/td&gt;&lt;td&gt;Airbus DS Intelligence Data As A Service driver&lt;/td&gt;&lt;td&gt;&lt;/td&gt;&lt;/tr&gt;&lt;tr&gt;&lt;td&gt;SIGDEM&lt;/td&gt;&lt;td&gt;Scaled Integer Gridded DEM .sigdem&lt;/td&gt;&lt;td&gt;sigdem&lt;/td&gt;&lt;/tr&gt;&lt;tr&gt;&lt;td&gt;TGA&lt;/td&gt;&lt;td&gt;TGA/TARGA Image File Format&lt;/td&gt;&lt;td&gt;tga&lt;/td&gt;&lt;/tr&gt;&lt;tr&gt;&lt;td&gt;OGCAPI&lt;/td&gt;&lt;td&gt;OGCAPI&lt;/td&gt;&lt;td&gt;&lt;/td&gt;&lt;/tr&gt;&lt;tr&gt;&lt;td&gt;STACTA&lt;/td&gt;&lt;td&gt;Spatio-Temporal Asset Catalog Tiled Assets&lt;/td&gt;&lt;td&gt;json&lt;/td&gt;&lt;/tr&gt;&lt;tr&gt;&lt;td&gt;STACIT&lt;/td&gt;&lt;td&gt;Spatio-Temporal Asset Catalog Items&lt;/td&gt;&lt;td&gt;&lt;/td&gt;&lt;/tr&gt;&lt;tr&gt;&lt;td&gt;GPKG&lt;/td&gt;&lt;td&gt;GeoPackage&lt;/td&gt;&lt;td&gt;gpkg&lt;/td&gt;&lt;/tr&gt;&lt;tr&gt;&lt;td&gt;CAD&lt;/td&gt;&lt;td&gt;AutoCAD Driver&lt;/td&gt;&lt;td&gt;dwg&lt;/td&gt;&lt;/tr&gt;&lt;tr&gt;&lt;td&gt;PLSCENES&lt;/td&gt;&lt;td&gt;Planet Labs Scenes API&lt;/td&gt;&lt;td&gt;&lt;/td&gt;&lt;/tr&gt;&lt;tr&gt;&lt;td&gt;NGW&lt;/td&gt;&lt;td&gt;NextGIS Web&lt;/td&gt;&lt;td&gt;&lt;/td&gt;&lt;/tr&gt;&lt;tr&gt;&lt;td&gt;GenBin&lt;/td&gt;&lt;td&gt;Generic Binary (.hdr Labelled)&lt;/td&gt;&lt;td&gt;&lt;/td&gt;&lt;/tr&gt;&lt;tr&gt;&lt;td&gt;ENVI&lt;/td&gt;&lt;td&gt;ENVI .hdr Labelled&lt;/td&gt;&lt;td&gt;&lt;/td&gt;&lt;/tr&gt;&lt;tr&gt;&lt;td&gt;EHdr&lt;/td&gt;&lt;td&gt;ESRI .hdr Labelled&lt;/td&gt;&lt;td&gt;bil&lt;/td&gt;&lt;/tr&gt;&lt;tr&gt;&lt;td&gt;ISCE&lt;/td&gt;&lt;td&gt;ISCE raster&lt;/td&gt;&lt;td&gt;&lt;/td&gt;&lt;/tr&gt;&lt;tr&gt;&lt;td&gt;Zarr&lt;/td&gt;&lt;td&gt;Zarr&lt;/td&gt;&lt;td&gt;&lt;/td&gt;&lt;/tr&gt;&lt;tr&gt;&lt;td&gt;HTTP&lt;/td&gt;&lt;td&gt;HTTP Fetching Wrapper&lt;/td&gt;&lt;td&gt;&lt;/td&gt;&lt;/tr&gt;&lt;/table&gt;</summary>
  </tool>
  <dataIdInfo>
    <idCitation>
      <resTitle>V. Wichmann (c) 2019</resTitle>
    </idCitation>
    <idCredit>Conrad, O., Bechtel, B., Bock, M., Dietrich, H., Fischer, E., Gerlitz, L., Wehberg, J., Wichmann, V., and Boehner, J. (2015): System for Automated Geoscientific Analyses (SAGA) v. 2.1.4, Geosci. Model Dev., 8, 1991-2007, doi:10.5194/gmd-8-1991-2015. [SAGA - System for Automated Geoscientific Analyses - saga-gis.org] </idCredit>
    <searchKeys>
      <SAGA></SAGA>
    </searchKeys>
  </dataIdInfo>
</metadata>
