<?xml version="1.0" encoding="UTF-8"?>
<metadata xml:lang="en">
  <Esri>
    <CreaDate>20150910</CreaDate>
    <CreaTime>11550000</CreaTime>
    <ArcGISFormat>1.0</ArcGISFormat>
    <SyncOnce>TRUE</SyncOnce>
    <ArcGISProfile>ItemDescription</ArcGISProfile>
  </Esri>
  <tool name="tool_3" displayname="Import Shapes">
    <parameters>
      <param name="SHAPES" displayname="Shapes" type="Required" direction="Output">
        <dialogReference>&lt;p&gt;Shapes&lt;/p&gt;&lt;p&gt;Shapes list, output&lt;/p&gt;</dialogReference>
      </param>
      <param name="FILES" displayname="Files" type="Optional" direction="Output">
        <dialogReference>&lt;p&gt;Files&lt;/p&gt;&lt;p&gt;File path&lt;/p&gt;</dialogReference>
      </param>
      <param name="GEOM_TYPE" displayname="Geometry Type" type="Optional" direction="Output">
        <dialogReference>&lt;p&gt;Geometry Type&lt;/p&gt;&lt;p&gt;Choice&lt;/p&gt;&lt;p&gt;Available Choices:&lt;/p&gt;&lt;p&gt;[0] Automatic&lt;/p&gt;&lt;p&gt;[1] Point&lt;/p&gt;&lt;p&gt;[2] Point (2.5D)&lt;/p&gt;&lt;p&gt;[3] Multi-Point&lt;/p&gt;&lt;p&gt;[4] Multi-Point (2.5D)&lt;/p&gt;&lt;p&gt;[5] Line&lt;/p&gt;&lt;p&gt;[6] Line (2.5D)&lt;/p&gt;&lt;p&gt;[7] Polyline&lt;/p&gt;&lt;p&gt;[8] Polyline (2.5D)&lt;/p&gt;&lt;p&gt;[9] Polygon&lt;/p&gt;&lt;p&gt;[10] Polygon (2.5D)&lt;/p&gt;&lt;p&gt;[11] Multi-Polygon&lt;/p&gt;&lt;p&gt;[12] Multi-Polygon (2.5D)&lt;/p&gt;&lt;p&gt;Default: 0&lt;/p&gt;&lt;p&gt;Some OGR drivers are unable to determine the geometry type automatically, please choose the appropriate one in this case&lt;/p&gt;</dialogReference>
      </param>
    </parameters>
    <summary>The "OGR Vector Data Import" tool imports vector data from various file/database formats using the "Geospatial Data Abstraction Library" (GDAL) by Frank Warmerdam. 
GDAL Version:3.5.2

Following raster formats are currently supported:
&lt;table border="1"&gt;&lt;tr&gt;&lt;th&gt;ID&lt;/th&gt;&lt;th&gt;Name&lt;/th&gt;&lt;th&gt;Extension&lt;/th&gt;&lt;/tr&gt;&lt;tr&gt;&lt;td&gt;BAG&lt;/td&gt;&lt;td&gt;Bathymetry Attributed Grid&lt;/td&gt;&lt;td&gt;bag&lt;/td&gt;&lt;/tr&gt;&lt;tr&gt;&lt;td&gt;JP2ECW&lt;/td&gt;&lt;td&gt;ERDAS JPEG2000 (SDK 5.5)&lt;/td&gt;&lt;td&gt;jp2&lt;/td&gt;&lt;/tr&gt;&lt;tr&gt;&lt;td&gt;FITS&lt;/td&gt;&lt;td&gt;Flexible Image Transport System&lt;/td&gt;&lt;td&gt;&lt;/td&gt;&lt;/tr&gt;&lt;tr&gt;&lt;td&gt;netCDF&lt;/td&gt;&lt;td&gt;Network Common Data Format&lt;/td&gt;&lt;td&gt;nc&lt;/td&gt;&lt;/tr&gt;&lt;tr&gt;&lt;td&gt;PDF&lt;/td&gt;&lt;td&gt;Geospatial PDF&lt;/td&gt;&lt;td&gt;pdf&lt;/td&gt;&lt;/tr&gt;&lt;tr&gt;&lt;td&gt;AmigoCloud&lt;/td&gt;&lt;td&gt;AmigoCloud&lt;/td&gt;&lt;td&gt;&lt;/td&gt;&lt;/tr&gt;&lt;tr&gt;&lt;td&gt;FileGDB&lt;/td&gt;&lt;td&gt;ESRI FileGDB&lt;/td&gt;&lt;td&gt;gdb&lt;/td&gt;&lt;/tr&gt;&lt;tr&gt;&lt;td&gt;PostgreSQL&lt;/td&gt;&lt;td&gt;PostgreSQL/PostGIS&lt;/td&gt;&lt;td&gt;&lt;/td&gt;&lt;/tr&gt;&lt;tr&gt;&lt;td&gt;PCIDSK&lt;/td&gt;&lt;td&gt;PCIDSK Database File&lt;/td&gt;&lt;td&gt;pix&lt;/td&gt;&lt;/tr&gt;&lt;tr&gt;&lt;td&gt;PDS4&lt;/td&gt;&lt;td&gt;NASA Planetary Data System 4&lt;/td&gt;&lt;td&gt;xml&lt;/td&gt;&lt;/tr&gt;&lt;tr&gt;&lt;td&gt;VICAR&lt;/td&gt;&lt;td&gt;MIPL VICAR file&lt;/td&gt;&lt;td&gt;&lt;/td&gt;&lt;/tr&gt;&lt;tr&gt;&lt;td&gt;JP2OpenJPEG&lt;/td&gt;&lt;td&gt;JPEG-2000 driver based on OpenJPEG library&lt;/td&gt;&lt;td&gt;jp2&lt;/td&gt;&lt;/tr&gt;&lt;tr&gt;&lt;td&gt;MBTiles&lt;/td&gt;&lt;td&gt;MBTiles&lt;/td&gt;&lt;td&gt;mbtiles&lt;/td&gt;&lt;/tr&gt;&lt;tr&gt;&lt;td&gt;EEDA&lt;/td&gt;&lt;td&gt;Earth Engine Data API&lt;/td&gt;&lt;td&gt;&lt;/td&gt;&lt;/tr&gt;&lt;tr&gt;&lt;td&gt;OGCAPI&lt;/td&gt;&lt;td&gt;OGCAPI&lt;/td&gt;&lt;td&gt;&lt;/td&gt;&lt;/tr&gt;&lt;tr&gt;&lt;td&gt;ESRI Shapefile&lt;/td&gt;&lt;td&gt;ESRI Shapefile&lt;/td&gt;&lt;td&gt;shp&lt;/td&gt;&lt;/tr&gt;&lt;tr&gt;&lt;td&gt;MapInfo File&lt;/td&gt;&lt;td&gt;MapInfo File&lt;/td&gt;&lt;td&gt;&lt;/td&gt;&lt;/tr&gt;&lt;tr&gt;&lt;td&gt;UK .NTF&lt;/td&gt;&lt;td&gt;UK .NTF&lt;/td&gt;&lt;td&gt;&lt;/td&gt;&lt;/tr&gt;&lt;tr&gt;&lt;td&gt;LVBAG&lt;/td&gt;&lt;td&gt;Kadaster LV BAG Extract 2.0&lt;/td&gt;&lt;td&gt;xml&lt;/td&gt;&lt;/tr&gt;&lt;tr&gt;&lt;td&gt;OGR_SDTS&lt;/td&gt;&lt;td&gt;SDTS&lt;/td&gt;&lt;td&gt;&lt;/td&gt;&lt;/tr&gt;&lt;tr&gt;&lt;td&gt;S57&lt;/td&gt;&lt;td&gt;IHO S-57 (ENC)&lt;/td&gt;&lt;td&gt;000&lt;/td&gt;&lt;/tr&gt;&lt;tr&gt;&lt;td&gt;DGN&lt;/td&gt;&lt;td&gt;Microstation DGN&lt;/td&gt;&lt;td&gt;dgn&lt;/td&gt;&lt;/tr&gt;&lt;tr&gt;&lt;td&gt;OGR_VRT&lt;/td&gt;&lt;td&gt;VRT - Virtual Datasource&lt;/td&gt;&lt;td&gt;vrt&lt;/td&gt;&lt;/tr&gt;&lt;tr&gt;&lt;td&gt;Memory&lt;/td&gt;&lt;td&gt;Memory&lt;/td&gt;&lt;td&gt;&lt;/td&gt;&lt;/tr&gt;&lt;tr&gt;&lt;td&gt;CSV&lt;/td&gt;&lt;td&gt;Comma Separated Value (.csv)&lt;/td&gt;&lt;td&gt;csv&lt;/td&gt;&lt;/tr&gt;&lt;tr&gt;&lt;td&gt;NAS&lt;/td&gt;&lt;td&gt;NAS - ALKIS&lt;/td&gt;&lt;td&gt;xml&lt;/td&gt;&lt;/tr&gt;&lt;tr&gt;&lt;td&gt;GML&lt;/td&gt;&lt;td&gt;Geography Markup Language (GML)&lt;/td&gt;&lt;td&gt;gml&lt;/td&gt;&lt;/tr&gt;&lt;tr&gt;&lt;td&gt;GPX&lt;/td&gt;&lt;td&gt;GPX&lt;/td&gt;&lt;td&gt;gpx&lt;/td&gt;&lt;/tr&gt;&lt;tr&gt;&lt;td&gt;LIBKML&lt;/td&gt;&lt;td&gt;Keyhole Markup Language (LIBKML)&lt;/td&gt;&lt;td&gt;&lt;/td&gt;&lt;/tr&gt;&lt;tr&gt;&lt;td&gt;KML&lt;/td&gt;&lt;td&gt;Keyhole Markup Language (KML)&lt;/td&gt;&lt;td&gt;kml&lt;/td&gt;&lt;/tr&gt;&lt;tr&gt;&lt;td&gt;GeoJSON&lt;/td&gt;&lt;td&gt;GeoJSON&lt;/td&gt;&lt;td&gt;&lt;/td&gt;&lt;/tr&gt;&lt;tr&gt;&lt;td&gt;GeoJSONSeq&lt;/td&gt;&lt;td&gt;GeoJSON Sequence&lt;/td&gt;&lt;td&gt;&lt;/td&gt;&lt;/tr&gt;&lt;tr&gt;&lt;td&gt;ESRIJSON&lt;/td&gt;&lt;td&gt;ESRIJSON&lt;/td&gt;&lt;td&gt;json&lt;/td&gt;&lt;/tr&gt;&lt;tr&gt;&lt;td&gt;TopoJSON&lt;/td&gt;&lt;td&gt;TopoJSON&lt;/td&gt;&lt;td&gt;&lt;/td&gt;&lt;/tr&gt;&lt;tr&gt;&lt;td&gt;Interlis 1&lt;/td&gt;&lt;td&gt;Interlis 1&lt;/td&gt;&lt;td&gt;&lt;/td&gt;&lt;/tr&gt;&lt;tr&gt;&lt;td&gt;Interlis 2&lt;/td&gt;&lt;td&gt;Interlis 2&lt;/td&gt;&lt;td&gt;&lt;/td&gt;&lt;/tr&gt;&lt;tr&gt;&lt;td&gt;OGR_GMT&lt;/td&gt;&lt;td&gt;GMT ASCII Vectors (.gmt)&lt;/td&gt;&lt;td&gt;gmt&lt;/td&gt;&lt;/tr&gt;&lt;tr&gt;&lt;td&gt;GPKG&lt;/td&gt;&lt;td&gt;GeoPackage&lt;/td&gt;&lt;td&gt;gpkg&lt;/td&gt;&lt;/tr&gt;&lt;tr&gt;&lt;td&gt;SQLite&lt;/td&gt;&lt;td&gt;SQLite / Spatialite&lt;/td&gt;&lt;td&gt;&lt;/td&gt;&lt;/tr&gt;&lt;tr&gt;&lt;td&gt;ODBC&lt;/td&gt;&lt;td&gt;&lt;/td&gt;&lt;td&gt;&lt;/td&gt;&lt;/tr&gt;&lt;tr&gt;&lt;td&gt;WAsP&lt;/td&gt;&lt;td&gt;WAsP .map format&lt;/td&gt;&lt;td&gt;map&lt;/td&gt;&lt;/tr&gt;&lt;tr&gt;&lt;td&gt;PGeo&lt;/td&gt;&lt;td&gt;ESRI Personal GeoDatabase&lt;/td&gt;&lt;td&gt;mdb&lt;/td&gt;&lt;/tr&gt;&lt;tr&gt;&lt;td&gt;MSSQLSpatial&lt;/td&gt;&lt;td&gt;Microsoft SQL Server Spatial Database&lt;/td&gt;&lt;td&gt;&lt;/td&gt;&lt;/tr&gt;&lt;tr&gt;&lt;td&gt;OGR_OGDI&lt;/td&gt;&lt;td&gt;OGDI Vectors (VPF, VMAP, DCW)&lt;/td&gt;&lt;td&gt;&lt;/td&gt;&lt;/tr&gt;&lt;tr&gt;&lt;td&gt;MySQL&lt;/td&gt;&lt;td&gt;MySQL&lt;/td&gt;&lt;td&gt;&lt;/td&gt;&lt;/tr&gt;&lt;tr&gt;&lt;td&gt;OpenFileGDB&lt;/td&gt;&lt;td&gt;ESRI FileGDB&lt;/td&gt;&lt;td&gt;gdb&lt;/td&gt;&lt;/tr&gt;&lt;tr&gt;&lt;td&gt;DXF&lt;/td&gt;&lt;td&gt;AutoCAD DXF&lt;/td&gt;&lt;td&gt;dxf&lt;/td&gt;&lt;/tr&gt;&lt;tr&gt;&lt;td&gt;CAD&lt;/td&gt;&lt;td&gt;AutoCAD Driver&lt;/td&gt;&lt;td&gt;dwg&lt;/td&gt;&lt;/tr&gt;&lt;tr&gt;&lt;td&gt;FlatGeobuf&lt;/td&gt;&lt;td&gt;FlatGeobuf&lt;/td&gt;&lt;td&gt;fgb&lt;/td&gt;&lt;/tr&gt;&lt;tr&gt;&lt;td&gt;Geoconcept&lt;/td&gt;&lt;td&gt;Geoconcept&lt;/td&gt;&lt;td&gt;&lt;/td&gt;&lt;/tr&gt;&lt;tr&gt;&lt;td&gt;GeoRSS&lt;/td&gt;&lt;td&gt;GeoRSS&lt;/td&gt;&lt;td&gt;&lt;/td&gt;&lt;/tr&gt;&lt;tr&gt;&lt;td&gt;VFK&lt;/td&gt;&lt;td&gt;Czech Cadastral Exchange Data Format&lt;/td&gt;&lt;td&gt;vfk&lt;/td&gt;&lt;/tr&gt;&lt;tr&gt;&lt;td&gt;PGDUMP&lt;/td&gt;&lt;td&gt;PostgreSQL SQL dump&lt;/td&gt;&lt;td&gt;sql&lt;/td&gt;&lt;/tr&gt;&lt;tr&gt;&lt;td&gt;OSM&lt;/td&gt;&lt;td&gt;OpenStreetMap XML and PBF&lt;/td&gt;&lt;td&gt;&lt;/td&gt;&lt;/tr&gt;&lt;tr&gt;&lt;td&gt;GPSBabel&lt;/td&gt;&lt;td&gt;GPSBabel&lt;/td&gt;&lt;td&gt;&lt;/td&gt;&lt;/tr&gt;&lt;tr&gt;&lt;td&gt;OGR_PDS&lt;/td&gt;&lt;td&gt;Planetary Data Systems TABLE&lt;/td&gt;&lt;td&gt;&lt;/td&gt;&lt;/tr&gt;&lt;tr&gt;&lt;td&gt;WFS&lt;/td&gt;&lt;td&gt;OGC WFS (Web Feature Service)&lt;/td&gt;&lt;td&gt;&lt;/td&gt;&lt;/tr&gt;&lt;tr&gt;&lt;td&gt;OAPIF&lt;/td&gt;&lt;td&gt;OGC API - Features&lt;/td&gt;&lt;td&gt;&lt;/td&gt;&lt;/tr&gt;&lt;tr&gt;&lt;td&gt;EDIGEO&lt;/td&gt;&lt;td&gt;French EDIGEO exchange format&lt;/td&gt;&lt;td&gt;thf&lt;/td&gt;&lt;/tr&gt;&lt;tr&gt;&lt;td&gt;SVG&lt;/td&gt;&lt;td&gt;Scalable Vector Graphics&lt;/td&gt;&lt;td&gt;svg&lt;/td&gt;&lt;/tr&gt;&lt;tr&gt;&lt;td&gt;Idrisi&lt;/td&gt;&lt;td&gt;Idrisi Vector (.vct)&lt;/td&gt;&lt;td&gt;vct&lt;/td&gt;&lt;/tr&gt;&lt;tr&gt;&lt;td&gt;ODS&lt;/td&gt;&lt;td&gt;Open Document/ LibreOffice / OpenOffice Spreadsheet &lt;/td&gt;&lt;td&gt;ods&lt;/td&gt;&lt;/tr&gt;&lt;tr&gt;&lt;td&gt;XLSX&lt;/td&gt;&lt;td&gt;MS Office Open XML spreadsheet&lt;/td&gt;&lt;td&gt;&lt;/td&gt;&lt;/tr&gt;&lt;tr&gt;&lt;td&gt;Elasticsearch&lt;/td&gt;&lt;td&gt;Elastic Search&lt;/td&gt;&lt;td&gt;&lt;/td&gt;&lt;/tr&gt;&lt;tr&gt;&lt;td&gt;Carto&lt;/td&gt;&lt;td&gt;Carto&lt;/td&gt;&lt;td&gt;&lt;/td&gt;&lt;/tr&gt;&lt;tr&gt;&lt;td&gt;SXF&lt;/td&gt;&lt;td&gt;Storage and eXchange Format&lt;/td&gt;&lt;td&gt;sxf&lt;/td&gt;&lt;/tr&gt;&lt;tr&gt;&lt;td&gt;Selafin&lt;/td&gt;&lt;td&gt;Selafin&lt;/td&gt;&lt;td&gt;&lt;/td&gt;&lt;/tr&gt;&lt;tr&gt;&lt;td&gt;JML&lt;/td&gt;&lt;td&gt;OpenJUMP JML&lt;/td&gt;&lt;td&gt;jml&lt;/td&gt;&lt;/tr&gt;&lt;tr&gt;&lt;td&gt;PLSCENES&lt;/td&gt;&lt;td&gt;Planet Labs Scenes API&lt;/td&gt;&lt;td&gt;&lt;/td&gt;&lt;/tr&gt;&lt;tr&gt;&lt;td&gt;CSW&lt;/td&gt;&lt;td&gt;OGC CSW (Catalog  Service for the Web)&lt;/td&gt;&lt;td&gt;&lt;/td&gt;&lt;/tr&gt;&lt;tr&gt;&lt;td&gt;VDV&lt;/td&gt;&lt;td&gt;VDV-451/VDV-452/INTREST Data Format&lt;/td&gt;&lt;td&gt;&lt;/td&gt;&lt;/tr&gt;&lt;tr&gt;&lt;td&gt;GMLAS&lt;/td&gt;&lt;td&gt;Geography Markup Language (GML) driven by application schemas&lt;/td&gt;&lt;td&gt;&lt;/td&gt;&lt;/tr&gt;&lt;tr&gt;&lt;td&gt;MVT&lt;/td&gt;&lt;td&gt;Mapbox Vector Tiles&lt;/td&gt;&lt;td&gt;&lt;/td&gt;&lt;/tr&gt;&lt;tr&gt;&lt;td&gt;NGW&lt;/td&gt;&lt;td&gt;NextGIS Web&lt;/td&gt;&lt;td&gt;&lt;/td&gt;&lt;/tr&gt;&lt;tr&gt;&lt;td&gt;MapML&lt;/td&gt;&lt;td&gt;MapML&lt;/td&gt;&lt;td&gt;&lt;/td&gt;&lt;/tr&gt;&lt;tr&gt;&lt;td&gt;TIGER&lt;/td&gt;&lt;td&gt;U.S. Census TIGER/Line&lt;/td&gt;&lt;td&gt;&lt;/td&gt;&lt;/tr&gt;&lt;tr&gt;&lt;td&gt;AVCBin&lt;/td&gt;&lt;td&gt;Arc/Info Binary Coverage&lt;/td&gt;&lt;td&gt;&lt;/td&gt;&lt;/tr&gt;&lt;tr&gt;&lt;td&gt;AVCE00&lt;/td&gt;&lt;td&gt;Arc/Info E00 (ASCII) Coverage&lt;/td&gt;&lt;td&gt;e00&lt;/td&gt;&lt;/tr&gt;&lt;tr&gt;&lt;td&gt;HTTP&lt;/td&gt;&lt;td&gt;HTTP Fetching Wrapper&lt;/td&gt;&lt;td&gt;&lt;/td&gt;&lt;/tr&gt;&lt;/table&gt;</summary>
  </tool>
  <dataIdInfo>
    <idCitation>
      <resTitle>O.Conrad (c) 2008</resTitle>
    </idCitation>
    <idCredit>Conrad, O., Bechtel, B., Bock, M., Dietrich, H., Fischer, E., Gerlitz, L., Wehberg, J., Wichmann, V., and Boehner, J. (2015): System for Automated Geoscientific Analyses (SAGA) v. 2.1.4, Geosci. Model Dev., 8, 1991-2007, doi:10.5194/gmd-8-1991-2015. [SAGA - System for Automated Geoscientific Analyses - saga-gis.org] </idCredit>
    <searchKeys>
      <SAGA></SAGA>
    </searchKeys>
  </dataIdInfo>
</metadata>
