<?xml version="1.0" encoding="UTF-8"?>
<metadata xml:lang="en">
  <Esri>
    <CreaDate>20150910</CreaDate>
    <CreaTime>11550000</CreaTime>
    <ArcGISFormat>1.0</ArcGISFormat>
    <SyncOnce>TRUE</SyncOnce>
    <ArcGISProfile>ItemDescription</ArcGISProfile>
  </Esri>
  <tool name="tool_19" displayname="Import Simple Features from Well Known Text">
    <parameters>
      <param name="SHAPES" displayname="WKT Import" type="Optional" direction="Output">
        <dialogReference>&lt;p&gt;WKT Import&lt;/p&gt;&lt;p&gt;Shapes list, output, optional&lt;/p&gt;&lt;p&gt;optional&lt;/p&gt;</dialogReference>
      </param>
      <param name="FILE" displayname="File" type="Optional" direction="Output">
        <dialogReference>&lt;p&gt;File&lt;/p&gt;&lt;p&gt;File path&lt;/p&gt;</dialogReference>
      </param>
      <param name="WKT" displayname="WKT String" type="Optional" direction="Output">
        <dialogReference>&lt;p&gt;WKT String&lt;/p&gt;&lt;p&gt;Long text&lt;/p&gt;&lt;p&gt;Import WKT from string instead of file. Just paste the WKT.&lt;/p&gt;</dialogReference>
      </param>
    </parameters>
    <summary>Imports vector data from 'well known text' (WKT) simple features format.
This import tool assumes that all features in a file are of the same type.
Instead of importing from file(s), the tool also supports the conversion from a string provided with the 'WKT String' parameter.

References:
&lt;a href="http://www.opengeospatial.org/"&gt;Open Geospatial Consortium&lt;/a&gt;
</summary>
  </tool>
  <dataIdInfo>
    <idCitation>
      <resTitle>O. Conrad (c) 2012</resTitle>
    </idCitation>
    <idCredit>Conrad, O., Bechtel, B., Bock, M., Dietrich, H., Fischer, E., Gerlitz, L., Wehberg, J., Wichmann, V., and Boehner, J. (2015): System for Automated Geoscientific Analyses (SAGA) v. 2.1.4, Geosci. Model Dev., 8, 1991-2007, doi:10.5194/gmd-8-1991-2015. [SAGA - System for Automated Geoscientific Analyses - saga-gis.org] </idCredit>
    <searchKeys>
      <SAGA></SAGA>
    </searchKeys>
  </dataIdInfo>
</metadata>
