<?xml version="1.0" encoding="UTF-8"?>
<metadata xml:lang="en">
  <Esri>
    <CreaDate>20150910</CreaDate>
    <CreaTime>11550000</CreaTime>
    <ArcGISFormat>1.0</ArcGISFormat>
    <SyncOnce>TRUE</SyncOnce>
    <ArcGISProfile>ItemDescription</ArcGISProfile>
  </Esri>
  <tool name="tool_7" displayname="Import USGS SRTM Grid">
    <parameters>
      <param name="GRIDS" displayname="Grids" type="Optional" direction="Output">
        <dialogReference>&lt;p&gt;Grids&lt;/p&gt;&lt;p&gt;Grid list, output, optional&lt;/p&gt;&lt;p&gt;optional&lt;/p&gt;</dialogReference>
      </param>
      <param name="FILE" displayname="Files" type="Optional" direction="Output">
        <dialogReference>&lt;p&gt;Files&lt;/p&gt;&lt;p&gt;File path&lt;/p&gt;</dialogReference>
      </param>
      <param name="RESOLUTION" displayname="Resolution" type="Optional" direction="Output">
        <dialogReference>&lt;p&gt;Resolution&lt;/p&gt;&lt;p&gt;Choice&lt;/p&gt;&lt;p&gt;Available Choices:&lt;/p&gt;&lt;p&gt;[0] 1 arc-second&lt;/p&gt;&lt;p&gt;[1] 3 arc-second&lt;/p&gt;&lt;p&gt;Default: 1&lt;/p&gt;</dialogReference>
      </param>
    </parameters>
    <summary>Import grid from USGS SRTM (Shuttle Radar Topography Mission) data.
You find data and further information at:
  &lt;a target="_blank" href="http://dds.cr.usgs.gov/srtm/"&gt;  http://dds.cr.usgs.gov/srtm/&lt;/a&gt;
  &lt;a target="_blank" href="http://www.jpl.nasa.gov/srtm/"&gt;  http://www.jpl.nasa.gov/srtm/&lt;/a&gt;

Farr, T.G., M. Kobrick (2000):
  'Shuttle Radar Topography Mission produces a wealth of data',
  Amer. Geophys. Union Eos, v. 81, p. 583-585

Rosen, P.A., S. Hensley, I.R. Joughin, F.K. Li, S.N. Madsen, E. Rodriguez, R.M. Goldstein (2000):
  'Synthetic aperture radar interferometry'
  Proc. IEEE, v. 88, p. 333-382
</summary>
  </tool>
  <dataIdInfo>
    <idCitation>
      <resTitle>O.Conrad (c) 2004</resTitle>
    </idCitation>
    <idCredit>Conrad, O., Bechtel, B., Bock, M., Dietrich, H., Fischer, E., Gerlitz, L., Wehberg, J., Wichmann, V., and Boehner, J. (2015): System for Automated Geoscientific Analyses (SAGA) v. 2.1.4, Geosci. Model Dev., 8, 1991-2007, doi:10.5194/gmd-8-1991-2015. [SAGA - System for Automated Geoscientific Analyses - saga-gis.org] </idCredit>
    <searchKeys>
      <SAGA></SAGA>
    </searchKeys>
  </dataIdInfo>
</metadata>
