<?xml version="1.0" encoding="UTF-8"?>
<metadata xml:lang="en">
  <Esri>
    <CreaDate>20150910</CreaDate>
    <CreaTime>11550000</CreaTime>
    <ArcGISFormat>1.0</ArcGISFormat>
    <SyncOnce>TRUE</SyncOnce>
    <ArcGISProfile>ItemDescription</ArcGISProfile>
  </Esri>
  <tool name="tool_4" displayname="Export Shapes">
    <parameters>
      <param name="SHAPES" displayname="Shapes" type="Required" direction="Input">
        <dialogReference>&lt;p&gt;Shapes&lt;/p&gt;&lt;p&gt;Shapes, input&lt;/p&gt;</dialogReference>
      </param>
      <param name="FILE" displayname="File" type="Optional" direction="Output">
        <dialogReference>&lt;p&gt;File&lt;/p&gt;&lt;p&gt;File path&lt;/p&gt;</dialogReference>
      </param>
      <param name="FORMAT" displayname="Format" type="Optional" direction="Output">
        <dialogReference>&lt;p&gt;Format&lt;/p&gt;&lt;p&gt;Choice&lt;/p&gt;&lt;p&gt;Available Choices:&lt;/p&gt;&lt;p&gt;[0] Bathymetry Attributed Grid&lt;/p&gt;&lt;p&gt;[1] Flexible Image Transport System&lt;/p&gt;&lt;p&gt;[2] Network Common Data Format&lt;/p&gt;&lt;p&gt;[3] Geospatial PDF&lt;/p&gt;&lt;p&gt;[4] AmigoCloud&lt;/p&gt;&lt;p&gt;[5] ESRI FileGDB&lt;/p&gt;&lt;p&gt;[6] PostgreSQL/PostGIS&lt;/p&gt;&lt;p&gt;[7] PCIDSK Database File&lt;/p&gt;&lt;p&gt;[8] NASA Planetary Data System 4&lt;/p&gt;&lt;p&gt;[9] MIPL VICAR file&lt;/p&gt;&lt;p&gt;[10] MBTiles&lt;/p&gt;&lt;p&gt;[11] ESRI Shapefile&lt;/p&gt;&lt;p&gt;[12] MapInfo File&lt;/p&gt;&lt;p&gt;[13] IHO S-57 (ENC)&lt;/p&gt;&lt;p&gt;[14] Microstation DGN&lt;/p&gt;&lt;p&gt;[15] Memory&lt;/p&gt;&lt;p&gt;[16] Comma Separated Value (.csv)&lt;/p&gt;&lt;p&gt;[17] Geography Markup Language (GML)&lt;/p&gt;&lt;p&gt;[18] GPX&lt;/p&gt;&lt;p&gt;[19] Keyhole Markup Language (LIBKML)&lt;/p&gt;&lt;p&gt;[20] Keyhole Markup Language (KML)&lt;/p&gt;&lt;p&gt;[21] GeoJSON&lt;/p&gt;&lt;p&gt;[22] GeoJSON Sequence&lt;/p&gt;&lt;p&gt;[23] Interlis 1&lt;/p&gt;&lt;p&gt;[24] Interlis 2&lt;/p&gt;&lt;p&gt;[25] GMT ASCII Vectors (.gmt)&lt;/p&gt;&lt;p&gt;[26] GeoPackage&lt;/p&gt;&lt;p&gt;[27] SQLite / Spatialite&lt;/p&gt;&lt;p&gt;[28] WAsP .map format&lt;/p&gt;&lt;p&gt;[29] Microsoft SQL Server Spatial Database&lt;/p&gt;&lt;p&gt;[30] MySQL&lt;/p&gt;&lt;p&gt;[31] AutoCAD DXF&lt;/p&gt;&lt;p&gt;[32] FlatGeobuf&lt;/p&gt;&lt;p&gt;[33] Geoconcept&lt;/p&gt;&lt;p&gt;[34] GeoRSS&lt;/p&gt;&lt;p&gt;[35] PostgreSQL SQL dump&lt;/p&gt;&lt;p&gt;[36] GPSBabel&lt;/p&gt;&lt;p&gt;[37] Open Document/ LibreOffice / OpenOffice Spreadsheet &lt;/p&gt;&lt;p&gt;[38] MS Office Open XML spreadsheet&lt;/p&gt;&lt;p&gt;[39] Elastic Search&lt;/p&gt;&lt;p&gt;[40] Carto&lt;/p&gt;&lt;p&gt;[41] Selafin&lt;/p&gt;&lt;p&gt;[42] OpenJUMP JML&lt;/p&gt;&lt;p&gt;[43] VDV-451/VDV-452/INTREST Data Format&lt;/p&gt;&lt;p&gt;[44] Mapbox Vector Tiles&lt;/p&gt;&lt;p&gt;[45] NextGIS Web&lt;/p&gt;&lt;p&gt;[46] MapML&lt;/p&gt;&lt;p&gt;Default: 0&lt;/p&gt;</dialogReference>
      </param>
      <param name="OPTIONS" displayname="Creation Options" type="Optional" direction="Output">
        <dialogReference>&lt;p&gt;Creation Options&lt;/p&gt;&lt;p&gt;Text&lt;/p&gt;&lt;p&gt;The dataset creation options. A space separated list of key-value pairs (K=V).&lt;/p&gt;</dialogReference>
      </param>
      <param name="LAYER_OPTIONS" displayname="Layer Creation Options" type="Optional" direction="Output">
        <dialogReference>&lt;p&gt;Layer Creation Options&lt;/p&gt;&lt;p&gt;Text&lt;/p&gt;&lt;p&gt;The layer creation options. A space separated list of key-value pairs (K=V).&lt;/p&gt;</dialogReference>
      </param>
    </parameters>
    <summary>The "OGR Vector Data Export" tool exports vector data to various file formats using the "Geospatial Data Abstraction Library" (GDAL) by Frank Warmerdam. 
GDAL Version:3.5.2

Following vector formats are currently supported:
&lt;table border="1"&gt;&lt;tr&gt;&lt;th&gt;ID&lt;/th&gt;&lt;th&gt;Name&lt;/th&gt;&lt;th&gt;Extension&lt;/th&gt;&lt;/tr&gt;
&lt;tr&gt;&lt;td&gt;BAG&lt;/td&gt;&lt;td&gt;Bathymetry Attributed Grid&lt;/td&gt;&lt;td&gt;bag&lt;/td&gt;&lt;/tr&gt;&lt;tr&gt;&lt;td&gt;FITS&lt;/td&gt;&lt;td&gt;Flexible Image Transport System&lt;/td&gt;&lt;td&gt;&lt;/td&gt;&lt;/tr&gt;&lt;tr&gt;&lt;td&gt;netCDF&lt;/td&gt;&lt;td&gt;Network Common Data Format&lt;/td&gt;&lt;td&gt;nc&lt;/td&gt;&lt;/tr&gt;&lt;tr&gt;&lt;td&gt;PDF&lt;/td&gt;&lt;td&gt;Geospatial PDF&lt;/td&gt;&lt;td&gt;pdf&lt;/td&gt;&lt;/tr&gt;&lt;tr&gt;&lt;td&gt;AmigoCloud&lt;/td&gt;&lt;td&gt;AmigoCloud&lt;/td&gt;&lt;td&gt;&lt;/td&gt;&lt;/tr&gt;&lt;tr&gt;&lt;td&gt;FileGDB&lt;/td&gt;&lt;td&gt;ESRI FileGDB&lt;/td&gt;&lt;td&gt;gdb&lt;/td&gt;&lt;/tr&gt;&lt;tr&gt;&lt;td&gt;PostgreSQL&lt;/td&gt;&lt;td&gt;PostgreSQL/PostGIS&lt;/td&gt;&lt;td&gt;&lt;/td&gt;&lt;/tr&gt;&lt;tr&gt;&lt;td&gt;PCIDSK&lt;/td&gt;&lt;td&gt;PCIDSK Database File&lt;/td&gt;&lt;td&gt;pix&lt;/td&gt;&lt;/tr&gt;&lt;tr&gt;&lt;td&gt;PDS4&lt;/td&gt;&lt;td&gt;NASA Planetary Data System 4&lt;/td&gt;&lt;td&gt;xml&lt;/td&gt;&lt;/tr&gt;&lt;tr&gt;&lt;td&gt;VICAR&lt;/td&gt;&lt;td&gt;MIPL VICAR file&lt;/td&gt;&lt;td&gt;&lt;/td&gt;&lt;/tr&gt;&lt;tr&gt;&lt;td&gt;MBTiles&lt;/td&gt;&lt;td&gt;MBTiles&lt;/td&gt;&lt;td&gt;mbtiles&lt;/td&gt;&lt;/tr&gt;&lt;tr&gt;&lt;td&gt;ESRI Shapefile&lt;/td&gt;&lt;td&gt;ESRI Shapefile&lt;/td&gt;&lt;td&gt;shp&lt;/td&gt;&lt;/tr&gt;&lt;tr&gt;&lt;td&gt;MapInfo File&lt;/td&gt;&lt;td&gt;MapInfo File&lt;/td&gt;&lt;td&gt;&lt;/td&gt;&lt;/tr&gt;&lt;tr&gt;&lt;td&gt;S57&lt;/td&gt;&lt;td&gt;IHO S-57 (ENC)&lt;/td&gt;&lt;td&gt;000&lt;/td&gt;&lt;/tr&gt;&lt;tr&gt;&lt;td&gt;DGN&lt;/td&gt;&lt;td&gt;Microstation DGN&lt;/td&gt;&lt;td&gt;dgn&lt;/td&gt;&lt;/tr&gt;&lt;tr&gt;&lt;td&gt;Memory&lt;/td&gt;&lt;td&gt;Memory&lt;/td&gt;&lt;td&gt;&lt;/td&gt;&lt;/tr&gt;&lt;tr&gt;&lt;td&gt;CSV&lt;/td&gt;&lt;td&gt;Comma Separated Value (.csv)&lt;/td&gt;&lt;td&gt;csv&lt;/td&gt;&lt;/tr&gt;&lt;tr&gt;&lt;td&gt;GML&lt;/td&gt;&lt;td&gt;Geography Markup Language (GML)&lt;/td&gt;&lt;td&gt;gml&lt;/td&gt;&lt;/tr&gt;&lt;tr&gt;&lt;td&gt;GPX&lt;/td&gt;&lt;td&gt;GPX&lt;/td&gt;&lt;td&gt;gpx&lt;/td&gt;&lt;/tr&gt;&lt;tr&gt;&lt;td&gt;LIBKML&lt;/td&gt;&lt;td&gt;Keyhole Markup Language (LIBKML)&lt;/td&gt;&lt;td&gt;&lt;/td&gt;&lt;/tr&gt;&lt;tr&gt;&lt;td&gt;KML&lt;/td&gt;&lt;td&gt;Keyhole Markup Language (KML)&lt;/td&gt;&lt;td&gt;kml&lt;/td&gt;&lt;/tr&gt;&lt;tr&gt;&lt;td&gt;GeoJSON&lt;/td&gt;&lt;td&gt;GeoJSON&lt;/td&gt;&lt;td&gt;&lt;/td&gt;&lt;/tr&gt;&lt;tr&gt;&lt;td&gt;GeoJSONSeq&lt;/td&gt;&lt;td&gt;GeoJSON Sequence&lt;/td&gt;&lt;td&gt;&lt;/td&gt;&lt;/tr&gt;&lt;tr&gt;&lt;td&gt;Interlis 1&lt;/td&gt;&lt;td&gt;Interlis 1&lt;/td&gt;&lt;td&gt;&lt;/td&gt;&lt;/tr&gt;&lt;tr&gt;&lt;td&gt;Interlis 2&lt;/td&gt;&lt;td&gt;Interlis 2&lt;/td&gt;&lt;td&gt;&lt;/td&gt;&lt;/tr&gt;&lt;tr&gt;&lt;td&gt;OGR_GMT&lt;/td&gt;&lt;td&gt;GMT ASCII Vectors (.gmt)&lt;/td&gt;&lt;td&gt;gmt&lt;/td&gt;&lt;/tr&gt;&lt;tr&gt;&lt;td&gt;GPKG&lt;/td&gt;&lt;td&gt;GeoPackage&lt;/td&gt;&lt;td&gt;gpkg&lt;/td&gt;&lt;/tr&gt;&lt;tr&gt;&lt;td&gt;SQLite&lt;/td&gt;&lt;td&gt;SQLite / Spatialite&lt;/td&gt;&lt;td&gt;&lt;/td&gt;&lt;/tr&gt;&lt;tr&gt;&lt;td&gt;WAsP&lt;/td&gt;&lt;td&gt;WAsP .map format&lt;/td&gt;&lt;td&gt;map&lt;/td&gt;&lt;/tr&gt;&lt;tr&gt;&lt;td&gt;MSSQLSpatial&lt;/td&gt;&lt;td&gt;Microsoft SQL Server Spatial Database&lt;/td&gt;&lt;td&gt;&lt;/td&gt;&lt;/tr&gt;&lt;tr&gt;&lt;td&gt;MySQL&lt;/td&gt;&lt;td&gt;MySQL&lt;/td&gt;&lt;td&gt;&lt;/td&gt;&lt;/tr&gt;&lt;tr&gt;&lt;td&gt;DXF&lt;/td&gt;&lt;td&gt;AutoCAD DXF&lt;/td&gt;&lt;td&gt;dxf&lt;/td&gt;&lt;/tr&gt;&lt;tr&gt;&lt;td&gt;FlatGeobuf&lt;/td&gt;&lt;td&gt;FlatGeobuf&lt;/td&gt;&lt;td&gt;fgb&lt;/td&gt;&lt;/tr&gt;&lt;tr&gt;&lt;td&gt;Geoconcept&lt;/td&gt;&lt;td&gt;Geoconcept&lt;/td&gt;&lt;td&gt;&lt;/td&gt;&lt;/tr&gt;&lt;tr&gt;&lt;td&gt;GeoRSS&lt;/td&gt;&lt;td&gt;GeoRSS&lt;/td&gt;&lt;td&gt;&lt;/td&gt;&lt;/tr&gt;&lt;tr&gt;&lt;td&gt;PGDUMP&lt;/td&gt;&lt;td&gt;PostgreSQL SQL dump&lt;/td&gt;&lt;td&gt;sql&lt;/td&gt;&lt;/tr&gt;&lt;tr&gt;&lt;td&gt;GPSBabel&lt;/td&gt;&lt;td&gt;GPSBabel&lt;/td&gt;&lt;td&gt;&lt;/td&gt;&lt;/tr&gt;&lt;tr&gt;&lt;td&gt;ODS&lt;/td&gt;&lt;td&gt;Open Document/ LibreOffice / OpenOffice Spreadsheet &lt;/td&gt;&lt;td&gt;ods&lt;/td&gt;&lt;/tr&gt;&lt;tr&gt;&lt;td&gt;XLSX&lt;/td&gt;&lt;td&gt;MS Office Open XML spreadsheet&lt;/td&gt;&lt;td&gt;&lt;/td&gt;&lt;/tr&gt;&lt;tr&gt;&lt;td&gt;Elasticsearch&lt;/td&gt;&lt;td&gt;Elastic Search&lt;/td&gt;&lt;td&gt;&lt;/td&gt;&lt;/tr&gt;&lt;tr&gt;&lt;td&gt;Carto&lt;/td&gt;&lt;td&gt;Carto&lt;/td&gt;&lt;td&gt;&lt;/td&gt;&lt;/tr&gt;&lt;tr&gt;&lt;td&gt;Selafin&lt;/td&gt;&lt;td&gt;Selafin&lt;/td&gt;&lt;td&gt;&lt;/td&gt;&lt;/tr&gt;&lt;tr&gt;&lt;td&gt;JML&lt;/td&gt;&lt;td&gt;OpenJUMP JML&lt;/td&gt;&lt;td&gt;jml&lt;/td&gt;&lt;/tr&gt;&lt;tr&gt;&lt;td&gt;VDV&lt;/td&gt;&lt;td&gt;VDV-451/VDV-452/INTREST Data Format&lt;/td&gt;&lt;td&gt;&lt;/td&gt;&lt;/tr&gt;&lt;tr&gt;&lt;td&gt;MVT&lt;/td&gt;&lt;td&gt;Mapbox Vector Tiles&lt;/td&gt;&lt;td&gt;&lt;/td&gt;&lt;/tr&gt;&lt;tr&gt;&lt;td&gt;NGW&lt;/td&gt;&lt;td&gt;NextGIS Web&lt;/td&gt;&lt;td&gt;&lt;/td&gt;&lt;/tr&gt;&lt;tr&gt;&lt;td&gt;MapML&lt;/td&gt;&lt;td&gt;MapML&lt;/td&gt;&lt;td&gt;&lt;/td&gt;&lt;/tr&gt;&lt;/table&gt;</summary>
  </tool>
  <dataIdInfo>
    <idCitation>
      <resTitle>O.Conrad (c) 2008</resTitle>
    </idCitation>
    <idCredit>Conrad, O., Bechtel, B., Bock, M., Dietrich, H., Fischer, E., Gerlitz, L., Wehberg, J., Wichmann, V., and Boehner, J. (2015): System for Automated Geoscientific Analyses (SAGA) v. 2.1.4, Geosci. Model Dev., 8, 1991-2007, doi:10.5194/gmd-8-1991-2015. [SAGA - System for Automated Geoscientific Analyses - saga-gis.org] </idCredit>
    <searchKeys>
      <SAGA></SAGA>
    </searchKeys>
  </dataIdInfo>
</metadata>
