<?xml version="1.0" encoding="UTF-8"?>
<metadata xml:lang="en">
  <Esri>
    <CreaDate>20150910</CreaDate>
    <CreaTime>11550000</CreaTime>
    <ArcGISFormat>1.0</ArcGISFormat>
    <SyncOnce>TRUE</SyncOnce>
    <ArcGISProfile>ItemDescription</ArcGISProfile>
  </Esri>
  <tool name="tool_0" displayname="GPX to shapefile">
    <parameters>
      <param name="BASEPATH" displayname="Gpx2shp path" type="Optional" direction="Output">
        <dialogReference>&lt;p&gt;Gpx2shp path&lt;/p&gt;&lt;p&gt;File path&lt;/p&gt;&lt;p&gt;Gpx2shp path&lt;/p&gt;</dialogReference>
      </param>
      <param name="FILE" displayname="GPX file" type="Optional" direction="Output">
        <dialogReference>&lt;p&gt;GPX file&lt;/p&gt;&lt;p&gt;File path&lt;/p&gt;</dialogReference>
      </param>
      <param name="TRACKPOINTS" displayname="Convert track points" type="Optional" direction="Output">
        <dialogReference>&lt;p&gt;Convert track points&lt;/p&gt;&lt;p&gt;Boolean&lt;/p&gt;&lt;p&gt;Default: 1&lt;/p&gt;&lt;p&gt;Convert track points&lt;/p&gt;</dialogReference>
      </param>
      <param name="WAYPOINTS" displayname="Convert way points" type="Optional" direction="Output">
        <dialogReference>&lt;p&gt;Convert way points&lt;/p&gt;&lt;p&gt;Boolean&lt;/p&gt;&lt;p&gt;Default: 1&lt;/p&gt;&lt;p&gt;Convert way points&lt;/p&gt;</dialogReference>
      </param>
      <param name="ROUTES" displayname="Convert routes" type="Optional" direction="Output">
        <dialogReference>&lt;p&gt;Convert routes&lt;/p&gt;&lt;p&gt;Boolean&lt;/p&gt;&lt;p&gt;Default: 1&lt;/p&gt;&lt;p&gt;Convert routes&lt;/p&gt;</dialogReference>
      </param>
      <param name="ADD" displayname="Load shapefile" type="Optional" direction="Output">
        <dialogReference>&lt;p&gt;Load shapefile&lt;/p&gt;&lt;p&gt;Boolean&lt;/p&gt;&lt;p&gt;Default: 1&lt;/p&gt;&lt;p&gt;Load shapefile after conversion&lt;/p&gt;</dialogReference>
      </param>
    </parameters>
    <summary>Converts a GPX file into a Shapefile (.shp)(c) 2005 by Victor Olaya&#xD;
email: volaya@ya.com</summary>
  </tool>
  <dataIdInfo>
    <idCitation>
      <resTitle></resTitle>
    </idCitation>
    <idCredit>Conrad, O., Bechtel, B., Bock, M., Dietrich, H., Fischer, E., Gerlitz, L., Wehberg, J., Wichmann, V., and Boehner, J. (2015): System for Automated Geoscientific Analyses (SAGA) v. 2.1.4, Geosci. Model Dev., 8, 1991-2007, doi:10.5194/gmd-8-1991-2015. [SAGA - System for Automated Geoscientific Analyses - saga-gis.org] </idCredit>
    <searchKeys>
      <SAGA></SAGA>
    </searchKeys>
  </dataIdInfo>
</metadata>
