<?xml version="1.0" encoding="UTF-8"?>
<metadata xml:lang="en">
  <Esri>
    <CreaDate>20150910</CreaDate>
    <CreaTime>11550000</CreaTime>
    <ArcGISFormat>1.0</ArcGISFormat>
    <SyncOnce>TRUE</SyncOnce>
    <ArcGISProfile>ItemDescription</ArcGISProfile>
  </Esri>
  <tool name="tool_2" displayname="Export Grid to KML">
    <parameters>
      <param name="GRID" displayname="Grid" type="Required" direction="Input">
        <dialogReference>&lt;p&gt;Grid&lt;/p&gt;&lt;p&gt;Grid, input&lt;/p&gt;</dialogReference>
      </param>
      <param name="SHADE" displayname="Shade" type="Optional" direction="Input">
        <dialogReference>&lt;p&gt;Shade&lt;/p&gt;&lt;p&gt;Grid, input, optional&lt;/p&gt;&lt;p&gt;optional&lt;/p&gt;</dialogReference>
      </param>
      <param name="FILE" displayname="Image File" type="Optional" direction="Output">
        <dialogReference>&lt;p&gt;Image File&lt;/p&gt;&lt;p&gt;File path&lt;/p&gt;</dialogReference>
      </param>
      <param name="OUTPUT" displayname="Output" type="Optional" direction="Output">
        <dialogReference>&lt;p&gt;Output&lt;/p&gt;&lt;p&gt;Choice&lt;/p&gt;&lt;p&gt;Available Choices:&lt;/p&gt;&lt;p&gt;[0] kml and image files&lt;/p&gt;&lt;p&gt;[1] kmz, kml and image files&lt;/p&gt;&lt;p&gt;[2] kmz file&lt;/p&gt;&lt;p&gt;Default: 2&lt;/p&gt;</dialogReference>
      </param>
      <param name="COLOURING" displayname="Colouring" type="Optional" direction="Output">
        <dialogReference>&lt;p&gt;Colouring&lt;/p&gt;&lt;p&gt;Choice&lt;/p&gt;&lt;p&gt;Available Choices:&lt;/p&gt;&lt;p&gt;[0] stretch to grid's standard deviation&lt;/p&gt;&lt;p&gt;[1] stretch to grid's value range&lt;/p&gt;&lt;p&gt;[2] stretch to specified value range&lt;/p&gt;&lt;p&gt;[3] lookup table&lt;/p&gt;&lt;p&gt;[4] rgb coded values&lt;/p&gt;&lt;p&gt;Default: 0&lt;/p&gt;</dialogReference>
      </param>
      <param name="COL_PALETTE" displayname="Color Palette" type="Optional" direction="Output">
        <dialogReference>&lt;p&gt;Color Palette&lt;/p&gt;&lt;p&gt;Choice&lt;/p&gt;&lt;p&gt;Available Choices:&lt;/p&gt;&lt;p&gt;[0] DEFAULT&lt;/p&gt;&lt;p&gt;[1] DEFAULT_BRIGHT&lt;/p&gt;&lt;p&gt;[2] BLACK_WHITE&lt;/p&gt;&lt;p&gt;[3] BLACK_RED&lt;/p&gt;&lt;p&gt;[4] BLACK_GREEN&lt;/p&gt;&lt;p&gt;[5] BLACK_BLUE&lt;/p&gt;&lt;p&gt;[6] WHITE_RED&lt;/p&gt;&lt;p&gt;[7] WHITE_GREEN&lt;/p&gt;&lt;p&gt;[8] WHITE_BLUE&lt;/p&gt;&lt;p&gt;[9] YELLOW_RED&lt;/p&gt;&lt;p&gt;[10] YELLOW_GREEN&lt;/p&gt;&lt;p&gt;[11] YELLOW_BLUE&lt;/p&gt;&lt;p&gt;[12] RED_GREEN&lt;/p&gt;&lt;p&gt;[13] RED_BLUE&lt;/p&gt;&lt;p&gt;[14] GREEN_BLUE&lt;/p&gt;&lt;p&gt;[15] RED_GREY_BLUE&lt;/p&gt;&lt;p&gt;[16] RED_GREY_GREEN&lt;/p&gt;&lt;p&gt;[17] GREEN_GREY_BLUE&lt;/p&gt;&lt;p&gt;[18] RED_GREEN_BLUE&lt;/p&gt;&lt;p&gt;[19] RED_BLUE_GREEN&lt;/p&gt;&lt;p&gt;[20] GREEN_RED_BLUE&lt;/p&gt;&lt;p&gt;[21] RAINBOW&lt;/p&gt;&lt;p&gt;[22] NEON&lt;/p&gt;&lt;p&gt;[23] TOPOGRAPHY&lt;/p&gt;&lt;p&gt;[24] ASPECT_1&lt;/p&gt;&lt;p&gt;[25] ASPECT_2&lt;/p&gt;&lt;p&gt;[26] ASPECT_3&lt;/p&gt;&lt;p&gt;Default: 0&lt;/p&gt;</dialogReference>
      </param>
      <param name="COL_COUNT" displayname="Number of Colors" type="Optional" direction="Output">
        <dialogReference>&lt;p&gt;Number of Colors&lt;/p&gt;&lt;p&gt;Integer&lt;/p&gt;&lt;p&gt;Default: 100&lt;/p&gt;</dialogReference>
      </param>
      <param name="COL_REVERT" displayname="Revert Palette" type="Optional" direction="Output">
        <dialogReference>&lt;p&gt;Revert Palette&lt;/p&gt;&lt;p&gt;Boolean&lt;/p&gt;&lt;p&gt;Default: 0&lt;/p&gt;</dialogReference>
      </param>
      <param name="STDDEV" displayname="Standard Deviation" type="Optional" direction="Output">
        <dialogReference>&lt;p&gt;Standard Deviation&lt;/p&gt;&lt;p&gt;Floating point&lt;/p&gt;&lt;p&gt;Minimum: 0.000000&lt;/p&gt;&lt;p&gt;Default: 2.000000&lt;/p&gt;</dialogReference>
      </param>
      <param name="STRETCH_MIN" displayname="Minimum" type="Optional" direction="Output">
        <dialogReference>&lt;p&gt;Minimum&lt;/p&gt;&lt;p&gt;Floating point&lt;/p&gt;&lt;p&gt;Default: 0.000000&lt;/p&gt;</dialogReference>
      </param>
      <param name="STRETCH_MAX" displayname="Maximum" type="Optional" direction="Output">
        <dialogReference>&lt;p&gt;Maximum&lt;/p&gt;&lt;p&gt;Floating point&lt;/p&gt;&lt;p&gt;Default: 100.000000&lt;/p&gt;</dialogReference>
      </param>
      <param name="LUT" displayname="Lookup Table" type="Optional" direction="Output">
        <dialogReference>&lt;p&gt;Lookup Table&lt;/p&gt;&lt;p&gt;Static table&lt;/p&gt;&lt;p&gt;5 Fields:&lt;/p&gt;&lt;p&gt;- 1. [color] Color&lt;/p&gt;&lt;p&gt;- 2. [string] Name&lt;/p&gt;&lt;p&gt;- 3. [string] Description&lt;/p&gt;&lt;p&gt;- 4. [8 byte floating point number] Minimum&lt;/p&gt;&lt;p&gt;- 5. [8 byte floating point number] Maximum&lt;/p&gt;&lt;p&gt;&lt;/p&gt;</dialogReference>
      </param>
      <param name="RESAMPLING" displayname="Interpolation" type="Optional" direction="Output">
        <dialogReference>&lt;p&gt;Interpolation&lt;/p&gt;&lt;p&gt;Boolean&lt;/p&gt;&lt;p&gt;Default: 1&lt;/p&gt;&lt;p&gt;Resampling method used when projection is needed&lt;/p&gt;</dialogReference>
      </param>
      <param name="SHADE_BRIGHT_MIN" displayname="Minimum" type="Optional" direction="Output">
        <dialogReference>&lt;p&gt;Minimum&lt;/p&gt;&lt;p&gt;Floating point&lt;/p&gt;&lt;p&gt;Minimum: 0.000000&lt;/p&gt;&lt;p&gt;Maximum: 100.000000&lt;/p&gt;&lt;p&gt;Default: 0.000000&lt;/p&gt;&lt;p&gt;Allows one to scale shade brightness [percent]&lt;/p&gt;</dialogReference>
      </param>
      <param name="SHADE_BRIGHT_MAX" displayname="Maximum" type="Optional" direction="Output">
        <dialogReference>&lt;p&gt;Maximum&lt;/p&gt;&lt;p&gt;Floating point&lt;/p&gt;&lt;p&gt;Minimum: 0.000000&lt;/p&gt;&lt;p&gt;Maximum: 100.000000&lt;/p&gt;&lt;p&gt;Default: 100.000000&lt;/p&gt;&lt;p&gt;Allows one to scale shade brightness [percent]&lt;/p&gt;</dialogReference>
      </param>
    </parameters>
    <summary>Uses 'Export Image' tool to create the image file. Automatically projects raster to geographic coordinate system, if its projection is known and not geographic. </summary>
  </tool>
  <dataIdInfo>
    <idCitation>
      <resTitle>O.Conrad (c) 2014</resTitle>
    </idCitation>
    <idCredit>Conrad, O., Bechtel, B., Bock, M., Dietrich, H., Fischer, E., Gerlitz, L., Wehberg, J., Wichmann, V., and Boehner, J. (2015): System for Automated Geoscientific Analyses (SAGA) v. 2.1.4, Geosci. Model Dev., 8, 1991-2007, doi:10.5194/gmd-8-1991-2015. [SAGA - System for Automated Geoscientific Analyses - saga-gis.org] </idCredit>
    <searchKeys>
      <SAGA></SAGA>
    </searchKeys>
  </dataIdInfo>
</metadata>
