<?xml version="1.0" encoding="UTF-8"?>
<metadata xml:lang="en">
  <Esri>
    <CreaDate>20150910</CreaDate>
    <CreaTime>11550000</CreaTime>
    <ArcGISFormat>1.0</ArcGISFormat>
    <SyncOnce>TRUE</SyncOnce>
    <ArcGISProfile>ItemDescription</ArcGISProfile>
  </Esri>
  <tool name="tool_2" displayname="Create Tileshape from Virtual Point Cloud">
    <parameters>
      <param name="FILENAME" displayname="Filename" type="Optional" direction="Output">
        <dialogReference>&lt;p&gt;Filename&lt;/p&gt;&lt;p&gt;File path&lt;/p&gt;&lt;p&gt;The full path and name of the .spcvf file&lt;/p&gt;</dialogReference>
      </param>
      <param name="TILE_SHP" displayname="Tileshape" type="Required" direction="Output">
        <dialogReference>&lt;p&gt;Tileshape&lt;/p&gt;&lt;p&gt;Shapes, output&lt;/p&gt;&lt;p&gt;Polygon shapefile describing the bounding boxes of spcvf tiles.&lt;/p&gt;</dialogReference>
      </param>
    </parameters>
    <summary>The tool allows one to create a polygon shapefile with the bounding boxes of a virtual point cloud dataset. Additionally, the header information of the chosen virtual point cloud dataset is reported (since SPCVFDataset version 1.1).
A virtual point cloud dataset is a simple XML format with the file extension .spcvf, which can be created with the 'Create Virtual Point Cloud Dataset' tool.

</summary>
  </tool>
  <dataIdInfo>
    <idCitation>
      <resTitle>V. Wichmann, LASERDATA GmbH (c) 2014</resTitle>
    </idCitation>
    <idCredit>Conrad, O., Bechtel, B., Bock, M., Dietrich, H., Fischer, E., Gerlitz, L., Wehberg, J., Wichmann, V., and Boehner, J. (2015): System for Automated Geoscientific Analyses (SAGA) v. 2.1.4, Geosci. Model Dev., 8, 1991-2007, doi:10.5194/gmd-8-1991-2015. [SAGA - System for Automated Geoscientific Analyses - saga-gis.org] </idCredit>
    <searchKeys>
      <SAGA></SAGA>
    </searchKeys>
  </dataIdInfo>
</metadata>
