<?xml version="1.0" encoding="UTF-8"?>
<metadata xml:lang="en">
  <Esri>
    <CreaDate>20150910</CreaDate>
    <CreaTime>11550000</CreaTime>
    <ArcGISFormat>1.0</ArcGISFormat>
    <SyncOnce>TRUE</SyncOnce>
    <ArcGISProfile>ItemDescription</ArcGISProfile>
  </Esri>
  <tool name="tool_2" displayname="Export GeoTIFF">
    <parameters>
      <param name="GRIDS" displayname="Grid(s)" type="Required" direction="Input">
        <dialogReference>&lt;p&gt;Grid(s)&lt;/p&gt;&lt;p&gt;Grid list, input&lt;/p&gt;&lt;p&gt;The SAGA grids to be exported.&lt;/p&gt;</dialogReference>
      </param>
      <param name="FILE" displayname="File" type="Optional" direction="Output">
        <dialogReference>&lt;p&gt;File&lt;/p&gt;&lt;p&gt;File path&lt;/p&gt;&lt;p&gt;The GeoTIFF File to be created.&lt;/p&gt;</dialogReference>
      </param>
      <param name="OPTIONS" displayname="Creation Options" type="Optional" direction="Output">
        <dialogReference>&lt;p&gt;Creation Options&lt;/p&gt;&lt;p&gt;Text&lt;/p&gt;&lt;p&gt;A space separated list of key-value pairs (K=V).&lt;/p&gt;</dialogReference>
      </param>
    </parameters>
    <summary>The "GDAL GeoTIFF Export" tool exports one or more grids to a Geocoded Tagged Image File Format using the "Geospatial Data Abstraction Library" (GDAL) by Frank Warmerdam. </summary>
  </tool>
  <dataIdInfo>
    <idCitation>
      <resTitle>O.Conrad (c) 2007</resTitle>
    </idCitation>
    <idCredit>Conrad, O., Bechtel, B., Bock, M., Dietrich, H., Fischer, E., Gerlitz, L., Wehberg, J., Wichmann, V., and Boehner, J. (2015): System for Automated Geoscientific Analyses (SAGA) v. 2.1.4, Geosci. Model Dev., 8, 1991-2007, doi:10.5194/gmd-8-1991-2015. [SAGA - System for Automated Geoscientific Analyses - saga-gis.org] </idCredit>
    <searchKeys>
      <SAGA></SAGA>
    </searchKeys>
  </dataIdInfo>
</metadata>
