<?xml version="1.0" encoding="UTF-8"?>
<metadata xml:lang="en">
  <Esri>
    <CreaDate>20150910</CreaDate>
    <CreaTime>11550000</CreaTime>
    <ArcGISFormat>1.0</ArcGISFormat>
    <SyncOnce>TRUE</SyncOnce>
    <ArcGISProfile>ItemDescription</ArcGISProfile>
  </Esri>
  <tool name="tool_5" displayname="Export Grid to XYZ">
    <parameters>
      <param name="GRIDS" displayname="Grids" type="Required" direction="Input">
        <dialogReference>&lt;p&gt;Grids&lt;/p&gt;&lt;p&gt;Grid list, input&lt;/p&gt;&lt;p&gt;The grid(s) to export.&lt;/p&gt;</dialogReference>
      </param>
      <param name="FILENAME" displayname="File" type="Optional" direction="Output">
        <dialogReference>&lt;p&gt;File&lt;/p&gt;&lt;p&gt;File path&lt;/p&gt;&lt;p&gt;The output file.&lt;/p&gt;</dialogReference>
      </param>
      <param name="HEADER" displayname="Write Header" type="Optional" direction="Output">
        <dialogReference>&lt;p&gt;Write Header&lt;/p&gt;&lt;p&gt;Boolean&lt;/p&gt;&lt;p&gt;Default: 1&lt;/p&gt;&lt;p&gt;Write a header to the .xyz file.&lt;/p&gt;</dialogReference>
      </param>
      <param name="NODATA" displayname="Write No-Data" type="Optional" direction="Output">
        <dialogReference>&lt;p&gt;Write No-Data&lt;/p&gt;&lt;p&gt;Boolean&lt;/p&gt;&lt;p&gt;Default: 0&lt;/p&gt;&lt;p&gt;Write No-Data cells to the .xyz file.&lt;/p&gt;</dialogReference>
      </param>
    </parameters>
    <summary>The tool allows one to export a grid or several grids to a table (text format), which stores the x/y-coordinates and the cell values of the input grid(s).
By default, No-Data cells are not written to the output. This can be changed with the "Write No-Data" parameter. If No-Data cells are skipped, these are detected for the first input grid which operates like a mask.

</summary>
  </tool>
  <dataIdInfo>
    <idCitation>
      <resTitle>O.Conrad (c) 2003</resTitle>
    </idCitation>
    <idCredit>Conrad, O., Bechtel, B., Bock, M., Dietrich, H., Fischer, E., Gerlitz, L., Wehberg, J., Wichmann, V., and Boehner, J. (2015): System for Automated Geoscientific Analyses (SAGA) v. 2.1.4, Geosci. Model Dev., 8, 1991-2007, doi:10.5194/gmd-8-1991-2015. [SAGA - System for Automated Geoscientific Analyses - saga-gis.org] </idCredit>
    <searchKeys>
      <SAGA></SAGA>
    </searchKeys>
  </dataIdInfo>
</metadata>
