<?xml version="1.0" encoding="UTF-8"?>
<metadata xml:lang="en">
  <Esri>
    <CreaDate>20150910</CreaDate>
    <CreaTime>11550000</CreaTime>
    <ArcGISFormat>1.0</ArcGISFormat>
    <SyncOnce>TRUE</SyncOnce>
    <ArcGISProfile>ItemDescription</ArcGISProfile>
  </Esri>
  <tool name="tool_6" displayname="Remove Overlap from Virtual Point Cloud Tiles">
    <parameters>
      <param name="FILENAME" displayname="Tile Info File" type="Optional" direction="Output">
        <dialogReference>&lt;p&gt;Tile Info File&lt;/p&gt;&lt;p&gt;File path&lt;/p&gt;&lt;p&gt;The full path and name of the spcvf tile info file describing the point cloud tiles without overlap&lt;/p&gt;</dialogReference>
      </param>
      <param name="FILEPATH" displayname="Output Filepath" type="Optional" direction="Output">
        <dialogReference>&lt;p&gt;Output Filepath&lt;/p&gt;&lt;p&gt;File path&lt;/p&gt;&lt;p&gt;The full path to which the point cloud tiles without overlap should be written.&lt;/p&gt;</dialogReference>
      </param>
    </parameters>
    <summary>The tool allows one to remove the overlap from point cloud tiles created from a virtual point cloud dataset. The tiles must have been created with an overlap and a spcvf tile info file must have been outputted too. The latter describes the original bounding boxes of the tiles (i.e. without overlap) and is used by this tool to remove the overlap.
A virtual point cloud dataset is a simple XML format with the file extension .spcvf, which can be created with the 'Create Virtual Point Cloud Dataset' tool. Point cloud tiles with an overlap are usually created from such an virtual point cloud dataset with the 'Get Subset from Virtual Point Cloud' tool.

</summary>
  </tool>
  <dataIdInfo>
    <idCitation>
      <resTitle>V. Wichmann, LASERDATA GmbH (c) 2014</resTitle>
    </idCitation>
    <idCredit>Conrad, O., Bechtel, B., Bock, M., Dietrich, H., Fischer, E., Gerlitz, L., Wehberg, J., Wichmann, V., and Boehner, J. (2015): System for Automated Geoscientific Analyses (SAGA) v. 2.1.4, Geosci. Model Dev., 8, 1991-2007, doi:10.5194/gmd-8-1991-2015. [SAGA - System for Automated Geoscientific Analyses - saga-gis.org] </idCredit>
    <searchKeys>
      <SAGA></SAGA>
    </searchKeys>
  </dataIdInfo>
</metadata>
