<?xml version="1.0" encoding="UTF-8"?>
<metadata xml:lang="en">
  <Esri>
    <CreaDate>20150910</CreaDate>
    <CreaTime>11550000</CreaTime>
    <ArcGISFormat>1.0</ArcGISFormat>
    <SyncOnce>TRUE</SyncOnce>
    <ArcGISProfile>ItemDescription</ArcGISProfile>
  </Esri>
  <tool name="tool_0" displayname="Create Virtual Point Cloud Dataset">
    <parameters>
      <param name="FILES" displayname="Input Files" type="Optional" direction="Output">
        <dialogReference>&lt;p&gt;Input Files&lt;/p&gt;&lt;p&gt;File path&lt;/p&gt;&lt;p&gt;The input point cloud files to use&lt;/p&gt;</dialogReference>
      </param>
      <param name="INPUT_FILE_LIST" displayname="Input File List" type="Optional" direction="Output">
        <dialogReference>&lt;p&gt;Input File List&lt;/p&gt;&lt;p&gt;File path&lt;/p&gt;&lt;p&gt;A text file with the full path to an input point cloud on each line&lt;/p&gt;</dialogReference>
      </param>
      <param name="FILENAME" displayname="Filename" type="Optional" direction="Output">
        <dialogReference>&lt;p&gt;Filename&lt;/p&gt;&lt;p&gt;File path&lt;/p&gt;&lt;p&gt;The full path and name of the .spcvf file&lt;/p&gt;</dialogReference>
      </param>
      <param name="METHOD_PATHS" displayname="File Paths" type="Optional" direction="Output">
        <dialogReference>&lt;p&gt;File Paths&lt;/p&gt;&lt;p&gt;Choice&lt;/p&gt;&lt;p&gt;Available Choices:&lt;/p&gt;&lt;p&gt;[0] absolute&lt;/p&gt;&lt;p&gt;[1] relative&lt;/p&gt;&lt;p&gt;Default: 1&lt;/p&gt;&lt;p&gt;Choose how to handle file paths. With relative paths, you can package the *.spcvf and your point cloud tiles easily.&lt;/p&gt;</dialogReference>
      </param>
      <param name="USE_HEADER" displayname="Use Header File" type="Optional" direction="Output">
        <dialogReference>&lt;p&gt;Use Header File&lt;/p&gt;&lt;p&gt;Boolean&lt;/p&gt;&lt;p&gt;Default: 0&lt;/p&gt;&lt;p&gt;Check this parameter to use (only) the point cloud header file to construct the virtual dataset.&lt;/p&gt;</dialogReference>
      </param>
    </parameters>
    <summary>The tool allows one to create a virtual point cloud dataset from a set of SAGA point cloud files. For a large number of files, it is advised to use an input file list, i.e. a text file with the full path to an input point cloud on each line. If possible, you should make use of the point cloud headers files to construct the virtual dataset. This avoids that each dataset has to be loaded and thus reduces execution time enormously.
A virtual point cloud dataset is a simple XML format with the file extension .spcvf, which describes a mosaic of individual point cloud files. Such a virtual point cloud dataset can be used for seamless data access with the 'Get Subset from Virtual Point Cloud' tool.
All point cloud input datasets must share the same attribute table structure, NoData value and projection.

</summary>
  </tool>
  <dataIdInfo>
    <idCitation>
      <resTitle>V. Wichmann, LASERDATA GmbH (c) 2014-9</resTitle>
    </idCitation>
    <idCredit>Conrad, O., Bechtel, B., Bock, M., Dietrich, H., Fischer, E., Gerlitz, L., Wehberg, J., Wichmann, V., and Boehner, J. (2015): System for Automated Geoscientific Analyses (SAGA) v. 2.1.4, Geosci. Model Dev., 8, 1991-2007, doi:10.5194/gmd-8-1991-2015. [SAGA - System for Automated Geoscientific Analyses - saga-gis.org] </idCredit>
    <searchKeys>
      <SAGA></SAGA>
    </searchKeys>
  </dataIdInfo>
</metadata>
