<?xml version="1.0" encoding="UTF-8"?>
<metadata xml:lang="en">
  <Esri>
    <CreaDate>20150910</CreaDate>
    <CreaTime>11550000</CreaTime>
    <ArcGISFormat>1.0</ArcGISFormat>
    <SyncOnce>TRUE</SyncOnce>
    <ArcGISProfile>ItemDescription</ArcGISProfile>
  </Esri>
  <tool name="tool_1" displayname="Export Raster">
    <parameters>
      <param name="GRIDS" displayname="Grid(s)" type="Required" direction="Input">
        <dialogReference>&lt;p&gt;Grid(s)&lt;/p&gt;&lt;p&gt;Grid list, input&lt;/p&gt;</dialogReference>
      </param>
      <param name="FILE" displayname="File" type="Optional" direction="Output">
        <dialogReference>&lt;p&gt;File&lt;/p&gt;&lt;p&gt;File path&lt;/p&gt;&lt;p&gt;The GDAL dataset to be created.&lt;/p&gt;</dialogReference>
      </param>
      <param name="FORMAT" displayname="Format" type="Optional" direction="Output">
        <dialogReference>&lt;p&gt;Format&lt;/p&gt;&lt;p&gt;Choice&lt;/p&gt;&lt;p&gt;Available Choices:&lt;/p&gt;&lt;p&gt;[0] Bathymetry Attributed Grid&lt;/p&gt;&lt;p&gt;[1] Flexible Image Transport System&lt;/p&gt;&lt;p&gt;[2] HDF4 Dataset&lt;/p&gt;&lt;p&gt;[3] KEA Image Format (.kea)&lt;/p&gt;&lt;p&gt;[4] Network Common Data Format&lt;/p&gt;&lt;p&gt;[5] Geospatial PDF&lt;/p&gt;&lt;p&gt;[6] Virtual Raster&lt;/p&gt;&lt;p&gt;[7] GeoTIFF&lt;/p&gt;&lt;p&gt;[8] National Imagery Transmission Format&lt;/p&gt;&lt;p&gt;[9] Erdas Imagine Images (.img)&lt;/p&gt;&lt;p&gt;[10] ELAS&lt;/p&gt;&lt;p&gt;[11] In Memory Raster&lt;/p&gt;&lt;p&gt;[12] MS Windows Device Independent Bitmap&lt;/p&gt;&lt;p&gt;[13] PCIDSK Database File&lt;/p&gt;&lt;p&gt;[14] PCRaster Raster File&lt;/p&gt;&lt;p&gt;[15] ILWIS Raster Map&lt;/p&gt;&lt;p&gt;[16] SGI Image File Format 1.0&lt;/p&gt;&lt;p&gt;[17] Leveller heightfield&lt;/p&gt;&lt;p&gt;[18] Terragen heightfield&lt;/p&gt;&lt;p&gt;[19] USGS Astrogeology ISIS cube (Version 3)&lt;/p&gt;&lt;p&gt;[20] USGS Astrogeology ISIS cube (Version 2)&lt;/p&gt;&lt;p&gt;[21] NASA Planetary Data System 4&lt;/p&gt;&lt;p&gt;[22] MIPL VICAR file&lt;/p&gt;&lt;p&gt;[23] ERMapper .ers Labelled&lt;/p&gt;&lt;p&gt;[24] Raster Matrix Format&lt;/p&gt;&lt;p&gt;[25] Idrisi Raster A.1&lt;/p&gt;&lt;p&gt;[26] Golden Software Binary Grid (.grd)&lt;/p&gt;&lt;p&gt;[27] Golden Software 7 Binary Grid (.grd)&lt;/p&gt;&lt;p&gt;[28] MBTiles&lt;/p&gt;&lt;p&gt;[29] Meta Raster Format&lt;/p&gt;&lt;p&gt;[30] Portable Pixmap Format (netpbm)&lt;/p&gt;&lt;p&gt;[31] PCI .aux Labelled&lt;/p&gt;&lt;p&gt;[32] Vexcel MFF Raster&lt;/p&gt;&lt;p&gt;[33] Vexcel MFF2 (HKV) Raster&lt;/p&gt;&lt;p&gt;[34] VTP .bt (Binary Terrain) 1.3 Format&lt;/p&gt;&lt;p&gt;[35] Erdas .LAN/.GIS&lt;/p&gt;&lt;p&gt;[36] NOAA Vertical Datum .GTX&lt;/p&gt;&lt;p&gt;[37] NTv2 Datum Grid Shift&lt;/p&gt;&lt;p&gt;[38] CTable2 Datum Grid Shift&lt;/p&gt;&lt;p&gt;[39] KOLOR Raw&lt;/p&gt;&lt;p&gt;[40] ROI_PAC raster&lt;/p&gt;&lt;p&gt;[41] R Raster&lt;/p&gt;&lt;p&gt;[42] Natural Resources Canada's Geoid&lt;/p&gt;&lt;p&gt;[43] Northwood Numeric Grid Format .grd/.tab&lt;/p&gt;&lt;p&gt;[44] ARC Digitized Raster Graphics&lt;/p&gt;&lt;p&gt;[45] SAGA GIS Binary Grid (.sdat, .sg-grd-z)&lt;/p&gt;&lt;p&gt;[46] GeoPackage&lt;/p&gt;&lt;p&gt;[47] NextGIS Web&lt;/p&gt;&lt;p&gt;[48] ENVI .hdr Labelled&lt;/p&gt;&lt;p&gt;[49] ESRI .hdr Labelled&lt;/p&gt;&lt;p&gt;[50] ISCE raster&lt;/p&gt;&lt;p&gt;[51] Zarr&lt;/p&gt;&lt;p&gt;Default: 0&lt;/p&gt;&lt;p&gt;The GDAL raster format (driver) to be used.&lt;/p&gt;</dialogReference>
      </param>
      <param name="TYPE" displayname="Data Type" type="Optional" direction="Output">
        <dialogReference>&lt;p&gt;Data Type&lt;/p&gt;&lt;p&gt;Choice&lt;/p&gt;&lt;p&gt;Available Choices:&lt;/p&gt;&lt;p&gt;[0] match input data&lt;/p&gt;&lt;p&gt;[1] 8 bit unsigned integer&lt;/p&gt;&lt;p&gt;[2] 16 bit unsigned integer&lt;/p&gt;&lt;p&gt;[3] 16 bit signed integer&lt;/p&gt;&lt;p&gt;[4] 32 bit unsigned integer&lt;/p&gt;&lt;p&gt;[5] 32 bit signed integer&lt;/p&gt;&lt;p&gt;[6] 32 bit floating point&lt;/p&gt;&lt;p&gt;[7] 64 bit floating point&lt;/p&gt;&lt;p&gt;Default: 0&lt;/p&gt;&lt;p&gt;The GDAL datatype of the created dataset.&lt;/p&gt;</dialogReference>
      </param>
      <param name="SET_NODATA" displayname="Set Custom NoData" type="Optional" direction="Output">
        <dialogReference>&lt;p&gt;Set Custom NoData&lt;/p&gt;&lt;p&gt;Boolean&lt;/p&gt;&lt;p&gt;Default: 0&lt;/p&gt;</dialogReference>
      </param>
      <param name="NODATA" displayname="NoData Value" type="Optional" direction="Output">
        <dialogReference>&lt;p&gt;NoData Value&lt;/p&gt;&lt;p&gt;Floating point&lt;/p&gt;&lt;p&gt;Default: 0.000000&lt;/p&gt;</dialogReference>
      </param>
      <param name="OPTIONS" displayname="Creation Options" type="Optional" direction="Output">
        <dialogReference>&lt;p&gt;Creation Options&lt;/p&gt;&lt;p&gt;Text&lt;/p&gt;&lt;p&gt;A space separated list of key-value pairs (K=V).&lt;/p&gt;</dialogReference>
      </param>
    </parameters>
    <summary>The "GDAL Raster Export" tool exports one or more grids to various file formats using the "Geospatial Data Abstraction Library" (GDAL) by Frank Warmerdam. 
GDAL Version:3.5.2

Following raster formats are currently supported:
&lt;table border="1"&gt;&lt;tr&gt;&lt;th&gt;ID&lt;/th&gt;&lt;th&gt;Name&lt;/th&gt;&lt;th&gt;Extension&lt;/th&gt;&lt;/tr&gt;
&lt;tr&gt;&lt;td&gt;BAG&lt;/td&gt;&lt;td&gt;Bathymetry Attributed Grid&lt;/td&gt;&lt;td&gt;bag&lt;/td&gt;&lt;/tr&gt;&lt;tr&gt;&lt;td&gt;FITS&lt;/td&gt;&lt;td&gt;Flexible Image Transport System&lt;/td&gt;&lt;td&gt;&lt;/td&gt;&lt;/tr&gt;&lt;tr&gt;&lt;td&gt;HDF4Image&lt;/td&gt;&lt;td&gt;HDF4 Dataset&lt;/td&gt;&lt;td&gt;&lt;/td&gt;&lt;/tr&gt;&lt;tr&gt;&lt;td&gt;KEA&lt;/td&gt;&lt;td&gt;KEA Image Format (.kea)&lt;/td&gt;&lt;td&gt;kea&lt;/td&gt;&lt;/tr&gt;&lt;tr&gt;&lt;td&gt;netCDF&lt;/td&gt;&lt;td&gt;Network Common Data Format&lt;/td&gt;&lt;td&gt;nc&lt;/td&gt;&lt;/tr&gt;&lt;tr&gt;&lt;td&gt;PDF&lt;/td&gt;&lt;td&gt;Geospatial PDF&lt;/td&gt;&lt;td&gt;pdf&lt;/td&gt;&lt;/tr&gt;&lt;tr&gt;&lt;td&gt;VRT&lt;/td&gt;&lt;td&gt;Virtual Raster&lt;/td&gt;&lt;td&gt;vrt&lt;/td&gt;&lt;/tr&gt;&lt;tr&gt;&lt;td&gt;GTiff&lt;/td&gt;&lt;td&gt;GeoTIFF&lt;/td&gt;&lt;td&gt;tif&lt;/td&gt;&lt;/tr&gt;&lt;tr&gt;&lt;td&gt;NITF&lt;/td&gt;&lt;td&gt;National Imagery Transmission Format&lt;/td&gt;&lt;td&gt;ntf&lt;/td&gt;&lt;/tr&gt;&lt;tr&gt;&lt;td&gt;HFA&lt;/td&gt;&lt;td&gt;Erdas Imagine Images (.img)&lt;/td&gt;&lt;td&gt;img&lt;/td&gt;&lt;/tr&gt;&lt;tr&gt;&lt;td&gt;ELAS&lt;/td&gt;&lt;td&gt;ELAS&lt;/td&gt;&lt;td&gt;&lt;/td&gt;&lt;/tr&gt;&lt;tr&gt;&lt;td&gt;MEM&lt;/td&gt;&lt;td&gt;In Memory Raster&lt;/td&gt;&lt;td&gt;&lt;/td&gt;&lt;/tr&gt;&lt;tr&gt;&lt;td&gt;BMP&lt;/td&gt;&lt;td&gt;MS Windows Device Independent Bitmap&lt;/td&gt;&lt;td&gt;bmp&lt;/td&gt;&lt;/tr&gt;&lt;tr&gt;&lt;td&gt;PCIDSK&lt;/td&gt;&lt;td&gt;PCIDSK Database File&lt;/td&gt;&lt;td&gt;pix&lt;/td&gt;&lt;/tr&gt;&lt;tr&gt;&lt;td&gt;PCRaster&lt;/td&gt;&lt;td&gt;PCRaster Raster File&lt;/td&gt;&lt;td&gt;map&lt;/td&gt;&lt;/tr&gt;&lt;tr&gt;&lt;td&gt;ILWIS&lt;/td&gt;&lt;td&gt;ILWIS Raster Map&lt;/td&gt;&lt;td&gt;&lt;/td&gt;&lt;/tr&gt;&lt;tr&gt;&lt;td&gt;SGI&lt;/td&gt;&lt;td&gt;SGI Image File Format 1.0&lt;/td&gt;&lt;td&gt;rgb&lt;/td&gt;&lt;/tr&gt;&lt;tr&gt;&lt;td&gt;Leveller&lt;/td&gt;&lt;td&gt;Leveller heightfield&lt;/td&gt;&lt;td&gt;ter&lt;/td&gt;&lt;/tr&gt;&lt;tr&gt;&lt;td&gt;Terragen&lt;/td&gt;&lt;td&gt;Terragen heightfield&lt;/td&gt;&lt;td&gt;ter&lt;/td&gt;&lt;/tr&gt;&lt;tr&gt;&lt;td&gt;ISIS3&lt;/td&gt;&lt;td&gt;USGS Astrogeology ISIS cube (Version 3)&lt;/td&gt;&lt;td&gt;&lt;/td&gt;&lt;/tr&gt;&lt;tr&gt;&lt;td&gt;ISIS2&lt;/td&gt;&lt;td&gt;USGS Astrogeology ISIS cube (Version 2)&lt;/td&gt;&lt;td&gt;&lt;/td&gt;&lt;/tr&gt;&lt;tr&gt;&lt;td&gt;PDS4&lt;/td&gt;&lt;td&gt;NASA Planetary Data System 4&lt;/td&gt;&lt;td&gt;xml&lt;/td&gt;&lt;/tr&gt;&lt;tr&gt;&lt;td&gt;VICAR&lt;/td&gt;&lt;td&gt;MIPL VICAR file&lt;/td&gt;&lt;td&gt;&lt;/td&gt;&lt;/tr&gt;&lt;tr&gt;&lt;td&gt;ERS&lt;/td&gt;&lt;td&gt;ERMapper .ers Labelled&lt;/td&gt;&lt;td&gt;ers&lt;/td&gt;&lt;/tr&gt;&lt;tr&gt;&lt;td&gt;RMF&lt;/td&gt;&lt;td&gt;Raster Matrix Format&lt;/td&gt;&lt;td&gt;rsw&lt;/td&gt;&lt;/tr&gt;&lt;tr&gt;&lt;td&gt;RST&lt;/td&gt;&lt;td&gt;Idrisi Raster A.1&lt;/td&gt;&lt;td&gt;rst&lt;/td&gt;&lt;/tr&gt;&lt;tr&gt;&lt;td&gt;GSBG&lt;/td&gt;&lt;td&gt;Golden Software Binary Grid (.grd)&lt;/td&gt;&lt;td&gt;grd&lt;/td&gt;&lt;/tr&gt;&lt;tr&gt;&lt;td&gt;GS7BG&lt;/td&gt;&lt;td&gt;Golden Software 7 Binary Grid (.grd)&lt;/td&gt;&lt;td&gt;grd&lt;/td&gt;&lt;/tr&gt;&lt;tr&gt;&lt;td&gt;MBTiles&lt;/td&gt;&lt;td&gt;MBTiles&lt;/td&gt;&lt;td&gt;mbtiles&lt;/td&gt;&lt;/tr&gt;&lt;tr&gt;&lt;td&gt;MRF&lt;/td&gt;&lt;td&gt;Meta Raster Format&lt;/td&gt;&lt;td&gt;mrf&lt;/td&gt;&lt;/tr&gt;&lt;tr&gt;&lt;td&gt;PNM&lt;/td&gt;&lt;td&gt;Portable Pixmap Format (netpbm)&lt;/td&gt;&lt;td&gt;&lt;/td&gt;&lt;/tr&gt;&lt;tr&gt;&lt;td&gt;PAux&lt;/td&gt;&lt;td&gt;PCI .aux Labelled&lt;/td&gt;&lt;td&gt;&lt;/td&gt;&lt;/tr&gt;&lt;tr&gt;&lt;td&gt;MFF&lt;/td&gt;&lt;td&gt;Vexcel MFF Raster&lt;/td&gt;&lt;td&gt;hdr&lt;/td&gt;&lt;/tr&gt;&lt;tr&gt;&lt;td&gt;MFF2&lt;/td&gt;&lt;td&gt;Vexcel MFF2 (HKV) Raster&lt;/td&gt;&lt;td&gt;&lt;/td&gt;&lt;/tr&gt;&lt;tr&gt;&lt;td&gt;BT&lt;/td&gt;&lt;td&gt;VTP .bt (Binary Terrain) 1.3 Format&lt;/td&gt;&lt;td&gt;bt&lt;/td&gt;&lt;/tr&gt;&lt;tr&gt;&lt;td&gt;LAN&lt;/td&gt;&lt;td&gt;Erdas .LAN/.GIS&lt;/td&gt;&lt;td&gt;&lt;/td&gt;&lt;/tr&gt;&lt;tr&gt;&lt;td&gt;GTX&lt;/td&gt;&lt;td&gt;NOAA Vertical Datum .GTX&lt;/td&gt;&lt;td&gt;gtx&lt;/td&gt;&lt;/tr&gt;&lt;tr&gt;&lt;td&gt;NTv2&lt;/td&gt;&lt;td&gt;NTv2 Datum Grid Shift&lt;/td&gt;&lt;td&gt;&lt;/td&gt;&lt;/tr&gt;&lt;tr&gt;&lt;td&gt;CTable2&lt;/td&gt;&lt;td&gt;CTable2 Datum Grid Shift&lt;/td&gt;&lt;td&gt;&lt;/td&gt;&lt;/tr&gt;&lt;tr&gt;&lt;td&gt;KRO&lt;/td&gt;&lt;td&gt;KOLOR Raw&lt;/td&gt;&lt;td&gt;kro&lt;/td&gt;&lt;/tr&gt;&lt;tr&gt;&lt;td&gt;ROI_PAC&lt;/td&gt;&lt;td&gt;ROI_PAC raster&lt;/td&gt;&lt;td&gt;&lt;/td&gt;&lt;/tr&gt;&lt;tr&gt;&lt;td&gt;RRASTER&lt;/td&gt;&lt;td&gt;R Raster&lt;/td&gt;&lt;td&gt;grd&lt;/td&gt;&lt;/tr&gt;&lt;tr&gt;&lt;td&gt;BYN&lt;/td&gt;&lt;td&gt;Natural Resources Canada's Geoid&lt;/td&gt;&lt;td&gt;&lt;/td&gt;&lt;/tr&gt;&lt;tr&gt;&lt;td&gt;NWT_GRD&lt;/td&gt;&lt;td&gt;Northwood Numeric Grid Format .grd/.tab&lt;/td&gt;&lt;td&gt;grd&lt;/td&gt;&lt;/tr&gt;&lt;tr&gt;&lt;td&gt;ADRG&lt;/td&gt;&lt;td&gt;ARC Digitized Raster Graphics&lt;/td&gt;&lt;td&gt;gen&lt;/td&gt;&lt;/tr&gt;&lt;tr&gt;&lt;td&gt;SAGA&lt;/td&gt;&lt;td&gt;SAGA GIS Binary Grid (.sdat, .sg-grd-z)&lt;/td&gt;&lt;td&gt;&lt;/td&gt;&lt;/tr&gt;&lt;tr&gt;&lt;td&gt;GPKG&lt;/td&gt;&lt;td&gt;GeoPackage&lt;/td&gt;&lt;td&gt;gpkg&lt;/td&gt;&lt;/tr&gt;&lt;tr&gt;&lt;td&gt;NGW&lt;/td&gt;&lt;td&gt;NextGIS Web&lt;/td&gt;&lt;td&gt;&lt;/td&gt;&lt;/tr&gt;&lt;tr&gt;&lt;td&gt;ENVI&lt;/td&gt;&lt;td&gt;ENVI .hdr Labelled&lt;/td&gt;&lt;td&gt;&lt;/td&gt;&lt;/tr&gt;&lt;tr&gt;&lt;td&gt;EHdr&lt;/td&gt;&lt;td&gt;ESRI .hdr Labelled&lt;/td&gt;&lt;td&gt;bil&lt;/td&gt;&lt;/tr&gt;&lt;tr&gt;&lt;td&gt;ISCE&lt;/td&gt;&lt;td&gt;ISCE raster&lt;/td&gt;&lt;td&gt;&lt;/td&gt;&lt;/tr&gt;&lt;tr&gt;&lt;td&gt;Zarr&lt;/td&gt;&lt;td&gt;Zarr&lt;/td&gt;&lt;td&gt;&lt;/td&gt;&lt;/tr&gt;&lt;/table&gt;</summary>
  </tool>
  <dataIdInfo>
    <idCitation>
      <resTitle>O.Conrad (c) 2007</resTitle>
    </idCitation>
    <idCredit>Conrad, O., Bechtel, B., Bock, M., Dietrich, H., Fischer, E., Gerlitz, L., Wehberg, J., Wichmann, V., and Boehner, J. (2015): System for Automated Geoscientific Analyses (SAGA) v. 2.1.4, Geosci. Model Dev., 8, 1991-2007, doi:10.5194/gmd-8-1991-2015. [SAGA - System for Automated Geoscientific Analyses - saga-gis.org] </idCredit>
    <searchKeys>
      <SAGA></SAGA>
    </searchKeys>
  </dataIdInfo>
</metadata>
