<?xml version="1.0" encoding="UTF-8"?>
<metadata xml:lang="en">
  <Esri>
    <CreaDate>20150910</CreaDate>
    <CreaTime>11550000</CreaTime>
    <ArcGISFormat>1.0</ArcGISFormat>
    <SyncOnce>TRUE</SyncOnce>
    <ArcGISProfile>ItemDescription</ArcGISProfile>
  </Esri>
  <tool name="tool_7" displayname="Create Raster Catalogue from Files">
    <parameters>
      <param name="CATALOGUE" displayname="Raster Catalogue" type="Required" direction="Output">
        <dialogReference>&lt;p&gt;Raster Catalogue&lt;/p&gt;&lt;p&gt;Shapes, output&lt;/p&gt;</dialogReference>
      </param>
      <param name="FILES" displayname="Files" type="Optional" direction="Output">
        <dialogReference>&lt;p&gt;Files&lt;/p&gt;&lt;p&gt;File path&lt;/p&gt;</dialogReference>
      </param>
    </parameters>
    <summary>Create a raster catalogue from selected files. Output is a polygon layer that shows the extent for each valid raster file. Each extent is attributed with the original file path and raster system properties.

The "GDAL Raster Import" tool imports grid data from various file formats using the "Geospatial Data Abstraction Library" (GDAL) by Frank Warmerdam. 
GDAL Version:3.5.2

Following raster formats are currently supported:
&lt;table border="1"&gt;&lt;tr&gt;&lt;th&gt;ID&lt;/th&gt;&lt;th&gt;Name&lt;/th&gt;&lt;/tr&gt;
&lt;tr&gt;&lt;td&gt;BAG&lt;/td&gt;&lt;td&gt;Bathymetry Attributed Grid&lt;/td&gt;&lt;/tr&gt;
&lt;tr&gt;&lt;td&gt;ECW&lt;/td&gt;&lt;td&gt;ERDAS Compressed Wavelets (SDK 5.5)&lt;/td&gt;&lt;/tr&gt;
&lt;tr&gt;&lt;td&gt;JP2ECW&lt;/td&gt;&lt;td&gt;ERDAS JPEG2000 (SDK 5.5)&lt;/td&gt;&lt;/tr&gt;
&lt;tr&gt;&lt;td&gt;FITS&lt;/td&gt;&lt;td&gt;Flexible Image Transport System&lt;/td&gt;&lt;/tr&gt;
&lt;tr&gt;&lt;td&gt;HDF4&lt;/td&gt;&lt;td&gt;Hierarchical Data Format Release 4&lt;/td&gt;&lt;/tr&gt;
&lt;tr&gt;&lt;td&gt;HDF4Image&lt;/td&gt;&lt;td&gt;HDF4 Dataset&lt;/td&gt;&lt;/tr&gt;
&lt;tr&gt;&lt;td&gt;HDF5&lt;/td&gt;&lt;td&gt;Hierarchical Data Format Release 5&lt;/td&gt;&lt;/tr&gt;
&lt;tr&gt;&lt;td&gt;HDF5Image&lt;/td&gt;&lt;td&gt;HDF5 Dataset&lt;/td&gt;&lt;/tr&gt;
&lt;tr&gt;&lt;td&gt;KEA&lt;/td&gt;&lt;td&gt;KEA Image Format (.kea)&lt;/td&gt;&lt;/tr&gt;
&lt;tr&gt;&lt;td&gt;netCDF&lt;/td&gt;&lt;td&gt;Network Common Data Format&lt;/td&gt;&lt;/tr&gt;
&lt;tr&gt;&lt;td&gt;PDF&lt;/td&gt;&lt;td&gt;Geospatial PDF&lt;/td&gt;&lt;/tr&gt;
&lt;tr&gt;&lt;td&gt;AmigoCloud&lt;/td&gt;&lt;td&gt;AmigoCloud&lt;/td&gt;&lt;/tr&gt;
&lt;tr&gt;&lt;td&gt;FileGDB&lt;/td&gt;&lt;td&gt;ESRI FileGDB&lt;/td&gt;&lt;/tr&gt;
&lt;tr&gt;&lt;td&gt;PostgreSQL&lt;/td&gt;&lt;td&gt;PostgreSQL/PostGIS&lt;/td&gt;&lt;/tr&gt;
&lt;tr&gt;&lt;td&gt;VRT&lt;/td&gt;&lt;td&gt;Virtual Raster&lt;/td&gt;&lt;/tr&gt;
&lt;tr&gt;&lt;td&gt;DERIVED&lt;/td&gt;&lt;td&gt;Derived datasets using VRT pixel functions&lt;/td&gt;&lt;/tr&gt;
&lt;tr&gt;&lt;td&gt;GTiff&lt;/td&gt;&lt;td&gt;GeoTIFF&lt;/td&gt;&lt;/tr&gt;
&lt;tr&gt;&lt;td&gt;COG&lt;/td&gt;&lt;td&gt;Cloud optimized GeoTIFF generator&lt;/td&gt;&lt;/tr&gt;
&lt;tr&gt;&lt;td&gt;NITF&lt;/td&gt;&lt;td&gt;National Imagery Transmission Format&lt;/td&gt;&lt;/tr&gt;
&lt;tr&gt;&lt;td&gt;RPFTOC&lt;/td&gt;&lt;td&gt;Raster Product Format TOC format&lt;/td&gt;&lt;/tr&gt;
&lt;tr&gt;&lt;td&gt;ECRGTOC&lt;/td&gt;&lt;td&gt;ECRG TOC format&lt;/td&gt;&lt;/tr&gt;
&lt;tr&gt;&lt;td&gt;HFA&lt;/td&gt;&lt;td&gt;Erdas Imagine Images (.img)&lt;/td&gt;&lt;/tr&gt;
&lt;tr&gt;&lt;td&gt;SAR_CEOS&lt;/td&gt;&lt;td&gt;CEOS SAR Image&lt;/td&gt;&lt;/tr&gt;
&lt;tr&gt;&lt;td&gt;CEOS&lt;/td&gt;&lt;td&gt;CEOS Image&lt;/td&gt;&lt;/tr&gt;
&lt;tr&gt;&lt;td&gt;JAXAPALSAR&lt;/td&gt;&lt;td&gt;JAXA PALSAR Product Reader (Level 1.1/1.5)&lt;/td&gt;&lt;/tr&gt;
&lt;tr&gt;&lt;td&gt;GFF&lt;/td&gt;&lt;td&gt;Ground-based SAR Applications Testbed File Format (.gff)&lt;/td&gt;&lt;/tr&gt;
&lt;tr&gt;&lt;td&gt;ELAS&lt;/td&gt;&lt;td&gt;ELAS&lt;/td&gt;&lt;/tr&gt;
&lt;tr&gt;&lt;td&gt;ESRIC&lt;/td&gt;&lt;td&gt;Esri Compact Cache&lt;/td&gt;&lt;/tr&gt;
&lt;tr&gt;&lt;td&gt;AIG&lt;/td&gt;&lt;td&gt;Arc/Info Binary Grid&lt;/td&gt;&lt;/tr&gt;
&lt;tr&gt;&lt;td&gt;AAIGrid&lt;/td&gt;&lt;td&gt;Arc/Info ASCII Grid&lt;/td&gt;&lt;/tr&gt;
&lt;tr&gt;&lt;td&gt;GRASSASCIIGrid&lt;/td&gt;&lt;td&gt;GRASS ASCII Grid&lt;/td&gt;&lt;/tr&gt;
&lt;tr&gt;&lt;td&gt;ISG&lt;/td&gt;&lt;td&gt;International Service for the Geoid&lt;/td&gt;&lt;/tr&gt;
&lt;tr&gt;&lt;td&gt;SDTS&lt;/td&gt;&lt;td&gt;SDTS Raster&lt;/td&gt;&lt;/tr&gt;
&lt;tr&gt;&lt;td&gt;DTED&lt;/td&gt;&lt;td&gt;DTED Elevation Raster&lt;/td&gt;&lt;/tr&gt;
&lt;tr&gt;&lt;td&gt;PNG&lt;/td&gt;&lt;td&gt;Portable Network Graphics&lt;/td&gt;&lt;/tr&gt;
&lt;tr&gt;&lt;td&gt;JPEG&lt;/td&gt;&lt;td&gt;JPEG JFIF&lt;/td&gt;&lt;/tr&gt;
&lt;tr&gt;&lt;td&gt;MEM&lt;/td&gt;&lt;td&gt;In Memory Raster&lt;/td&gt;&lt;/tr&gt;
&lt;tr&gt;&lt;td&gt;JDEM&lt;/td&gt;&lt;td&gt;Japanese DEM (.mem)&lt;/td&gt;&lt;/tr&gt;
&lt;tr&gt;&lt;td&gt;GIF&lt;/td&gt;&lt;td&gt;Graphics Interchange Format (.gif)&lt;/td&gt;&lt;/tr&gt;
&lt;tr&gt;&lt;td&gt;BIGGIF&lt;/td&gt;&lt;td&gt;Graphics Interchange Format (.gif)&lt;/td&gt;&lt;/tr&gt;
&lt;tr&gt;&lt;td&gt;ESAT&lt;/td&gt;&lt;td&gt;Envisat Image Format&lt;/td&gt;&lt;/tr&gt;
&lt;tr&gt;&lt;td&gt;BSB&lt;/td&gt;&lt;td&gt;Maptech BSB Nautical Charts&lt;/td&gt;&lt;/tr&gt;
&lt;tr&gt;&lt;td&gt;XPM&lt;/td&gt;&lt;td&gt;X11 PixMap Format&lt;/td&gt;&lt;/tr&gt;
&lt;tr&gt;&lt;td&gt;BMP&lt;/td&gt;&lt;td&gt;MS Windows Device Independent Bitmap&lt;/td&gt;&lt;/tr&gt;
&lt;tr&gt;&lt;td&gt;DIMAP&lt;/td&gt;&lt;td&gt;SPOT DIMAP&lt;/td&gt;&lt;/tr&gt;
&lt;tr&gt;&lt;td&gt;AirSAR&lt;/td&gt;&lt;td&gt;AirSAR Polarimetric Image&lt;/td&gt;&lt;/tr&gt;
&lt;tr&gt;&lt;td&gt;RS2&lt;/td&gt;&lt;td&gt;RadarSat 2 XML Product&lt;/td&gt;&lt;/tr&gt;
&lt;tr&gt;&lt;td&gt;SAFE&lt;/td&gt;&lt;td&gt;Sentinel-1 SAR SAFE Product&lt;/td&gt;&lt;/tr&gt;
&lt;tr&gt;&lt;td&gt;PCIDSK&lt;/td&gt;&lt;td&gt;PCIDSK Database File&lt;/td&gt;&lt;/tr&gt;
&lt;tr&gt;&lt;td&gt;PCRaster&lt;/td&gt;&lt;td&gt;PCRaster Raster File&lt;/td&gt;&lt;/tr&gt;
&lt;tr&gt;&lt;td&gt;ILWIS&lt;/td&gt;&lt;td&gt;ILWIS Raster Map&lt;/td&gt;&lt;/tr&gt;
&lt;tr&gt;&lt;td&gt;SGI&lt;/td&gt;&lt;td&gt;SGI Image File Format 1.0&lt;/td&gt;&lt;/tr&gt;
&lt;tr&gt;&lt;td&gt;SRTMHGT&lt;/td&gt;&lt;td&gt;SRTMHGT File Format&lt;/td&gt;&lt;/tr&gt;
&lt;tr&gt;&lt;td&gt;Leveller&lt;/td&gt;&lt;td&gt;Leveller heightfield&lt;/td&gt;&lt;/tr&gt;
&lt;tr&gt;&lt;td&gt;Terragen&lt;/td&gt;&lt;td&gt;Terragen heightfield&lt;/td&gt;&lt;/tr&gt;
&lt;tr&gt;&lt;td&gt;ISIS3&lt;/td&gt;&lt;td&gt;USGS Astrogeology ISIS cube (Version 3)&lt;/td&gt;&lt;/tr&gt;
&lt;tr&gt;&lt;td&gt;ISIS2&lt;/td&gt;&lt;td&gt;USGS Astrogeology ISIS cube (Version 2)&lt;/td&gt;&lt;/tr&gt;
&lt;tr&gt;&lt;td&gt;PDS&lt;/td&gt;&lt;td&gt;NASA Planetary Data System&lt;/td&gt;&lt;/tr&gt;
&lt;tr&gt;&lt;td&gt;PDS4&lt;/td&gt;&lt;td&gt;NASA Planetary Data System 4&lt;/td&gt;&lt;/tr&gt;
&lt;tr&gt;&lt;td&gt;VICAR&lt;/td&gt;&lt;td&gt;MIPL VICAR file&lt;/td&gt;&lt;/tr&gt;
&lt;tr&gt;&lt;td&gt;TIL&lt;/td&gt;&lt;td&gt;EarthWatch .TIL&lt;/td&gt;&lt;/tr&gt;
&lt;tr&gt;&lt;td&gt;ERS&lt;/td&gt;&lt;td&gt;ERMapper .ers Labelled&lt;/td&gt;&lt;/tr&gt;
&lt;tr&gt;&lt;td&gt;JP2OpenJPEG&lt;/td&gt;&lt;td&gt;JPEG-2000 driver based on OpenJPEG library&lt;/td&gt;&lt;/tr&gt;
&lt;tr&gt;&lt;td&gt;L1B&lt;/td&gt;&lt;td&gt;NOAA Polar Orbiter Level 1b Data Set&lt;/td&gt;&lt;/tr&gt;
&lt;tr&gt;&lt;td&gt;FIT&lt;/td&gt;&lt;td&gt;FIT Image&lt;/td&gt;&lt;/tr&gt;
&lt;tr&gt;&lt;td&gt;GRIB&lt;/td&gt;&lt;td&gt;GRIdded Binary (.grb, .grb2)&lt;/td&gt;&lt;/tr&gt;
&lt;tr&gt;&lt;td&gt;RMF&lt;/td&gt;&lt;td&gt;Raster Matrix Format&lt;/td&gt;&lt;/tr&gt;
&lt;tr&gt;&lt;td&gt;WCS&lt;/td&gt;&lt;td&gt;OGC Web Coverage Service&lt;/td&gt;&lt;/tr&gt;
&lt;tr&gt;&lt;td&gt;WMS&lt;/td&gt;&lt;td&gt;OGC Web Map Service&lt;/td&gt;&lt;/tr&gt;
&lt;tr&gt;&lt;td&gt;MSGN&lt;/td&gt;&lt;td&gt;EUMETSAT Archive native (.nat)&lt;/td&gt;&lt;/tr&gt;
&lt;tr&gt;&lt;td&gt;RST&lt;/td&gt;&lt;td&gt;Idrisi Raster A.1&lt;/td&gt;&lt;/tr&gt;
&lt;tr&gt;&lt;td&gt;GSAG&lt;/td&gt;&lt;td&gt;Golden Software ASCII Grid (.grd)&lt;/td&gt;&lt;/tr&gt;
&lt;tr&gt;&lt;td&gt;GSBG&lt;/td&gt;&lt;td&gt;Golden Software Binary Grid (.grd)&lt;/td&gt;&lt;/tr&gt;
&lt;tr&gt;&lt;td&gt;GS7BG&lt;/td&gt;&lt;td&gt;Golden Software 7 Binary Grid (.grd)&lt;/td&gt;&lt;/tr&gt;
&lt;tr&gt;&lt;td&gt;COSAR&lt;/td&gt;&lt;td&gt;COSAR Annotated Binary Matrix (TerraSAR-X)&lt;/td&gt;&lt;/tr&gt;
&lt;tr&gt;&lt;td&gt;TSX&lt;/td&gt;&lt;td&gt;TerraSAR-X Product&lt;/td&gt;&lt;/tr&gt;
&lt;tr&gt;&lt;td&gt;COASP&lt;/td&gt;&lt;td&gt;DRDC COASP SAR Processor Raster&lt;/td&gt;&lt;/tr&gt;
&lt;tr&gt;&lt;td&gt;R&lt;/td&gt;&lt;td&gt;R Object Data Store&lt;/td&gt;&lt;/tr&gt;
&lt;tr&gt;&lt;td&gt;MAP&lt;/td&gt;&lt;td&gt;OziExplorer .MAP&lt;/td&gt;&lt;/tr&gt;
&lt;tr&gt;&lt;td&gt;KMLSUPEROVERLAY&lt;/td&gt;&lt;td&gt;Kml Super Overlay&lt;/td&gt;&lt;/tr&gt;
&lt;tr&gt;&lt;td&gt;WEBP&lt;/td&gt;&lt;td&gt;WEBP&lt;/td&gt;&lt;/tr&gt;
&lt;tr&gt;&lt;td&gt;Rasterlite&lt;/td&gt;&lt;td&gt;Rasterlite&lt;/td&gt;&lt;/tr&gt;
&lt;tr&gt;&lt;td&gt;MBTiles&lt;/td&gt;&lt;td&gt;MBTiles&lt;/td&gt;&lt;/tr&gt;
&lt;tr&gt;&lt;td&gt;PLMOSAIC&lt;/td&gt;&lt;td&gt;Planet Labs Mosaics API&lt;/td&gt;&lt;/tr&gt;
&lt;tr&gt;&lt;td&gt;CALS&lt;/td&gt;&lt;td&gt;CALS (Type 1)&lt;/td&gt;&lt;/tr&gt;
&lt;tr&gt;&lt;td&gt;WMTS&lt;/td&gt;&lt;td&gt;OGC Web Map Tile Service&lt;/td&gt;&lt;/tr&gt;
&lt;tr&gt;&lt;td&gt;SENTINEL2&lt;/td&gt;&lt;td&gt;Sentinel 2&lt;/td&gt;&lt;/tr&gt;
&lt;tr&gt;&lt;td&gt;MRF&lt;/td&gt;&lt;td&gt;Meta Raster Format&lt;/td&gt;&lt;/tr&gt;
&lt;tr&gt;&lt;td&gt;PNM&lt;/td&gt;&lt;td&gt;Portable Pixmap Format (netpbm)&lt;/td&gt;&lt;/tr&gt;
&lt;tr&gt;&lt;td&gt;DOQ1&lt;/td&gt;&lt;td&gt;USGS DOQ (Old Style)&lt;/td&gt;&lt;/tr&gt;
&lt;tr&gt;&lt;td&gt;DOQ2&lt;/td&gt;&lt;td&gt;USGS DOQ (New Style)&lt;/td&gt;&lt;/tr&gt;
&lt;tr&gt;&lt;td&gt;PAux&lt;/td&gt;&lt;td&gt;PCI .aux Labelled&lt;/td&gt;&lt;/tr&gt;
&lt;tr&gt;&lt;td&gt;MFF&lt;/td&gt;&lt;td&gt;Vexcel MFF Raster&lt;/td&gt;&lt;/tr&gt;
&lt;tr&gt;&lt;td&gt;MFF2&lt;/td&gt;&lt;td&gt;Vexcel MFF2 (HKV) Raster&lt;/td&gt;&lt;/tr&gt;
&lt;tr&gt;&lt;td&gt;GSC&lt;/td&gt;&lt;td&gt;GSC Geogrid&lt;/td&gt;&lt;/tr&gt;
&lt;tr&gt;&lt;td&gt;FAST&lt;/td&gt;&lt;td&gt;EOSAT FAST Format&lt;/td&gt;&lt;/tr&gt;
&lt;tr&gt;&lt;td&gt;BT&lt;/td&gt;&lt;td&gt;VTP .bt (Binary Terrain) 1.3 Format&lt;/td&gt;&lt;/tr&gt;
&lt;tr&gt;&lt;td&gt;LAN&lt;/td&gt;&lt;td&gt;Erdas .LAN/.GIS&lt;/td&gt;&lt;/tr&gt;
&lt;tr&gt;&lt;td&gt;CPG&lt;/td&gt;&lt;td&gt;Convair PolGASP&lt;/td&gt;&lt;/tr&gt;
&lt;tr&gt;&lt;td&gt;NDF&lt;/td&gt;&lt;td&gt;NLAPS Data Format&lt;/td&gt;&lt;/tr&gt;
&lt;tr&gt;&lt;td&gt;EIR&lt;/td&gt;&lt;td&gt;Erdas Imagine Raw&lt;/td&gt;&lt;/tr&gt;
&lt;tr&gt;&lt;td&gt;DIPEx&lt;/td&gt;&lt;td&gt;DIPEx&lt;/td&gt;&lt;/tr&gt;
&lt;tr&gt;&lt;td&gt;LCP&lt;/td&gt;&lt;td&gt;FARSITE v.4 Landscape File (.lcp)&lt;/td&gt;&lt;/tr&gt;
&lt;tr&gt;&lt;td&gt;GTX&lt;/td&gt;&lt;td&gt;NOAA Vertical Datum .GTX&lt;/td&gt;&lt;/tr&gt;
&lt;tr&gt;&lt;td&gt;LOSLAS&lt;/td&gt;&lt;td&gt;NADCON .los/.las Datum Grid Shift&lt;/td&gt;&lt;/tr&gt;
&lt;tr&gt;&lt;td&gt;NTv2&lt;/td&gt;&lt;td&gt;NTv2 Datum Grid Shift&lt;/td&gt;&lt;/tr&gt;
&lt;tr&gt;&lt;td&gt;CTable2&lt;/td&gt;&lt;td&gt;CTable2 Datum Grid Shift&lt;/td&gt;&lt;/tr&gt;
&lt;tr&gt;&lt;td&gt;ACE2&lt;/td&gt;&lt;td&gt;ACE2&lt;/td&gt;&lt;/tr&gt;
&lt;tr&gt;&lt;td&gt;SNODAS&lt;/td&gt;&lt;td&gt;Snow Data Assimilation System&lt;/td&gt;&lt;/tr&gt;
&lt;tr&gt;&lt;td&gt;KRO&lt;/td&gt;&lt;td&gt;KOLOR Raw&lt;/td&gt;&lt;/tr&gt;
&lt;tr&gt;&lt;td&gt;ROI_PAC&lt;/td&gt;&lt;td&gt;ROI_PAC raster&lt;/td&gt;&lt;/tr&gt;
&lt;tr&gt;&lt;td&gt;RRASTER&lt;/td&gt;&lt;td&gt;R Raster&lt;/td&gt;&lt;/tr&gt;
&lt;tr&gt;&lt;td&gt;BYN&lt;/td&gt;&lt;td&gt;Natural Resources Canada's Geoid&lt;/td&gt;&lt;/tr&gt;
&lt;tr&gt;&lt;td&gt;ARG&lt;/td&gt;&lt;td&gt;Azavea Raster Grid format&lt;/td&gt;&lt;/tr&gt;
&lt;tr&gt;&lt;td&gt;RIK&lt;/td&gt;&lt;td&gt;Swedish Grid RIK (.rik)&lt;/td&gt;&lt;/tr&gt;
&lt;tr&gt;&lt;td&gt;USGSDEM&lt;/td&gt;&lt;td&gt;USGS Optional ASCII DEM (and CDED)&lt;/td&gt;&lt;/tr&gt;
&lt;tr&gt;&lt;td&gt;GXF&lt;/td&gt;&lt;td&gt;GeoSoft Grid Exchange Format&lt;/td&gt;&lt;/tr&gt;
&lt;tr&gt;&lt;td&gt;NWT_GRD&lt;/td&gt;&lt;td&gt;Northwood Numeric Grid Format .grd/.tab&lt;/td&gt;&lt;/tr&gt;
&lt;tr&gt;&lt;td&gt;NWT_GRC&lt;/td&gt;&lt;td&gt;Northwood Classified Grid Format .grc/.tab&lt;/td&gt;&lt;/tr&gt;
&lt;tr&gt;&lt;td&gt;ADRG&lt;/td&gt;&lt;td&gt;ARC Digitized Raster Graphics&lt;/td&gt;&lt;/tr&gt;
&lt;tr&gt;&lt;td&gt;SRP&lt;/td&gt;&lt;td&gt;Standard Raster Product (ASRP/USRP)&lt;/td&gt;&lt;/tr&gt;
&lt;tr&gt;&lt;td&gt;BLX&lt;/td&gt;&lt;td&gt;Magellan topo (.blx)&lt;/td&gt;&lt;/tr&gt;
&lt;tr&gt;&lt;td&gt;PostGISRaster&lt;/td&gt;&lt;td&gt;PostGIS Raster driver&lt;/td&gt;&lt;/tr&gt;
&lt;tr&gt;&lt;td&gt;SAGA&lt;/td&gt;&lt;td&gt;SAGA GIS Binary Grid (.sdat, .sg-grd-z)&lt;/td&gt;&lt;/tr&gt;
&lt;tr&gt;&lt;td&gt;XYZ&lt;/td&gt;&lt;td&gt;ASCII Gridded XYZ&lt;/td&gt;&lt;/tr&gt;
&lt;tr&gt;&lt;td&gt;HF2&lt;/td&gt;&lt;td&gt;HF2/HFZ heightfield raster&lt;/td&gt;&lt;/tr&gt;
&lt;tr&gt;&lt;td&gt;OZI&lt;/td&gt;&lt;td&gt;OziExplorer Image File&lt;/td&gt;&lt;/tr&gt;
&lt;tr&gt;&lt;td&gt;CTG&lt;/td&gt;&lt;td&gt;USGS LULC Composite Theme Grid&lt;/td&gt;&lt;/tr&gt;
&lt;tr&gt;&lt;td&gt;ZMap&lt;/td&gt;&lt;td&gt;ZMap Plus Grid&lt;/td&gt;&lt;/tr&gt;
&lt;tr&gt;&lt;td&gt;NGSGEOID&lt;/td&gt;&lt;td&gt;NOAA NGS Geoid Height Grids&lt;/td&gt;&lt;/tr&gt;
&lt;tr&gt;&lt;td&gt;IRIS&lt;/td&gt;&lt;td&gt;IRIS data (.PPI, .CAPPi etc)&lt;/td&gt;&lt;/tr&gt;
&lt;tr&gt;&lt;td&gt;PRF&lt;/td&gt;&lt;td&gt;Racurs PHOTOMOD PRF&lt;/td&gt;&lt;/tr&gt;
&lt;tr&gt;&lt;td&gt;EEDAI&lt;/td&gt;&lt;td&gt;Earth Engine Data API Image&lt;/td&gt;&lt;/tr&gt;
&lt;tr&gt;&lt;td&gt;EEDA&lt;/td&gt;&lt;td&gt;Earth Engine Data API&lt;/td&gt;&lt;/tr&gt;
&lt;tr&gt;&lt;td&gt;DAAS&lt;/td&gt;&lt;td&gt;Airbus DS Intelligence Data As A Service driver&lt;/td&gt;&lt;/tr&gt;
&lt;tr&gt;&lt;td&gt;SIGDEM&lt;/td&gt;&lt;td&gt;Scaled Integer Gridded DEM .sigdem&lt;/td&gt;&lt;/tr&gt;
&lt;tr&gt;&lt;td&gt;TGA&lt;/td&gt;&lt;td&gt;TGA/TARGA Image File Format&lt;/td&gt;&lt;/tr&gt;
&lt;tr&gt;&lt;td&gt;OGCAPI&lt;/td&gt;&lt;td&gt;OGCAPI&lt;/td&gt;&lt;/tr&gt;
&lt;tr&gt;&lt;td&gt;STACTA&lt;/td&gt;&lt;td&gt;Spatio-Temporal Asset Catalog Tiled Assets&lt;/td&gt;&lt;/tr&gt;
&lt;tr&gt;&lt;td&gt;STACIT&lt;/td&gt;&lt;td&gt;Spatio-Temporal Asset Catalog Items&lt;/td&gt;&lt;/tr&gt;
&lt;tr&gt;&lt;td&gt;GNMFile&lt;/td&gt;&lt;td&gt;Geographic Network generic file based model&lt;/td&gt;&lt;/tr&gt;
&lt;tr&gt;&lt;td&gt;GNMDatabase&lt;/td&gt;&lt;td&gt;Geographic Network generic DB based model&lt;/td&gt;&lt;/tr&gt;
&lt;tr&gt;&lt;td&gt;ESRI Shapefile&lt;/td&gt;&lt;td&gt;ESRI Shapefile&lt;/td&gt;&lt;/tr&gt;
&lt;tr&gt;&lt;td&gt;MapInfo File&lt;/td&gt;&lt;td&gt;MapInfo File&lt;/td&gt;&lt;/tr&gt;
&lt;tr&gt;&lt;td&gt;UK .NTF&lt;/td&gt;&lt;td&gt;UK .NTF&lt;/td&gt;&lt;/tr&gt;
&lt;tr&gt;&lt;td&gt;LVBAG&lt;/td&gt;&lt;td&gt;Kadaster LV BAG Extract 2.0&lt;/td&gt;&lt;/tr&gt;
&lt;tr&gt;&lt;td&gt;OGR_SDTS&lt;/td&gt;&lt;td&gt;SDTS&lt;/td&gt;&lt;/tr&gt;
&lt;tr&gt;&lt;td&gt;S57&lt;/td&gt;&lt;td&gt;IHO S-57 (ENC)&lt;/td&gt;&lt;/tr&gt;
&lt;tr&gt;&lt;td&gt;DGN&lt;/td&gt;&lt;td&gt;Microstation DGN&lt;/td&gt;&lt;/tr&gt;
&lt;tr&gt;&lt;td&gt;OGR_VRT&lt;/td&gt;&lt;td&gt;VRT - Virtual Datasource&lt;/td&gt;&lt;/tr&gt;
&lt;tr&gt;&lt;td&gt;Memory&lt;/td&gt;&lt;td&gt;Memory&lt;/td&gt;&lt;/tr&gt;
&lt;tr&gt;&lt;td&gt;CSV&lt;/td&gt;&lt;td&gt;Comma Separated Value (.csv)&lt;/td&gt;&lt;/tr&gt;
&lt;tr&gt;&lt;td&gt;NAS&lt;/td&gt;&lt;td&gt;NAS - ALKIS&lt;/td&gt;&lt;/tr&gt;
&lt;tr&gt;&lt;td&gt;GML&lt;/td&gt;&lt;td&gt;Geography Markup Language (GML)&lt;/td&gt;&lt;/tr&gt;
&lt;tr&gt;&lt;td&gt;GPX&lt;/td&gt;&lt;td&gt;GPX&lt;/td&gt;&lt;/tr&gt;
&lt;tr&gt;&lt;td&gt;LIBKML&lt;/td&gt;&lt;td&gt;Keyhole Markup Language (LIBKML)&lt;/td&gt;&lt;/tr&gt;
&lt;tr&gt;&lt;td&gt;KML&lt;/td&gt;&lt;td&gt;Keyhole Markup Language (KML)&lt;/td&gt;&lt;/tr&gt;
&lt;tr&gt;&lt;td&gt;GeoJSON&lt;/td&gt;&lt;td&gt;GeoJSON&lt;/td&gt;&lt;/tr&gt;
&lt;tr&gt;&lt;td&gt;GeoJSONSeq&lt;/td&gt;&lt;td&gt;GeoJSON Sequence&lt;/td&gt;&lt;/tr&gt;
&lt;tr&gt;&lt;td&gt;ESRIJSON&lt;/td&gt;&lt;td&gt;ESRIJSON&lt;/td&gt;&lt;/tr&gt;
&lt;tr&gt;&lt;td&gt;TopoJSON&lt;/td&gt;&lt;td&gt;TopoJSON&lt;/td&gt;&lt;/tr&gt;
&lt;tr&gt;&lt;td&gt;Interlis 1&lt;/td&gt;&lt;td&gt;Interlis 1&lt;/td&gt;&lt;/tr&gt;
&lt;tr&gt;&lt;td&gt;Interlis 2&lt;/td&gt;&lt;td&gt;Interlis 2&lt;/td&gt;&lt;/tr&gt;
&lt;tr&gt;&lt;td&gt;OGR_GMT&lt;/td&gt;&lt;td&gt;GMT ASCII Vectors (.gmt)&lt;/td&gt;&lt;/tr&gt;
&lt;tr&gt;&lt;td&gt;GPKG&lt;/td&gt;&lt;td&gt;GeoPackage&lt;/td&gt;&lt;/tr&gt;
&lt;tr&gt;&lt;td&gt;SQLite&lt;/td&gt;&lt;td&gt;SQLite / Spatialite&lt;/td&gt;&lt;/tr&gt;
&lt;tr&gt;&lt;td&gt;ODBC&lt;/td&gt;&lt;td&gt;&lt;/td&gt;&lt;/tr&gt;
&lt;tr&gt;&lt;td&gt;WAsP&lt;/td&gt;&lt;td&gt;WAsP .map format&lt;/td&gt;&lt;/tr&gt;
&lt;tr&gt;&lt;td&gt;PGeo&lt;/td&gt;&lt;td&gt;ESRI Personal GeoDatabase&lt;/td&gt;&lt;/tr&gt;
&lt;tr&gt;&lt;td&gt;MSSQLSpatial&lt;/td&gt;&lt;td&gt;Microsoft SQL Server Spatial Database&lt;/td&gt;&lt;/tr&gt;
&lt;tr&gt;&lt;td&gt;OGR_OGDI&lt;/td&gt;&lt;td&gt;OGDI Vectors (VPF, VMAP, DCW)&lt;/td&gt;&lt;/tr&gt;
&lt;tr&gt;&lt;td&gt;MySQL&lt;/td&gt;&lt;td&gt;MySQL&lt;/td&gt;&lt;/tr&gt;
&lt;tr&gt;&lt;td&gt;OpenFileGDB&lt;/td&gt;&lt;td&gt;ESRI FileGDB&lt;/td&gt;&lt;/tr&gt;
&lt;tr&gt;&lt;td&gt;DXF&lt;/td&gt;&lt;td&gt;AutoCAD DXF&lt;/td&gt;&lt;/tr&gt;
&lt;tr&gt;&lt;td&gt;CAD&lt;/td&gt;&lt;td&gt;AutoCAD Driver&lt;/td&gt;&lt;/tr&gt;
&lt;tr&gt;&lt;td&gt;FlatGeobuf&lt;/td&gt;&lt;td&gt;FlatGeobuf&lt;/td&gt;&lt;/tr&gt;
&lt;tr&gt;&lt;td&gt;Geoconcept&lt;/td&gt;&lt;td&gt;Geoconcept&lt;/td&gt;&lt;/tr&gt;
&lt;tr&gt;&lt;td&gt;GeoRSS&lt;/td&gt;&lt;td&gt;GeoRSS&lt;/td&gt;&lt;/tr&gt;
&lt;tr&gt;&lt;td&gt;VFK&lt;/td&gt;&lt;td&gt;Czech Cadastral Exchange Data Format&lt;/td&gt;&lt;/tr&gt;
&lt;tr&gt;&lt;td&gt;PGDUMP&lt;/td&gt;&lt;td&gt;PostgreSQL SQL dump&lt;/td&gt;&lt;/tr&gt;
&lt;tr&gt;&lt;td&gt;OSM&lt;/td&gt;&lt;td&gt;OpenStreetMap XML and PBF&lt;/td&gt;&lt;/tr&gt;
&lt;tr&gt;&lt;td&gt;GPSBabel&lt;/td&gt;&lt;td&gt;GPSBabel&lt;/td&gt;&lt;/tr&gt;
&lt;tr&gt;&lt;td&gt;OGR_PDS&lt;/td&gt;&lt;td&gt;Planetary Data Systems TABLE&lt;/td&gt;&lt;/tr&gt;
&lt;tr&gt;&lt;td&gt;WFS&lt;/td&gt;&lt;td&gt;OGC WFS (Web Feature Service)&lt;/td&gt;&lt;/tr&gt;
&lt;tr&gt;&lt;td&gt;OAPIF&lt;/td&gt;&lt;td&gt;OGC API - Features&lt;/td&gt;&lt;/tr&gt;
&lt;tr&gt;&lt;td&gt;EDIGEO&lt;/td&gt;&lt;td&gt;French EDIGEO exchange format&lt;/td&gt;&lt;/tr&gt;
&lt;tr&gt;&lt;td&gt;SVG&lt;/td&gt;&lt;td&gt;Scalable Vector Graphics&lt;/td&gt;&lt;/tr&gt;
&lt;tr&gt;&lt;td&gt;Idrisi&lt;/td&gt;&lt;td&gt;Idrisi Vector (.vct)&lt;/td&gt;&lt;/tr&gt;
&lt;tr&gt;&lt;td&gt;ODS&lt;/td&gt;&lt;td&gt;Open Document/ LibreOffice / OpenOffice Spreadsheet &lt;/td&gt;&lt;/tr&gt;
&lt;tr&gt;&lt;td&gt;XLSX&lt;/td&gt;&lt;td&gt;MS Office Open XML spreadsheet&lt;/td&gt;&lt;/tr&gt;
&lt;tr&gt;&lt;td&gt;Elasticsearch&lt;/td&gt;&lt;td&gt;Elastic Search&lt;/td&gt;&lt;/tr&gt;
&lt;tr&gt;&lt;td&gt;Carto&lt;/td&gt;&lt;td&gt;Carto&lt;/td&gt;&lt;/tr&gt;
&lt;tr&gt;&lt;td&gt;SXF&lt;/td&gt;&lt;td&gt;Storage and eXchange Format&lt;/td&gt;&lt;/tr&gt;
&lt;tr&gt;&lt;td&gt;Selafin&lt;/td&gt;&lt;td&gt;Selafin&lt;/td&gt;&lt;/tr&gt;
&lt;tr&gt;&lt;td&gt;JML&lt;/td&gt;&lt;td&gt;OpenJUMP JML&lt;/td&gt;&lt;/tr&gt;
&lt;tr&gt;&lt;td&gt;PLSCENES&lt;/td&gt;&lt;td&gt;Planet Labs Scenes API&lt;/td&gt;&lt;/tr&gt;
&lt;tr&gt;&lt;td&gt;CSW&lt;/td&gt;&lt;td&gt;OGC CSW (Catalog  Service for the Web)&lt;/td&gt;&lt;/tr&gt;
&lt;tr&gt;&lt;td&gt;VDV&lt;/td&gt;&lt;td&gt;VDV-451/VDV-452/INTREST Data Format&lt;/td&gt;&lt;/tr&gt;
&lt;tr&gt;&lt;td&gt;GMLAS&lt;/td&gt;&lt;td&gt;Geography Markup Language (GML) driven by application schemas&lt;/td&gt;&lt;/tr&gt;
&lt;tr&gt;&lt;td&gt;MVT&lt;/td&gt;&lt;td&gt;Mapbox Vector Tiles&lt;/td&gt;&lt;/tr&gt;
&lt;tr&gt;&lt;td&gt;NGW&lt;/td&gt;&lt;td&gt;NextGIS Web&lt;/td&gt;&lt;/tr&gt;
&lt;tr&gt;&lt;td&gt;MapML&lt;/td&gt;&lt;td&gt;MapML&lt;/td&gt;&lt;/tr&gt;
&lt;tr&gt;&lt;td&gt;TIGER&lt;/td&gt;&lt;td&gt;U.S. Census TIGER/Line&lt;/td&gt;&lt;/tr&gt;
&lt;tr&gt;&lt;td&gt;AVCBin&lt;/td&gt;&lt;td&gt;Arc/Info Binary Coverage&lt;/td&gt;&lt;/tr&gt;
&lt;tr&gt;&lt;td&gt;AVCE00&lt;/td&gt;&lt;td&gt;Arc/Info E00 (ASCII) Coverage&lt;/td&gt;&lt;/tr&gt;
&lt;tr&gt;&lt;td&gt;GenBin&lt;/td&gt;&lt;td&gt;Generic Binary (.hdr Labelled)&lt;/td&gt;&lt;/tr&gt;
&lt;tr&gt;&lt;td&gt;ENVI&lt;/td&gt;&lt;td&gt;ENVI .hdr Labelled&lt;/td&gt;&lt;/tr&gt;
&lt;tr&gt;&lt;td&gt;EHdr&lt;/td&gt;&lt;td&gt;ESRI .hdr Labelled&lt;/td&gt;&lt;/tr&gt;
&lt;tr&gt;&lt;td&gt;ISCE&lt;/td&gt;&lt;td&gt;ISCE raster&lt;/td&gt;&lt;/tr&gt;
&lt;tr&gt;&lt;td&gt;Zarr&lt;/td&gt;&lt;td&gt;Zarr&lt;/td&gt;&lt;/tr&gt;
&lt;tr&gt;&lt;td&gt;HTTP&lt;/td&gt;&lt;td&gt;HTTP Fetching Wrapper&lt;/td&gt;&lt;/tr&gt;
&lt;/table&gt;</summary>
  </tool>
  <dataIdInfo>
    <idCitation>
      <resTitle>O.Conrad (c) 2015</resTitle>
    </idCitation>
    <idCredit>Conrad, O., Bechtel, B., Bock, M., Dietrich, H., Fischer, E., Gerlitz, L., Wehberg, J., Wichmann, V., and Boehner, J. (2015): System for Automated Geoscientific Analyses (SAGA) v. 2.1.4, Geosci. Model Dev., 8, 1991-2007, doi:10.5194/gmd-8-1991-2015. [SAGA - System for Automated Geoscientific Analyses - saga-gis.org] </idCredit>
    <searchKeys>
      <SAGA></SAGA>
    </searchKeys>
  </dataIdInfo>
</metadata>
