<?xml version="1.0" encoding="UTF-8"?>
<metadata xml:lang="en">
  <Esri>
    <CreaDate>20150910</CreaDate>
    <CreaTime>11550000</CreaTime>
    <ArcGISFormat>1.0</ArcGISFormat>
    <SyncOnce>TRUE</SyncOnce>
    <ArcGISProfile>ItemDescription</ArcGISProfile>
  </Esri>
  <tool name="tool_0" displayname="Geocoding">
    <parameters>
      <param name="LOCATIONS" displayname="Locations" type="Required" direction="Output">
        <dialogReference>&lt;p&gt;Locations&lt;/p&gt;&lt;p&gt;Shapes, output&lt;/p&gt;</dialogReference>
      </param>
      <param name="ADDRESSES" displayname="Address List" type="Optional" direction="Input">
        <dialogReference>&lt;p&gt;Address List&lt;/p&gt;&lt;p&gt;Table, input, optional&lt;/p&gt;&lt;p&gt;optional&lt;/p&gt;</dialogReference>
      </param>
      <param name="FIELD" displayname="Address Field" type="Optional" direction="Output">
        <dialogReference>&lt;p&gt;Address Field&lt;/p&gt;&lt;p&gt;Table field&lt;/p&gt;</dialogReference>
      </param>
      <param name="ADDRESS" displayname="Single Address" type="Optional" direction="Output">
        <dialogReference>&lt;p&gt;Single Address&lt;/p&gt;&lt;p&gt;Text&lt;/p&gt;&lt;p&gt;Default: Bundesstrasse 55, Hamburg, Germany&lt;/p&gt;</dialogReference>
      </param>
      <param name="PROVIDER" displayname="Service Provider" type="Optional" direction="Output">
        <dialogReference>&lt;p&gt;Service Provider&lt;/p&gt;&lt;p&gt;Choice&lt;/p&gt;&lt;p&gt;Available Choices:&lt;/p&gt;&lt;p&gt;[0] Nominatim (OpenStreetMap)&lt;/p&gt;&lt;p&gt;[1] The Data Science Toolkit&lt;/p&gt;&lt;p&gt;[2] Google&lt;/p&gt;&lt;p&gt;[3] Bing&lt;/p&gt;&lt;p&gt;[4] MapQuest&lt;/p&gt;&lt;p&gt;Default: 0&lt;/p&gt;</dialogReference>
      </param>
      <param name="API_KEY" displayname="API Key" type="Optional" direction="Output">
        <dialogReference>&lt;p&gt;API Key&lt;/p&gt;&lt;p&gt;Text&lt;/p&gt;</dialogReference>
      </param>
      <param name="METADATA" displayname="Store Metadata" type="Optional" direction="Output">
        <dialogReference>&lt;p&gt;Store Metadata&lt;/p&gt;&lt;p&gt;Boolean&lt;/p&gt;&lt;p&gt;Default: 0&lt;/p&gt;</dialogReference>
      </param>
    </parameters>
    <summary>Geocoding of addresses using geocoding services. </summary>
  </tool>
  <dataIdInfo>
    <idCitation>
      <resTitle>O.Conrad (c) 2018</resTitle>
    </idCitation>
    <idCredit>Conrad, O., Bechtel, B., Bock, M., Dietrich, H., Fischer, E., Gerlitz, L., Wehberg, J., Wichmann, V., and Boehner, J. (2015): System for Automated Geoscientific Analyses (SAGA) v. 2.1.4, Geosci. Model Dev., 8, 1991-2007, doi:10.5194/gmd-8-1991-2015. [SAGA - System for Automated Geoscientific Analyses - saga-gis.org] </idCredit>
    <searchKeys>
      <SAGA></SAGA>
    </searchKeys>
  </dataIdInfo>
</metadata>
