<?xml version="1.0" encoding="UTF-8"?>
<metadata xml:lang="en">
  <Esri>
    <CreaDate>20150910</CreaDate>
    <CreaTime>11550000</CreaTime>
    <ArcGISFormat>1.0</ArcGISFormat>
    <SyncOnce>TRUE</SyncOnce>
    <ArcGISProfile>ItemDescription</ArcGISProfile>
  </Esri>
  <tool name="tool_7" displayname="Coordinate Reference System Picker">
    <parameters>
      <param name="CRS_METHOD" displayname="Get CRS Definition from..." type="Optional" direction="Output">
        <dialogReference>&lt;p&gt;Get CRS Definition from...&lt;/p&gt;&lt;p&gt;Choice, CMD&lt;/p&gt;&lt;p&gt;Available Choices:&lt;/p&gt;&lt;p&gt;[0] Proj4 Parameters&lt;/p&gt;&lt;p&gt;[1] EPSG Code&lt;/p&gt;&lt;p&gt;[2] Well Known Text File&lt;/p&gt;&lt;p&gt;Default: 0&lt;/p&gt;</dialogReference>
      </param>
      <param name="CRS_PROJ4" displayname="Proj4 Parameters" type="Optional" direction="Output">
        <dialogReference>&lt;p&gt;Proj4 Parameters&lt;/p&gt;&lt;p&gt;Long text&lt;/p&gt;</dialogReference>
      </param>
      <param name="CRS_FILE" displayname="Well Known Text File" type="Optional" direction="Output">
        <dialogReference>&lt;p&gt;Well Known Text File&lt;/p&gt;&lt;p&gt;File path&lt;/p&gt;</dialogReference>
      </param>
      <param name="CRS_EPSG" displayname="Authority Code" type="Optional" direction="Output">
        <dialogReference>&lt;p&gt;Authority Code&lt;/p&gt;&lt;p&gt;Integer&lt;/p&gt;&lt;p&gt;Default: -1&lt;/p&gt;</dialogReference>
      </param>
      <param name="CRS_EPSG_AUTH" displayname="Authority" type="Optional" direction="Output">
        <dialogReference>&lt;p&gt;Authority&lt;/p&gt;&lt;p&gt;Text&lt;/p&gt;&lt;p&gt;Default: EPSG&lt;/p&gt;</dialogReference>
      </param>
    </parameters>
    <summary>Define or pick a Coordinate Reference System (CRS). It is intended to call this tool only from other tools.</summary>
  </tool>
  <dataIdInfo>
    <idCitation>
      <resTitle>O.Conrad (c) 2014</resTitle>
    </idCitation>
    <idCredit>Conrad, O., Bechtel, B., Bock, M., Dietrich, H., Fischer, E., Gerlitz, L., Wehberg, J., Wichmann, V., and Boehner, J. (2015): System for Automated Geoscientific Analyses (SAGA) v. 2.1.4, Geosci. Model Dev., 8, 1991-2007, doi:10.5194/gmd-8-1991-2015. [SAGA - System for Automated Geoscientific Analyses - saga-gis.org] </idCredit>
    <searchKeys>
      <SAGA></SAGA>
    </searchKeys>
  </dataIdInfo>
</metadata>
