<?xml version="1.0" encoding="UTF-8"?>
<metadata xml:lang="en">
  <Esri>
    <CreaDate>20150910</CreaDate>
    <CreaTime>11550000</CreaTime>
    <ArcGISFormat>1.0</ArcGISFormat>
    <SyncOnce>TRUE</SyncOnce>
    <ArcGISProfile>ItemDescription</ArcGISProfile>
  </Esri>
  <tool name="tool_8" displayname="Tissot's Indicatrix">
    <parameters>
      <param name="CRS_METHOD" displayname="Get CRS Definition from..." type="Optional" direction="Output">
        <dialogReference>&lt;p&gt;Get CRS Definition from...&lt;/p&gt;&lt;p&gt;Choice, CMD&lt;/p&gt;&lt;p&gt;Available Choices:&lt;/p&gt;&lt;p&gt;[0] Proj4 Parameters&lt;/p&gt;&lt;p&gt;[1] EPSG Code&lt;/p&gt;&lt;p&gt;[2] Well Known Text File&lt;/p&gt;&lt;p&gt;Default: 0&lt;/p&gt;</dialogReference>
      </param>
      <param name="CRS_PROJ4" displayname="Proj4 Parameters" type="Optional" direction="Output">
        <dialogReference>&lt;p&gt;Proj4 Parameters&lt;/p&gt;&lt;p&gt;Long text&lt;/p&gt;</dialogReference>
      </param>
      <param name="CRS_FILE" displayname="Well Known Text File" type="Optional" direction="Output">
        <dialogReference>&lt;p&gt;Well Known Text File&lt;/p&gt;&lt;p&gt;File path&lt;/p&gt;</dialogReference>
      </param>
      <param name="CRS_EPSG" displayname="Authority Code" type="Optional" direction="Output">
        <dialogReference>&lt;p&gt;Authority Code&lt;/p&gt;&lt;p&gt;Integer&lt;/p&gt;&lt;p&gt;Default: -1&lt;/p&gt;</dialogReference>
      </param>
      <param name="CRS_EPSG_AUTH" displayname="Authority" type="Optional" direction="Output">
        <dialogReference>&lt;p&gt;Authority&lt;/p&gt;&lt;p&gt;Text&lt;/p&gt;&lt;p&gt;Default: EPSG&lt;/p&gt;</dialogReference>
      </param>
      <param name="TARGET" displayname="Indicatrix" type="Required" direction="Output">
        <dialogReference>&lt;p&gt;Indicatrix&lt;/p&gt;&lt;p&gt;Shapes, output&lt;/p&gt;</dialogReference>
      </param>
      <param name="NY" displayname="Number in Latitudinal Direction" type="Optional" direction="Output">
        <dialogReference>&lt;p&gt;Number in Latitudinal Direction&lt;/p&gt;&lt;p&gt;Integer&lt;/p&gt;&lt;p&gt;Minimum: 1&lt;/p&gt;&lt;p&gt;Default: 5&lt;/p&gt;</dialogReference>
      </param>
      <param name="NX" displayname="Number in Meridional Direction" type="Optional" direction="Output">
        <dialogReference>&lt;p&gt;Number in Meridional Direction&lt;/p&gt;&lt;p&gt;Integer&lt;/p&gt;&lt;p&gt;Minimum: 1&lt;/p&gt;&lt;p&gt;Default: 11&lt;/p&gt;</dialogReference>
      </param>
      <param name="SCALE" displayname="Size" type="Optional" direction="Output">
        <dialogReference>&lt;p&gt;Size&lt;/p&gt;&lt;p&gt;Floating point&lt;/p&gt;&lt;p&gt;Minimum: 1.000000&lt;/p&gt;&lt;p&gt;Default: 25.000000&lt;/p&gt;</dialogReference>
      </param>
    </parameters>
    <summary>Creates a shapes layer with Tissot's indicatrices for chosen projection.
Projection routines make use of the Proj.4 Cartographic Projections library.
Proj.4 was originally developed by Gerald Evenden and later continued by the United States Department of the Interior, Geological Survey (USGS).
Proj.4 Version is 7.2.1
&lt;a target="_blank" href="http://trac.osgeo.org/proj/"&gt;Proj.4 Homepage&lt;/a&gt;</summary>
  </tool>
  <dataIdInfo>
    <idCitation>
      <resTitle>O. Conrad (c) 2014</resTitle>
    </idCitation>
    <idCredit>Conrad, O., Bechtel, B., Bock, M., Dietrich, H., Fischer, E., Gerlitz, L., Wehberg, J., Wichmann, V., and Boehner, J. (2015): System for Automated Geoscientific Analyses (SAGA) v. 2.1.4, Geosci. Model Dev., 8, 1991-2007, doi:10.5194/gmd-8-1991-2015. [SAGA - System for Automated Geoscientific Analyses - saga-gis.org] </idCredit>
    <searchKeys>
      <SAGA></SAGA>
    </searchKeys>
  </dataIdInfo>
</metadata>
