<?xml version="1.0" encoding="UTF-8"?>
<metadata xml:lang="en">
  <Esri>
    <CreaDate>20150910</CreaDate>
    <CreaTime>11550000</CreaTime>
    <ArcGISFormat>1.0</ArcGISFormat>
    <SyncOnce>TRUE</SyncOnce>
    <ArcGISProfile>ItemDescription</ArcGISProfile>
  </Esri>
  <tool name="tool_6" displayname="World File from Flight and Camera Settings">
    <parameters>
      <param name="EXTENT" displayname="Extent" type="Optional" direction="Output">
        <dialogReference>&lt;p&gt;Extent&lt;/p&gt;&lt;p&gt;Shapes, output, optional&lt;/p&gt;&lt;p&gt;optional&lt;/p&gt;</dialogReference>
      </param>
      <param name="FILE" displayname="World File" type="Optional" direction="Output">
        <dialogReference>&lt;p&gt;World File&lt;/p&gt;&lt;p&gt;File path&lt;/p&gt;</dialogReference>
      </param>
      <param name="NX" displayname="Number of Columns" type="Optional" direction="Output">
        <dialogReference>&lt;p&gt;Number of Columns&lt;/p&gt;&lt;p&gt;Integer&lt;/p&gt;&lt;p&gt;Minimum: 1&lt;/p&gt;&lt;p&gt;Default: 100&lt;/p&gt;</dialogReference>
      </param>
      <param name="NY" displayname="Number of Rows" type="Optional" direction="Output">
        <dialogReference>&lt;p&gt;Number of Rows&lt;/p&gt;&lt;p&gt;Integer&lt;/p&gt;&lt;p&gt;Minimum: 1&lt;/p&gt;&lt;p&gt;Default: 100&lt;/p&gt;</dialogReference>
      </param>
      <param name="CFL" displayname="Focal Length [mm]" type="Optional" direction="Output">
        <dialogReference>&lt;p&gt;Focal Length [mm]&lt;/p&gt;&lt;p&gt;Floating point&lt;/p&gt;&lt;p&gt;Minimum: 0.000000&lt;/p&gt;&lt;p&gt;Default: 80.000000&lt;/p&gt;</dialogReference>
      </param>
      <param name="PXSIZE" displayname="CCD Physical Pixel Size [micron]" type="Optional" direction="Output">
        <dialogReference>&lt;p&gt;CCD Physical Pixel Size [micron]&lt;/p&gt;&lt;p&gt;Floating point&lt;/p&gt;&lt;p&gt;Minimum: 0.000000&lt;/p&gt;&lt;p&gt;Default: 5.200000&lt;/p&gt;</dialogReference>
      </param>
      <param name="X" displayname="X" type="Optional" direction="Output">
        <dialogReference>&lt;p&gt;X&lt;/p&gt;&lt;p&gt;Floating point&lt;/p&gt;&lt;p&gt;Default: 0.000000&lt;/p&gt;</dialogReference>
      </param>
      <param name="Y" displayname="Y" type="Optional" direction="Output">
        <dialogReference>&lt;p&gt;Y&lt;/p&gt;&lt;p&gt;Floating point&lt;/p&gt;&lt;p&gt;Default: 0.000000&lt;/p&gt;</dialogReference>
      </param>
      <param name="Z" displayname="Z" type="Optional" direction="Output">
        <dialogReference>&lt;p&gt;Z&lt;/p&gt;&lt;p&gt;Floating point&lt;/p&gt;&lt;p&gt;Default: 1000.000000&lt;/p&gt;</dialogReference>
      </param>
      <param name="OMEGA" displayname="Omega" type="Optional" direction="Output">
        <dialogReference>&lt;p&gt;Omega&lt;/p&gt;&lt;p&gt;Floating point&lt;/p&gt;&lt;p&gt;Default: 0.000000&lt;/p&gt;&lt;p&gt;X axis rotation angle [degree] (roll)&lt;/p&gt;</dialogReference>
      </param>
      <param name="PHI" displayname="Phi" type="Optional" direction="Output">
        <dialogReference>&lt;p&gt;Phi&lt;/p&gt;&lt;p&gt;Floating point&lt;/p&gt;&lt;p&gt;Default: 0.000000&lt;/p&gt;&lt;p&gt;Y axis rotation angle [degree] (pitch)&lt;/p&gt;</dialogReference>
      </param>
      <param name="KAPPA" displayname="Kappa" type="Optional" direction="Output">
        <dialogReference>&lt;p&gt;Kappa&lt;/p&gt;&lt;p&gt;Floating point&lt;/p&gt;&lt;p&gt;Default: 0.000000&lt;/p&gt;&lt;p&gt;Z axis rotation angle [degree] (heading)&lt;/p&gt;</dialogReference>
      </param>
      <param name="KAPPA_OFF" displayname="Offset" type="Optional" direction="Output">
        <dialogReference>&lt;p&gt;Offset&lt;/p&gt;&lt;p&gt;Floating point&lt;/p&gt;&lt;p&gt;Default: 90.000000&lt;/p&gt;&lt;p&gt;origin adjustment angle [degree] for kappa (Z axis, heading)&lt;/p&gt;</dialogReference>
      </param>
      <param name="ORIENTATION" displayname="Orientation" type="Optional" direction="Output">
        <dialogReference>&lt;p&gt;Orientation&lt;/p&gt;&lt;p&gt;Choice&lt;/p&gt;&lt;p&gt;Available Choices:&lt;/p&gt;&lt;p&gt;[0] BLUH&lt;/p&gt;&lt;p&gt;[1] PATB&lt;/p&gt;&lt;p&gt;Default: 0&lt;/p&gt;</dialogReference>
      </param>
    </parameters>
    <summary>Creates a world file (RST = rotation, scaling, translation) for georeferencing images by direct georeferencing. Direct georeferencing uses extrinsic (position, attitude) and intrinsic (focal length, physical pixel size) camera parameters.
</summary>
  </tool>
  <dataIdInfo>
    <idCitation>
      <resTitle>O.Conrad (c) 2014</resTitle>
    </idCitation>
    <idCredit>Conrad, O., Bechtel, B., Bock, M., Dietrich, H., Fischer, E., Gerlitz, L., Wehberg, J., Wichmann, V., and Boehner, J. (2015): System for Automated Geoscientific Analyses (SAGA) v. 2.1.4, Geosci. Model Dev., 8, 1991-2007, doi:10.5194/gmd-8-1991-2015. [SAGA - System for Automated Geoscientific Analyses - saga-gis.org] </idCredit>
    <searchKeys>
      <SAGA></SAGA>
    </searchKeys>
  </dataIdInfo>
</metadata>
