<?xml version="1.0" encoding="UTF-8"?>
<metadata xml:lang="en">
  <Esri>
    <CreaDate>20150910</CreaDate>
    <CreaTime>11550000</CreaTime>
    <ArcGISFormat>1.0</ArcGISFormat>
    <SyncOnce>TRUE</SyncOnce>
    <ArcGISProfile>ItemDescription</ArcGISProfile>
  </Esri>
  <tool name="tool_2" displayname="Warping Shapes">
    <parameters>
      <param name="REF_SOURCE" displayname="Reference Points (Origin)" type="Required" direction="Input">
        <dialogReference>&lt;p&gt;Reference Points (Origin)&lt;/p&gt;&lt;p&gt;Shapes, input&lt;/p&gt;</dialogReference>
      </param>
      <param name="REF_TARGET" displayname="Reference Points (Projection)" type="Optional" direction="Input">
        <dialogReference>&lt;p&gt;Reference Points (Projection)&lt;/p&gt;&lt;p&gt;Shapes, input, optional&lt;/p&gt;&lt;p&gt;optional&lt;/p&gt;</dialogReference>
      </param>
      <param name="XFIELD" displayname="x Position" type="Optional" direction="Output">
        <dialogReference>&lt;p&gt;x Position&lt;/p&gt;&lt;p&gt;Table field&lt;/p&gt;</dialogReference>
      </param>
      <param name="YFIELD" displayname="y Position" type="Optional" direction="Output">
        <dialogReference>&lt;p&gt;y Position&lt;/p&gt;&lt;p&gt;Table field&lt;/p&gt;</dialogReference>
      </param>
      <param name="METHOD" displayname="Method" type="Optional" direction="Output">
        <dialogReference>&lt;p&gt;Method&lt;/p&gt;&lt;p&gt;Choice&lt;/p&gt;&lt;p&gt;Available Choices:&lt;/p&gt;&lt;p&gt;[0] Automatic&lt;/p&gt;&lt;p&gt;[1] Triangulation&lt;/p&gt;&lt;p&gt;[2] Spline&lt;/p&gt;&lt;p&gt;[3] Affine&lt;/p&gt;&lt;p&gt;[4] 1st Order Polynomial&lt;/p&gt;&lt;p&gt;[5] 2nd Order Polynomial&lt;/p&gt;&lt;p&gt;[6] 3rd Order Polynomial&lt;/p&gt;&lt;p&gt;[7] Polynomial, Order&lt;/p&gt;&lt;p&gt;Default: 0&lt;/p&gt;</dialogReference>
      </param>
      <param name="ORDER" displayname="Polynomial Order" type="Optional" direction="Output">
        <dialogReference>&lt;p&gt;Polynomial Order&lt;/p&gt;&lt;p&gt;Integer&lt;/p&gt;&lt;p&gt;Minimum: 1&lt;/p&gt;&lt;p&gt;Default: 3&lt;/p&gt;</dialogReference>
      </param>
      <param name="INPUT" displayname="Input" type="Required" direction="Input">
        <dialogReference>&lt;p&gt;Input&lt;/p&gt;&lt;p&gt;Shapes, input&lt;/p&gt;</dialogReference>
      </param>
      <param name="OUTPUT" displayname="Output" type="Required" direction="Output">
        <dialogReference>&lt;p&gt;Output&lt;/p&gt;&lt;p&gt;Shapes, output&lt;/p&gt;</dialogReference>
      </param>
    </parameters>
    <summary>Georeferencing of shapes layers. Either choose the attribute fields (x/y) with the projected coordinates for the reference points (origin) or supply a additional points layer with correspondend points in the target projection. </summary>
  </tool>
  <dataIdInfo>
    <idCitation>
      <resTitle>O.Conrad (c) 2006</resTitle>
    </idCitation>
    <idCredit>Conrad, O., Bechtel, B., Bock, M., Dietrich, H., Fischer, E., Gerlitz, L., Wehberg, J., Wichmann, V., and Boehner, J. (2015): System for Automated Geoscientific Analyses (SAGA) v. 2.1.4, Geosci. Model Dev., 8, 1991-2007, doi:10.5194/gmd-8-1991-2015. [SAGA - System for Automated Geoscientific Analyses - saga-gis.org] </idCredit>
    <searchKeys>
      <SAGA></SAGA>
    </searchKeys>
  </dataIdInfo>
</metadata>
