<?xml version="1.0" encoding="UTF-8"?>
<metadata xml:lang="en">
  <Esri>
    <CreaDate>20150910</CreaDate>
    <CreaTime>11550000</CreaTime>
    <ArcGISFormat>1.0</ArcGISFormat>
    <SyncOnce>TRUE</SyncOnce>
    <ArcGISProfile>ItemDescription</ArcGISProfile>
  </Esri>
  <tool name="tool_6" displayname="Latitude/Longitude Graticule">
    <parameters>
      <param name="CRS_METHOD" displayname="Get CRS Definition from..." type="Optional" direction="Output">
        <dialogReference>&lt;p&gt;Get CRS Definition from...&lt;/p&gt;&lt;p&gt;Choice, CMD&lt;/p&gt;&lt;p&gt;Available Choices:&lt;/p&gt;&lt;p&gt;[0] Proj4 Parameters&lt;/p&gt;&lt;p&gt;[1] EPSG Code&lt;/p&gt;&lt;p&gt;[2] Well Known Text File&lt;/p&gt;&lt;p&gt;Default: 0&lt;/p&gt;</dialogReference>
      </param>
      <param name="CRS_PROJ4" displayname="Proj4 Parameters" type="Optional" direction="Output">
        <dialogReference>&lt;p&gt;Proj4 Parameters&lt;/p&gt;&lt;p&gt;Long text&lt;/p&gt;</dialogReference>
      </param>
      <param name="CRS_FILE" displayname="Well Known Text File" type="Optional" direction="Output">
        <dialogReference>&lt;p&gt;Well Known Text File&lt;/p&gt;&lt;p&gt;File path&lt;/p&gt;</dialogReference>
      </param>
      <param name="CRS_EPSG" displayname="Authority Code" type="Optional" direction="Output">
        <dialogReference>&lt;p&gt;Authority Code&lt;/p&gt;&lt;p&gt;Integer&lt;/p&gt;&lt;p&gt;Default: -1&lt;/p&gt;</dialogReference>
      </param>
      <param name="CRS_EPSG_AUTH" displayname="Authority" type="Optional" direction="Output">
        <dialogReference>&lt;p&gt;Authority&lt;/p&gt;&lt;p&gt;Text&lt;/p&gt;&lt;p&gt;Default: EPSG&lt;/p&gt;</dialogReference>
      </param>
      <param name="GRATICULE" displayname="Graticule" type="Required" direction="Output">
        <dialogReference>&lt;p&gt;Graticule&lt;/p&gt;&lt;p&gt;Shapes, output&lt;/p&gt;</dialogReference>
      </param>
      <param name="COORDS" displayname="Frame Coordinates" type="Optional" direction="Output">
        <dialogReference>&lt;p&gt;Frame Coordinates&lt;/p&gt;&lt;p&gt;Shapes, output, optional&lt;/p&gt;&lt;p&gt;optional&lt;/p&gt;</dialogReference>
      </param>
      <param name="XMIN" displayname="Minimum" type="Optional" direction="Output">
        <dialogReference>&lt;p&gt;Minimum&lt;/p&gt;&lt;p&gt;Floating point&lt;/p&gt;&lt;p&gt;Default: 0.000000&lt;/p&gt;</dialogReference>
      </param>
      <param name="XMAX" displayname="Maximum" type="Optional" direction="Output">
        <dialogReference>&lt;p&gt;Maximum&lt;/p&gt;&lt;p&gt;Floating point&lt;/p&gt;&lt;p&gt;Default: 0.000000&lt;/p&gt;</dialogReference>
      </param>
      <param name="YMIN" displayname="Minimum" type="Optional" direction="Output">
        <dialogReference>&lt;p&gt;Minimum&lt;/p&gt;&lt;p&gt;Floating point&lt;/p&gt;&lt;p&gt;Default: 0.000000&lt;/p&gt;</dialogReference>
      </param>
      <param name="YMAX" displayname="Maximum" type="Optional" direction="Output">
        <dialogReference>&lt;p&gt;Maximum&lt;/p&gt;&lt;p&gt;Floating point&lt;/p&gt;&lt;p&gt;Default: 0.000000&lt;/p&gt;</dialogReference>
      </param>
      <param name="INTERVAL" displayname="Interval" type="Optional" direction="Output">
        <dialogReference>&lt;p&gt;Interval&lt;/p&gt;&lt;p&gt;Choice&lt;/p&gt;&lt;p&gt;Available Choices:&lt;/p&gt;&lt;p&gt;[0] fixed interval&lt;/p&gt;&lt;p&gt;[1] fitted interval&lt;/p&gt;&lt;p&gt;Default: 0&lt;/p&gt;</dialogReference>
      </param>
      <param name="FIXED" displayname="Fixed Interval (Degree)" type="Optional" direction="Output">
        <dialogReference>&lt;p&gt;Fixed Interval (Degree)&lt;/p&gt;&lt;p&gt;Floating point&lt;/p&gt;&lt;p&gt;Minimum: 0.000000&lt;/p&gt;&lt;p&gt;Default: 1.000000&lt;/p&gt;</dialogReference>
      </param>
      <param name="FITTED" displayname="Number of Intervals" type="Optional" direction="Output">
        <dialogReference>&lt;p&gt;Number of Intervals&lt;/p&gt;&lt;p&gt;Integer&lt;/p&gt;&lt;p&gt;Minimum: 1&lt;/p&gt;&lt;p&gt;Default: 10&lt;/p&gt;</dialogReference>
      </param>
      <param name="RESOLUTION" displayname="Minimum Resolution (Degree)" type="Optional" direction="Output">
        <dialogReference>&lt;p&gt;Minimum Resolution (Degree)&lt;/p&gt;&lt;p&gt;Floating point&lt;/p&gt;&lt;p&gt;Minimum: 0.000000&lt;/p&gt;&lt;p&gt;Default: 0.500000&lt;/p&gt;</dialogReference>
      </param>
    </parameters>
    <summary>Creates a longitude/latitude graticule for the extent and projection of the input shapes layer. 
Projection routines make use of the Proj.4 Cartographic Projections library.
Proj.4 was originally developed by Gerald Evenden and later continued by the United States Department of the Interior, Geological Survey (USGS).
Proj.4 Version is 7.2.1
&lt;a target="_blank" href="http://trac.osgeo.org/proj/"&gt;Proj.4 Homepage&lt;/a&gt;</summary>
  </tool>
  <dataIdInfo>
    <idCitation>
      <resTitle>O.Conrad (c) 2014</resTitle>
    </idCitation>
    <idCredit>Conrad, O., Bechtel, B., Bock, M., Dietrich, H., Fischer, E., Gerlitz, L., Wehberg, J., Wichmann, V., and Boehner, J. (2015): System for Automated Geoscientific Analyses (SAGA) v. 2.1.4, Geosci. Model Dev., 8, 1991-2007, doi:10.5194/gmd-8-1991-2015. [SAGA - System for Automated Geoscientific Analyses - saga-gis.org] </idCredit>
    <searchKeys>
      <SAGA></SAGA>
    </searchKeys>
  </dataIdInfo>
</metadata>
