<?xml version="1.0" encoding="UTF-8"?>
<metadata xml:lang="en">
  <Esri>
    <CreaDate>20150910</CreaDate>
    <CreaTime>11550000</CreaTime>
    <ArcGISFormat>1.0</ArcGISFormat>
    <SyncOnce>TRUE</SyncOnce>
    <ArcGISProfile>ItemDescription</ArcGISProfile>
  </Esri>
  <tool name="tool_18" displayname="Single Coordinate Transformation">
    <parameters>
      <param name="SOURCE_CRS" displayname="Proj4 Parameters" type="Optional" direction="Output">
        <dialogReference>&lt;p&gt;Proj4 Parameters&lt;/p&gt;&lt;p&gt;Text&lt;/p&gt;&lt;p&gt;Default: +proj=longlat +datum=WGS84&lt;/p&gt;</dialogReference>
      </param>
      <param name="SOURCE_X" displayname="X" type="Optional" direction="Output">
        <dialogReference>&lt;p&gt;X&lt;/p&gt;&lt;p&gt;Floating point&lt;/p&gt;&lt;p&gt;Default: 0.000000&lt;/p&gt;</dialogReference>
      </param>
      <param name="SOURCE_Y" displayname="Y" type="Optional" direction="Output">
        <dialogReference>&lt;p&gt;Y&lt;/p&gt;&lt;p&gt;Floating point&lt;/p&gt;&lt;p&gt;Default: 0.000000&lt;/p&gt;</dialogReference>
      </param>
      <param name="TARGET_CRS" displayname="Proj4 Parameters" type="Optional" direction="Output">
        <dialogReference>&lt;p&gt;Proj4 Parameters&lt;/p&gt;&lt;p&gt;Text&lt;/p&gt;&lt;p&gt;Default: +proj=longlat +datum=WGS84&lt;/p&gt;</dialogReference>
      </param>
      <param name="TARGET_X" displayname="X" type="Optional" direction="Output">
        <dialogReference>&lt;p&gt;X&lt;/p&gt;&lt;p&gt;Floating point&lt;/p&gt;&lt;p&gt;Default: 0.000000&lt;/p&gt;</dialogReference>
      </param>
      <param name="TARGET_Y" displayname="Y" type="Optional" direction="Output">
        <dialogReference>&lt;p&gt;Y&lt;/p&gt;&lt;p&gt;Floating point&lt;/p&gt;&lt;p&gt;Default: 0.000000&lt;/p&gt;</dialogReference>
      </param>
    </parameters>
    <summary>Transformation of a single coordinate. 
Projection routines make use of the Proj.4 Cartographic Projections library.
Proj.4 was originally developed by Gerald Evenden and later continued by the United States Department of the Interior, Geological Survey (USGS).
Proj.4 Version is 7.2.1
&lt;a target="_blank" href="http://trac.osgeo.org/proj/"&gt;Proj.4 Homepage&lt;/a&gt;</summary>
  </tool>
  <dataIdInfo>
    <idCitation>
      <resTitle>O. Conrad (c) 2018</resTitle>
    </idCitation>
    <idCredit>Conrad, O., Bechtel, B., Bock, M., Dietrich, H., Fischer, E., Gerlitz, L., Wehberg, J., Wichmann, V., and Boehner, J. (2015): System for Automated Geoscientific Analyses (SAGA) v. 2.1.4, Geosci. Model Dev., 8, 1991-2007, doi:10.5194/gmd-8-1991-2015. [SAGA - System for Automated Geoscientific Analyses - saga-gis.org] </idCredit>
    <searchKeys>
      <SAGA></SAGA>
    </searchKeys>
  </dataIdInfo>
</metadata>
