<?xml version="1.0" encoding="UTF-8"?>
<metadata xml:lang="en">
  <Esri>
    <CreaDate>20150910</CreaDate>
    <CreaTime>11550000</CreaTime>
    <ArcGISFormat>1.0</ArcGISFormat>
    <SyncOnce>TRUE</SyncOnce>
    <ArcGISProfile>ItemDescription</ArcGISProfile>
  </Esri>
  <tool name="tool_1" displayname="Merge Layers">
    <parameters>
      <param name="INPUT" displayname="Layers" type="Required" direction="Input">
        <dialogReference>&lt;p&gt;Layers&lt;/p&gt;&lt;p&gt;Shapes list, input&lt;/p&gt;&lt;p&gt;Output will inherit shape type and table structure from the first layer in this list.&lt;/p&gt;</dialogReference>
      </param>
      <param name="MERGED" displayname="Merged Layer" type="Required" direction="Output">
        <dialogReference>&lt;p&gt;Merged Layer&lt;/p&gt;&lt;p&gt;Shapes, output&lt;/p&gt;</dialogReference>
      </param>
      <param name="SRCINFO" displayname="Add Source Information" type="Optional" direction="Output">
        <dialogReference>&lt;p&gt;Add Source Information&lt;/p&gt;&lt;p&gt;Boolean&lt;/p&gt;&lt;p&gt;Default: 1&lt;/p&gt;&lt;p&gt;Adds a field with the name of the original input data set.&lt;/p&gt;</dialogReference>
      </param>
      <param name="MATCH" displayname="Match Fields by Name" type="Optional" direction="Output">
        <dialogReference>&lt;p&gt;Match Fields by Name&lt;/p&gt;&lt;p&gt;Boolean&lt;/p&gt;&lt;p&gt;Default: 1&lt;/p&gt;</dialogReference>
      </param>
      <param name="DELETE" displayname="Delete" type="Optional" direction="Output">
        <dialogReference>&lt;p&gt;Delete&lt;/p&gt;&lt;p&gt;Boolean&lt;/p&gt;&lt;p&gt;Default: 0&lt;/p&gt;&lt;p&gt;Deletes each input data set immediately after it has been merged, thus saving memory resources.&lt;/p&gt;</dialogReference>
      </param>
    </parameters>
    <summary>Merge vector layers.</summary>
  </tool>
  <dataIdInfo>
    <idCitation>
      <resTitle>V.Olaya (c) 2004</resTitle>
    </idCitation>
    <idCredit>Conrad, O., Bechtel, B., Bock, M., Dietrich, H., Fischer, E., Gerlitz, L., Wehberg, J., Wichmann, V., and Boehner, J. (2015): System for Automated Geoscientific Analyses (SAGA) v. 2.1.4, Geosci. Model Dev., 8, 1991-2007, doi:10.5194/gmd-8-1991-2015. [SAGA - System for Automated Geoscientific Analyses - saga-gis.org] </idCredit>
    <searchKeys>
      <SAGA></SAGA>
    </searchKeys>
  </dataIdInfo>
</metadata>
