<?xml version="1.0" encoding="UTF-8"?>
<metadata xml:lang="en">
  <Esri>
    <CreaDate>20150910</CreaDate>
    <CreaTime>11550000</CreaTime>
    <ArcGISFormat>1.0</ArcGISFormat>
    <SyncOnce>TRUE</SyncOnce>
    <ArcGISProfile>ItemDescription</ArcGISProfile>
  </Esri>
  <tool name="tool_12" displayname="Intersect">
    <parameters>
      <param name="A" displayname="Layer A" type="Required" direction="Input">
        <dialogReference>&lt;p&gt;Layer A&lt;/p&gt;&lt;p&gt;Shapes, input&lt;/p&gt;</dialogReference>
      </param>
      <param name="B" displayname="Layer B" type="Required" direction="Input">
        <dialogReference>&lt;p&gt;Layer B&lt;/p&gt;&lt;p&gt;Shapes, input&lt;/p&gt;</dialogReference>
      </param>
      <param name="RESULT" displayname="Intersect" type="Required" direction="Output">
        <dialogReference>&lt;p&gt;Intersect&lt;/p&gt;&lt;p&gt;Shapes, output&lt;/p&gt;</dialogReference>
      </param>
      <param name="SPLIT" displayname="Split Parts" type="Optional" direction="Output">
        <dialogReference>&lt;p&gt;Split Parts&lt;/p&gt;&lt;p&gt;Boolean&lt;/p&gt;&lt;p&gt;Default: 1&lt;/p&gt;&lt;p&gt;Set true if you want multipart polygons to become separate polygons.&lt;/p&gt;</dialogReference>
      </param>
    </parameters>
    <summary>Calculates the geometric intersection of the overlayed polygon layers, i.e. layer A and layer B.
Uses the free and open source software library &lt;b&gt;Clipper&lt;/b&gt; created by Angus Johnson.
&lt;a target="_blank" href="http://www.angusj.com/delphi/clipper.php"&gt;Clipper Homepage&lt;/a&gt;
&lt;a target="_blank" href="http://sourceforge.net/projects/polyclipping/"&gt;Clipper at SourceForge&lt;/a&gt;
</summary>
  </tool>
  <dataIdInfo>
    <idCitation>
      <resTitle>O.Conrad (c) 2003-17</resTitle>
    </idCitation>
    <idCredit>Conrad, O., Bechtel, B., Bock, M., Dietrich, H., Fischer, E., Gerlitz, L., Wehberg, J., Wichmann, V., and Boehner, J. (2015): System for Automated Geoscientific Analyses (SAGA) v. 2.1.4, Geosci. Model Dev., 8, 1991-2007, doi:10.5194/gmd-8-1991-2015. [SAGA - System for Automated Geoscientific Analyses - saga-gis.org] </idCredit>
    <searchKeys>
      <SAGA></SAGA>
    </searchKeys>
  </dataIdInfo>
</metadata>
