<?xml version="1.0" encoding="UTF-8"?>
<metadata xml:lang="en">
  <Esri>
    <CreaDate>20150910</CreaDate>
    <CreaTime>11550000</CreaTime>
    <ArcGISFormat>1.0</ArcGISFormat>
    <SyncOnce>TRUE</SyncOnce>
    <ArcGISProfile>ItemDescription</ArcGISProfile>
  </Esri>
  <tool name="tool_10" displayname="Polygon Clipping">
    <parameters>
      <param name="CLIP" displayname="Clip Features" type="Required" direction="Input">
        <dialogReference>&lt;p&gt;Clip Features&lt;/p&gt;&lt;p&gt;Shapes, input&lt;/p&gt;</dialogReference>
      </param>
      <param name="S_INPUT" displayname="Input Features" type="Required" direction="Input">
        <dialogReference>&lt;p&gt;Input Features&lt;/p&gt;&lt;p&gt;Shapes, input&lt;/p&gt;</dialogReference>
      </param>
      <param name="S_OUTPUT" displayname="Output Features" type="Required" direction="Output">
        <dialogReference>&lt;p&gt;Output Features&lt;/p&gt;&lt;p&gt;Shapes, output&lt;/p&gt;</dialogReference>
      </param>
      <param name="M_INPUT" displayname="Input Features" type="Required" direction="Input">
        <dialogReference>&lt;p&gt;Input Features&lt;/p&gt;&lt;p&gt;Shapes list, input&lt;/p&gt;</dialogReference>
      </param>
      <param name="M_OUTPUT" displayname="Output Features" type="Required" direction="Output">
        <dialogReference>&lt;p&gt;Output Features&lt;/p&gt;&lt;p&gt;Shapes list, output&lt;/p&gt;</dialogReference>
      </param>
      <param name="DISSOLVE" displayname="Dissolve Clip Features" type="Optional" direction="Output">
        <dialogReference>&lt;p&gt;Dissolve Clip Features&lt;/p&gt;&lt;p&gt;Boolean&lt;/p&gt;&lt;p&gt;Default: 1&lt;/p&gt;</dialogReference>
      </param>
      <param name="MULTIPLE" displayname="Multiple Input Features" type="Optional" direction="Output">
        <dialogReference>&lt;p&gt;Multiple Input Features&lt;/p&gt;&lt;p&gt;Boolean&lt;/p&gt;&lt;p&gt;Default: 1&lt;/p&gt;</dialogReference>
      </param>
    </parameters>
    <summary>Clipping of vector layers with a polygon layer.
Uses the free and open source software library &lt;b&gt;Clipper&lt;/b&gt; created by Angus Johnson.
&lt;a target="_blank" href="http://www.angusj.com/delphi/clipper.php"&gt;Clipper Homepage&lt;/a&gt;
&lt;a target="_blank" href="http://sourceforge.net/projects/polyclipping/"&gt;Clipper at SourceForge&lt;/a&gt;
</summary>
  </tool>
  <dataIdInfo>
    <idCitation>
      <resTitle>O.Conrad (c) 2012</resTitle>
    </idCitation>
    <idCredit>Conrad, O., Bechtel, B., Bock, M., Dietrich, H., Fischer, E., Gerlitz, L., Wehberg, J., Wichmann, V., and Boehner, J. (2015): System for Automated Geoscientific Analyses (SAGA) v. 2.1.4, Geosci. Model Dev., 8, 1991-2007, doi:10.5194/gmd-8-1991-2015. [SAGA - System for Automated Geoscientific Analyses - saga-gis.org] </idCredit>
    <searchKeys>
      <SAGA></SAGA>
    </searchKeys>
  </dataIdInfo>
</metadata>
