<?xml version="1.0" encoding="UTF-8"?>
<metadata xml:lang="en">
  <Esri>
    <CreaDate>20150910</CreaDate>
    <CreaTime>11550000</CreaTime>
    <ArcGISFormat>1.0</ArcGISFormat>
    <SyncOnce>TRUE</SyncOnce>
    <ArcGISProfile>ItemDescription</ArcGISProfile>
  </Esri>
  <tool name="tool_9" displayname="Line Crossings">
    <parameters>
      <param name="LINES_A" displayname="1st Lines Layer" type="Required" direction="Input">
        <dialogReference>&lt;p&gt;1st Lines Layer&lt;/p&gt;&lt;p&gt;Shapes, input&lt;/p&gt;</dialogReference>
      </param>
      <param name="LINES_B" displayname="2nd Lines Layer" type="Required" direction="Input">
        <dialogReference>&lt;p&gt;2nd Lines Layer&lt;/p&gt;&lt;p&gt;Shapes, input&lt;/p&gt;</dialogReference>
      </param>
      <param name="CROSSINGS" displayname="Crossings" type="Required" direction="Output">
        <dialogReference>&lt;p&gt;Crossings&lt;/p&gt;&lt;p&gt;Shapes, output&lt;/p&gt;</dialogReference>
      </param>
      <param name="ATTRIBUTES" displayname="Parent Attributes" type="Optional" direction="Output">
        <dialogReference>&lt;p&gt;Parent Attributes&lt;/p&gt;&lt;p&gt;Choice&lt;/p&gt;&lt;p&gt;Available Choices:&lt;/p&gt;&lt;p&gt;[0] index&lt;/p&gt;&lt;p&gt;[1] attributes&lt;/p&gt;&lt;p&gt;[2] index and attributes&lt;/p&gt;&lt;p&gt;Default: 2&lt;/p&gt;&lt;p&gt;attributes inherited by parent lines layers&lt;/p&gt;</dialogReference>
      </param>
    </parameters>
    <summary>Line Crossings</summary>
  </tool>
  <dataIdInfo>
    <idCitation>
      <resTitle>O.Conrad (c) 2016</resTitle>
    </idCitation>
    <idCredit>Conrad, O., Bechtel, B., Bock, M., Dietrich, H., Fischer, E., Gerlitz, L., Wehberg, J., Wichmann, V., and Boehner, J. (2015): System for Automated Geoscientific Analyses (SAGA) v. 2.1.4, Geosci. Model Dev., 8, 1991-2007, doi:10.5194/gmd-8-1991-2015. [SAGA - System for Automated Geoscientific Analyses - saga-gis.org] </idCredit>
    <searchKeys>
      <SAGA></SAGA>
    </searchKeys>
  </dataIdInfo>
</metadata>
