<?xml version="1.0" encoding="UTF-8"?>
<metadata xml:lang="en">
  <Esri>
    <CreaDate>20150910</CreaDate>
    <CreaTime>11550000</CreaTime>
    <ArcGISFormat>1.0</ArcGISFormat>
    <SyncOnce>TRUE</SyncOnce>
    <ArcGISProfile>ItemDescription</ArcGISProfile>
  </Esri>
  <tool name="tool_5" displayname="Contour Lines from Grid">
    <parameters>
      <param name="GRID" displayname="Grid" type="Required" direction="Input">
        <dialogReference>&lt;p&gt;Grid&lt;/p&gt;&lt;p&gt;Grid, input&lt;/p&gt;</dialogReference>
      </param>
      <param name="CONTOUR" displayname="Contour" type="Required" direction="Output">
        <dialogReference>&lt;p&gt;Contour&lt;/p&gt;&lt;p&gt;Shapes, output&lt;/p&gt;</dialogReference>
      </param>
      <param name="VERTEX" displayname="Vertex Type" type="Optional" direction="Output">
        <dialogReference>&lt;p&gt;Vertex Type&lt;/p&gt;&lt;p&gt;Choice&lt;/p&gt;&lt;p&gt;Available Choices:&lt;/p&gt;&lt;p&gt;[0] x, y&lt;/p&gt;&lt;p&gt;[1] x, y, z&lt;/p&gt;&lt;p&gt;Default: 0&lt;/p&gt;</dialogReference>
      </param>
      <param name="LINE_PARTS" displayname="Split Parts" type="Optional" direction="Output">
        <dialogReference>&lt;p&gt;Split Parts&lt;/p&gt;&lt;p&gt;Boolean&lt;/p&gt;&lt;p&gt;Default: 1&lt;/p&gt;</dialogReference>
      </param>
      <param name="POLYGONS" displayname="Polygons" type="Optional" direction="Output">
        <dialogReference>&lt;p&gt;Polygons&lt;/p&gt;&lt;p&gt;Shapes, output, optional&lt;/p&gt;&lt;p&gt;optional&lt;/p&gt;</dialogReference>
      </param>
      <param name="POLY_PARTS" displayname="Split Parts" type="Optional" direction="Output">
        <dialogReference>&lt;p&gt;Split Parts&lt;/p&gt;&lt;p&gt;Boolean&lt;/p&gt;&lt;p&gt;Default: 0&lt;/p&gt;</dialogReference>
      </param>
      <param name="SCALE" displayname="Interpolation Scale" type="Optional" direction="Output">
        <dialogReference>&lt;p&gt;Interpolation Scale&lt;/p&gt;&lt;p&gt;Floating point&lt;/p&gt;&lt;p&gt;Minimum: 0.000000&lt;/p&gt;&lt;p&gt;Default: 1.000000&lt;/p&gt;&lt;p&gt;set greater one for line smoothing&lt;/p&gt;</dialogReference>
      </param>
      <param name="ZSTEP" displayname="Contour Interval" type="Optional" direction="Output">
        <dialogReference>&lt;p&gt;Contour Interval&lt;/p&gt;&lt;p&gt;Floating point&lt;/p&gt;&lt;p&gt;Minimum: 0.000000&lt;/p&gt;&lt;p&gt;Default: 100.000000&lt;/p&gt;</dialogReference>
      </param>
      <param name="ZMIN" displayname="Base Contour Value" type="Optional" direction="Output">
        <dialogReference>&lt;p&gt;Base Contour Value&lt;/p&gt;&lt;p&gt;Floating point&lt;/p&gt;&lt;p&gt;Default: 0.000000&lt;/p&gt;</dialogReference>
      </param>
      <param name="ZMAX" displayname="Maximum Contour Value" type="Optional" direction="Output">
        <dialogReference>&lt;p&gt;Maximum Contour Value&lt;/p&gt;&lt;p&gt;Floating point&lt;/p&gt;&lt;p&gt;Default: 1000.000000&lt;/p&gt;</dialogReference>
      </param>
    </parameters>
    <summary>Derive contour lines (isolines) from a grid. </summary>
  </tool>
  <dataIdInfo>
    <idCitation>
      <resTitle>O.Conrad (c) 2001</resTitle>
    </idCitation>
    <idCredit>Conrad, O., Bechtel, B., Bock, M., Dietrich, H., Fischer, E., Gerlitz, L., Wehberg, J., Wichmann, V., and Boehner, J. (2015): System for Automated Geoscientific Analyses (SAGA) v. 2.1.4, Geosci. Model Dev., 8, 1991-2007, doi:10.5194/gmd-8-1991-2015. [SAGA - System for Automated Geoscientific Analyses - saga-gis.org] </idCredit>
    <searchKeys>
      <SAGA></SAGA>
    </searchKeys>
  </dataIdInfo>
</metadata>
