<?xml version="1.0" encoding="UTF-8"?>
<metadata xml:lang="en">
  <Esri>
    <CreaDate>20150910</CreaDate>
    <CreaTime>11550000</CreaTime>
    <ArcGISFormat>1.0</ArcGISFormat>
    <SyncOnce>TRUE</SyncOnce>
    <ArcGISProfile>ItemDescription</ArcGISProfile>
  </Esri>
  <tool name="tool_11" displayname="Split Lines">
    <parameters>
      <param name="INPUT" displayname="Input Lines" type="Required" direction="Input">
        <dialogReference>&lt;p&gt;Input Lines&lt;/p&gt;&lt;p&gt;Shapes, input&lt;/p&gt;&lt;p&gt;Input Line Shapefile&lt;/p&gt;</dialogReference>
      </param>
      <param name="OUTPUT" displayname="Output Lines" type="Required" direction="Output">
        <dialogReference>&lt;p&gt;Output Lines&lt;/p&gt;&lt;p&gt;Shapes, output&lt;/p&gt;&lt;p&gt;Output Line Shapefile&lt;/p&gt;</dialogReference>
      </param>
      <param name="DISTRIBUTION" displayname="Distribution" type="Optional" direction="Output">
        <dialogReference>&lt;p&gt;Distribution&lt;/p&gt;&lt;p&gt;Choice&lt;/p&gt;&lt;p&gt;Available Choices:&lt;/p&gt;&lt;p&gt;[0] By Length&lt;/p&gt;&lt;p&gt;[1] By Number&lt;/p&gt;&lt;p&gt;Default: 0&lt;/p&gt;</dialogReference>
      </param>
      <param name="LENGTH" displayname="Length" type="Optional" direction="Output">
        <dialogReference>&lt;p&gt;Length&lt;/p&gt;&lt;p&gt;Floating point&lt;/p&gt;&lt;p&gt;Minimum: 0.000000&lt;/p&gt;&lt;p&gt;Default: 5.000000&lt;/p&gt;&lt;p&gt;Length where the lines will be cutted in map-units&lt;/p&gt;</dialogReference>
      </param>
      <param name="CAPS_LENGTH" displayname="Caps" type="Optional" direction="Output">
        <dialogReference>&lt;p&gt;Caps&lt;/p&gt;&lt;p&gt;Choice&lt;/p&gt;&lt;p&gt;Available Choices:&lt;/p&gt;&lt;p&gt;[0] Start Full Length&lt;/p&gt;&lt;p&gt;[1] Start Remaining Length&lt;/p&gt;&lt;p&gt;[2] Even Ends&lt;/p&gt;&lt;p&gt;Default: 0&lt;/p&gt;</dialogReference>
      </param>
      <param name="NUMBER" displayname="Number Of Splits" type="Optional" direction="Output">
        <dialogReference>&lt;p&gt;Number Of Splits&lt;/p&gt;&lt;p&gt;Integer&lt;/p&gt;&lt;p&gt;Minimum: 0&lt;/p&gt;&lt;p&gt;Default: 5&lt;/p&gt;&lt;p&gt;Number of splits per line&lt;/p&gt;</dialogReference>
      </param>
      <param name="CAPS_NUMBER" displayname="Caps" type="Optional" direction="Output">
        <dialogReference>&lt;p&gt;Caps&lt;/p&gt;&lt;p&gt;Choice&lt;/p&gt;&lt;p&gt;Available Choices:&lt;/p&gt;&lt;p&gt;[0] Full Segment&lt;/p&gt;&lt;p&gt;[1] Half Segment&lt;/p&gt;&lt;p&gt;Default: 0&lt;/p&gt;</dialogReference>
      </param>
    </parameters>
    <summary>The Tool provides methods to split lines in multiple lines based on a regular distance or number</summary>
  </tool>
  <dataIdInfo>
    <idCitation>
      <resTitle>Justus Spitzmueller, scilands GmbH _ 2021</resTitle>
    </idCitation>
    <idCredit>Conrad, O., Bechtel, B., Bock, M., Dietrich, H., Fischer, E., Gerlitz, L., Wehberg, J., Wichmann, V., and Boehner, J. (2015): System for Automated Geoscientific Analyses (SAGA) v. 2.1.4, Geosci. Model Dev., 8, 1991-2007, doi:10.5194/gmd-8-1991-2015. [SAGA - System for Automated Geoscientific Analyses - saga-gis.org] </idCredit>
    <searchKeys>
      <SAGA></SAGA>
    </searchKeys>
  </dataIdInfo>
</metadata>
