<?xml version="1.0" encoding="UTF-8"?>
<metadata xml:lang="en">
  <Esri>
    <CreaDate>20150910</CreaDate>
    <CreaTime>11550000</CreaTime>
    <ArcGISFormat>1.0</ArcGISFormat>
    <SyncOnce>TRUE</SyncOnce>
    <ArcGISProfile>ItemDescription</ArcGISProfile>
  </Esri>
  <tool name="tool_21" displayname="Generate Shapes">
    <parameters>
      <param name="INPUT" displayname="Input" type="Required" direction="Input">
        <dialogReference>&lt;p&gt;Input&lt;/p&gt;&lt;p&gt;Table, input&lt;/p&gt;&lt;p&gt;Table with coordinates.&lt;/p&gt;</dialogReference>
      </param>
      <param name="FIELD_ID" displayname="ID" type="Optional" direction="Output">
        <dialogReference>&lt;p&gt;ID&lt;/p&gt;&lt;p&gt;Table field&lt;/p&gt;&lt;p&gt;Field with the identifier.&lt;/p&gt;</dialogReference>
      </param>
      <param name="FIELD_X" displayname="X" type="Optional" direction="Output">
        <dialogReference>&lt;p&gt;X&lt;/p&gt;&lt;p&gt;Table field&lt;/p&gt;&lt;p&gt;Field with the x coordinate.&lt;/p&gt;</dialogReference>
      </param>
      <param name="FIELD_Y" displayname="Y" type="Optional" direction="Output">
        <dialogReference>&lt;p&gt;Y&lt;/p&gt;&lt;p&gt;Table field&lt;/p&gt;&lt;p&gt;Field with the y coordinate.&lt;/p&gt;</dialogReference>
      </param>
      <param name="FIELD_Z" displayname="Z" type="Optional" direction="Output">
        <dialogReference>&lt;p&gt;Z&lt;/p&gt;&lt;p&gt;Table field&lt;/p&gt;&lt;p&gt;optional&lt;/p&gt;&lt;p&gt;Field with the z coordinate.&lt;/p&gt;</dialogReference>
      </param>
      <param name="SHAPE_TYPE" displayname="Shape Type" type="Optional" direction="Output">
        <dialogReference>&lt;p&gt;Shape Type&lt;/p&gt;&lt;p&gt;Choice&lt;/p&gt;&lt;p&gt;Available Choices:&lt;/p&gt;&lt;p&gt;[0] Point(s)&lt;/p&gt;&lt;p&gt;[1] Line(s)&lt;/p&gt;&lt;p&gt;[2] Polygon(s)&lt;/p&gt;&lt;p&gt;Default: 0&lt;/p&gt;&lt;p&gt;Shape type to generate.&lt;/p&gt;</dialogReference>
      </param>
      <param name="OUTPUT" displayname="Output" type="Required" direction="Output">
        <dialogReference>&lt;p&gt;Output&lt;/p&gt;&lt;p&gt;Shapes, output&lt;/p&gt;&lt;p&gt;Generated Shapefile.&lt;/p&gt;</dialogReference>
      </param>
    </parameters>
    <summary>The tool allows one to generate point, line or polygon shapes from a table with the following attribute fields:

- identifier
- x coordinate
- y coordinate
- optional: z coordinate (this will create a 3D shapefile)

The table must be sorted in vertex order.

The identifier has different meanings:

* Point Shapes: The identifier is arbitrary

* Line Shapes: The identifier is unique for each line

* Polygon Shapes: The identifier is unique for each polygon; the first polygon vertex may but must not be duplicated in order to close the polygon

</summary>
  </tool>
  <dataIdInfo>
    <idCitation>
      <resTitle>Volker Wichmann (c) 2012, LASERDATA GmbH</resTitle>
    </idCitation>
    <idCredit>Conrad, O., Bechtel, B., Bock, M., Dietrich, H., Fischer, E., Gerlitz, L., Wehberg, J., Wichmann, V., and Boehner, J. (2015): System for Automated Geoscientific Analyses (SAGA) v. 2.1.4, Geosci. Model Dev., 8, 1991-2007, doi:10.5194/gmd-8-1991-2015. [SAGA - System for Automated Geoscientific Analyses - saga-gis.org] </idCredit>
    <searchKeys>
      <SAGA></SAGA>
    </searchKeys>
  </dataIdInfo>
</metadata>
