<?xml version="1.0" encoding="UTF-8"?>
<metadata xml:lang="en">
  <Esri>
    <CreaDate>20150910</CreaDate>
    <CreaTime>11550000</CreaTime>
    <ArcGISFormat>1.0</ArcGISFormat>
    <SyncOnce>TRUE</SyncOnce>
    <ArcGISProfile>ItemDescription</ArcGISProfile>
  </Esri>
  <tool name="tool_9" displayname="Transform Shapes">
    <parameters>
      <param name="SHAPES" displayname="Shapes" type="Required" direction="Input">
        <dialogReference>&lt;p&gt;Shapes&lt;/p&gt;&lt;p&gt;Shapes, input&lt;/p&gt;&lt;p&gt;The input shapes to transform.&lt;/p&gt;</dialogReference>
      </param>
      <param name="TRANSFORM" displayname="Transformed Shapes" type="Optional" direction="Output">
        <dialogReference>&lt;p&gt;Transformed Shapes&lt;/p&gt;&lt;p&gt;Shapes, output, optional&lt;/p&gt;&lt;p&gt;optional&lt;/p&gt;&lt;p&gt;The transformed output shapes.&lt;/p&gt;</dialogReference>
      </param>
      <param name="MOVEX" displayname="dX" type="Optional" direction="Output">
        <dialogReference>&lt;p&gt;dX&lt;/p&gt;&lt;p&gt;Floating point&lt;/p&gt;&lt;p&gt;Default: 0.000000&lt;/p&gt;&lt;p&gt;The shift along the x-axis [map units].&lt;/p&gt;</dialogReference>
      </param>
      <param name="MOVEY" displayname="dY" type="Optional" direction="Output">
        <dialogReference>&lt;p&gt;dY&lt;/p&gt;&lt;p&gt;Floating point&lt;/p&gt;&lt;p&gt;Default: 0.000000&lt;/p&gt;&lt;p&gt;The shift along the y-axis [map units].&lt;/p&gt;</dialogReference>
      </param>
      <param name="MOVEZ" displayname="dZ" type="Optional" direction="Output">
        <dialogReference>&lt;p&gt;dZ&lt;/p&gt;&lt;p&gt;Floating point&lt;/p&gt;&lt;p&gt;Default: 0.000000&lt;/p&gt;&lt;p&gt;The shift along the z-axis [map units].&lt;/p&gt;</dialogReference>
      </param>
      <param name="ANCHORX" displayname="X" type="Optional" direction="Output">
        <dialogReference>&lt;p&gt;X&lt;/p&gt;&lt;p&gt;Floating point&lt;/p&gt;&lt;p&gt;Default: 0.000000&lt;/p&gt;&lt;p&gt;The x-coordinate of the anchor point.&lt;/p&gt;</dialogReference>
      </param>
      <param name="ANCHORY" displayname="Y" type="Optional" direction="Output">
        <dialogReference>&lt;p&gt;Y&lt;/p&gt;&lt;p&gt;Floating point&lt;/p&gt;&lt;p&gt;Default: 0.000000&lt;/p&gt;&lt;p&gt;The y-coordinate of the anchor point.&lt;/p&gt;</dialogReference>
      </param>
      <param name="ANCHORZ" displayname="Z" type="Optional" direction="Output">
        <dialogReference>&lt;p&gt;Z&lt;/p&gt;&lt;p&gt;Floating point&lt;/p&gt;&lt;p&gt;Default: 0.000000&lt;/p&gt;&lt;p&gt;The z-coordinate of the anchor point.&lt;/p&gt;</dialogReference>
      </param>
      <param name="ROTATEX" displayname="Angle X" type="Optional" direction="Output">
        <dialogReference>&lt;p&gt;Angle X&lt;/p&gt;&lt;p&gt;Floating point&lt;/p&gt;&lt;p&gt;Default: 0.000000&lt;/p&gt;&lt;p&gt;Angle in degrees, clockwise around x-axis.&lt;/p&gt;</dialogReference>
      </param>
      <param name="ROTATEY" displayname="Angle Y" type="Optional" direction="Output">
        <dialogReference>&lt;p&gt;Angle Y&lt;/p&gt;&lt;p&gt;Floating point&lt;/p&gt;&lt;p&gt;Default: 0.000000&lt;/p&gt;&lt;p&gt;Angle in degrees, clockwise around y-axis.&lt;/p&gt;</dialogReference>
      </param>
      <param name="ROTATEZ" displayname="Angle Z" type="Optional" direction="Output">
        <dialogReference>&lt;p&gt;Angle Z&lt;/p&gt;&lt;p&gt;Floating point&lt;/p&gt;&lt;p&gt;Default: 0.000000&lt;/p&gt;&lt;p&gt;Angle in degrees, clockwise around z-axis.&lt;/p&gt;</dialogReference>
      </param>
      <param name="SCALEX" displayname="Scale Factor X" type="Optional" direction="Output">
        <dialogReference>&lt;p&gt;Scale Factor X&lt;/p&gt;&lt;p&gt;Floating point&lt;/p&gt;&lt;p&gt;Default: 1.000000&lt;/p&gt;&lt;p&gt;The scale factor in x-direction.&lt;/p&gt;</dialogReference>
      </param>
      <param name="SCALEY" displayname="Scale Factor Y" type="Optional" direction="Output">
        <dialogReference>&lt;p&gt;Scale Factor Y&lt;/p&gt;&lt;p&gt;Floating point&lt;/p&gt;&lt;p&gt;Default: 1.000000&lt;/p&gt;&lt;p&gt;The scale factor in y-direction.&lt;/p&gt;</dialogReference>
      </param>
      <param name="SCALEZ" displayname="Scale Factor Z" type="Optional" direction="Output">
        <dialogReference>&lt;p&gt;Scale Factor Z&lt;/p&gt;&lt;p&gt;Floating point&lt;/p&gt;&lt;p&gt;Default: 1.000000&lt;/p&gt;&lt;p&gt;The scale factor in z-direction.&lt;/p&gt;</dialogReference>
      </param>
      <param name="REFLECTION_TYPE" displayname="Type of Reflection" type="Optional" direction="Output">
        <dialogReference>&lt;p&gt;Type of Reflection&lt;/p&gt;&lt;p&gt;Choice&lt;/p&gt;&lt;p&gt;Available Choices:&lt;/p&gt;&lt;p&gt;[0] no reflection&lt;/p&gt;&lt;p&gt;[1] reflection relative to xz plane&lt;/p&gt;&lt;p&gt;[2] reflection relative to yz plane&lt;/p&gt;&lt;p&gt;[3] reflection relative to xy plane&lt;/p&gt;&lt;p&gt;Default: 0&lt;/p&gt;&lt;p&gt;The type of reflection (mirroring) to apply.&lt;/p&gt;</dialogReference>
      </param>
    </parameters>
    <summary>The tool allows one to transform the input shapes by the following operations:

- translation
- rotation
- scaling
- reflection (mirroring)

The operations are applied in the same order as listed above.

</summary>
  </tool>
  <dataIdInfo>
    <idCitation>
      <resTitle>Victor Olaya, Volker Wichmann (c) 2004-2022</resTitle>
    </idCitation>
    <idCredit>Conrad, O., Bechtel, B., Bock, M., Dietrich, H., Fischer, E., Gerlitz, L., Wehberg, J., Wichmann, V., and Boehner, J. (2015): System for Automated Geoscientific Analyses (SAGA) v. 2.1.4, Geosci. Model Dev., 8, 1991-2007, doi:10.5194/gmd-8-1991-2015. [SAGA - System for Automated Geoscientific Analyses - saga-gis.org] </idCredit>
    <searchKeys>
      <SAGA></SAGA>
    </searchKeys>
  </dataIdInfo>
</metadata>
