<?xml version="1.0" encoding="UTF-8"?>
<metadata xml:lang="en">
  <Esri>
    <CreaDate>20150910</CreaDate>
    <CreaTime>11550000</CreaTime>
    <ArcGISFormat>1.0</ArcGISFormat>
    <SyncOnce>TRUE</SyncOnce>
    <ArcGISProfile>ItemDescription</ArcGISProfile>
  </Esri>
  <tool name="tool_7" displayname="Line Smoothing">
    <parameters>
      <param name="LINES_IN" displayname="Lines" type="Required" direction="Input">
        <dialogReference>&lt;p&gt;Lines&lt;/p&gt;&lt;p&gt;Shapes, input&lt;/p&gt;&lt;p&gt;The input line shapefile to smooth.&lt;/p&gt;</dialogReference>
      </param>
      <param name="LINES_OUT" displayname="Smoothed Lines" type="Required" direction="Output">
        <dialogReference>&lt;p&gt;Smoothed Lines&lt;/p&gt;&lt;p&gt;Shapes, output&lt;/p&gt;&lt;p&gt;The smoothed output line shapefile.&lt;/p&gt;</dialogReference>
      </param>
      <param name="METHOD" displayname="Method" type="Optional" direction="Output">
        <dialogReference>&lt;p&gt;Method&lt;/p&gt;&lt;p&gt;Choice&lt;/p&gt;&lt;p&gt;Available Choices:&lt;/p&gt;&lt;p&gt;[0] basic SIA model&lt;/p&gt;&lt;p&gt;[1] improved SIA model&lt;/p&gt;&lt;p&gt;[2] Gaussian Filtering&lt;/p&gt;&lt;p&gt;Default: 2&lt;/p&gt;&lt;p&gt;Choose the method to apply.&lt;/p&gt;</dialogReference>
      </param>
      <param name="SENSITIVITY" displayname="Sensitivity" type="Optional" direction="Output">
        <dialogReference>&lt;p&gt;Sensitivity&lt;/p&gt;&lt;p&gt;Integer&lt;/p&gt;&lt;p&gt;Minimum: 1&lt;/p&gt;&lt;p&gt;Default: 3&lt;/p&gt;&lt;p&gt;Half the size of the moving window [vertex count], controls smoothing sensitivity.&lt;/p&gt;</dialogReference>
      </param>
      <param name="ITERATIONS" displayname="Iterations" type="Optional" direction="Output">
        <dialogReference>&lt;p&gt;Iterations&lt;/p&gt;&lt;p&gt;Integer&lt;/p&gt;&lt;p&gt;Minimum: 1&lt;/p&gt;&lt;p&gt;Default: 10&lt;/p&gt;&lt;p&gt;The number of smoothing iterations [-].&lt;/p&gt;</dialogReference>
      </param>
      <param name="PRESERVATION" displayname="Preservation" type="Optional" direction="Output">
        <dialogReference>&lt;p&gt;Preservation&lt;/p&gt;&lt;p&gt;Floating point&lt;/p&gt;&lt;p&gt;Minimum: 1.000000&lt;/p&gt;&lt;p&gt;Default: 10.000000&lt;/p&gt;&lt;p&gt;The smoothing preservation factor [-].&lt;/p&gt;</dialogReference>
      </param>
      <param name="SIGMA" displayname="Sigma" type="Optional" direction="Output">
        <dialogReference>&lt;p&gt;Sigma&lt;/p&gt;&lt;p&gt;Floating point&lt;/p&gt;&lt;p&gt;Minimum: 0.500000&lt;/p&gt;&lt;p&gt;Default: 2.000000&lt;/p&gt;&lt;p&gt;Standard deviation of the Gaussian filter [-].&lt;/p&gt;</dialogReference>
      </param>
    </parameters>
    <summary>The tool provides methods for line smoothing including iterative averaging (SIA) and Gaussian filtering.

Iterative averaging (SIA) is described by Mansouryar & Hedayati (2012). A higher smoothing sensitivity results in a stronger smoothing in less iterations and vice versa. The 'improved SIA model' simply applies a preservation factor in the first iteration and then runs the 'basic SIA model' for the following iterations.

Gaussian filtering with shrinkage correction is described by Lowe (1989).

In case the density of line vertices is too high, the 'Line Simplification' tool can be applied first. If the density of line vertices is too low, additional vertices can be inserted by applying the 'Convert Lines to Points' and the 'Convert Points to Line(s)' tools prior to smoothing.

References:
Lowe, D. (1989): Organization of Smooth Image Curves at Multiple Scales. International Journal of Computer Vision, 3: 119-130. (&lt;a target="_blank" href="http://www.cs.ubc.ca/~lowe/papers/iccv88.pdf"&gt;pdf&lt;/a&gt;)

Mansouryar, M. & Hedayati, A. (2012): Smoothing Via Iterative Averaging (SIA) - A Basic Technique for Line Smoothing. International Journal of Computer and Electrical Engineering Vol. 4, No. 3: 307-311. (&lt;a target="_blank" href="http://www.ijcee.org/papers/501-P063.pdf"&gt;pdf&lt;/a&gt;)

</summary>
  </tool>
  <dataIdInfo>
    <idCitation>
      <resTitle>V. Wichmann, J. Engels (c) 2014</resTitle>
    </idCitation>
    <idCredit>Conrad, O., Bechtel, B., Bock, M., Dietrich, H., Fischer, E., Gerlitz, L., Wehberg, J., Wichmann, V., and Boehner, J. (2015): System for Automated Geoscientific Analyses (SAGA) v. 2.1.4, Geosci. Model Dev., 8, 1991-2007, doi:10.5194/gmd-8-1991-2015. [SAGA - System for Automated Geoscientific Analyses - saga-gis.org] </idCredit>
    <searchKeys>
      <SAGA></SAGA>
    </searchKeys>
  </dataIdInfo>
</metadata>
