<?xml version="1.0" encoding="UTF-8"?>
<metadata xml:lang="en">
  <Esri>
    <CreaDate>20150910</CreaDate>
    <CreaTime>11550000</CreaTime>
    <ArcGISFormat>1.0</ArcGISFormat>
    <SyncOnce>TRUE</SyncOnce>
    <ArcGISProfile>ItemDescription</ArcGISProfile>
  </Esri>
  <tool name="tool_20" displayname="Snap Points to Grid">
    <parameters>
      <param name="INPUT" displayname="Points" type="Required" direction="Input">
        <dialogReference>&lt;p&gt;Points&lt;/p&gt;&lt;p&gt;Shapes, input&lt;/p&gt;</dialogReference>
      </param>
      <param name="GRID" displayname="Grid" type="Required" direction="Input">
        <dialogReference>&lt;p&gt;Grid&lt;/p&gt;&lt;p&gt;Grid, input&lt;/p&gt;</dialogReference>
      </param>
      <param name="OUTPUT" displayname="Result" type="Optional" direction="Output">
        <dialogReference>&lt;p&gt;Result&lt;/p&gt;&lt;p&gt;Shapes, output, optional&lt;/p&gt;&lt;p&gt;optional&lt;/p&gt;</dialogReference>
      </param>
      <param name="MOVES" displayname="Moves" type="Optional" direction="Output">
        <dialogReference>&lt;p&gt;Moves&lt;/p&gt;&lt;p&gt;Shapes, output, optional&lt;/p&gt;&lt;p&gt;optional&lt;/p&gt;</dialogReference>
      </param>
      <param name="DISTANCE" displayname="Search Distance (Map Units)" type="Optional" direction="Output">
        <dialogReference>&lt;p&gt;Search Distance (Map Units)&lt;/p&gt;&lt;p&gt;Floating point&lt;/p&gt;&lt;p&gt;Minimum: 0.000000&lt;/p&gt;&lt;p&gt;Default: 0.000000&lt;/p&gt;</dialogReference>
      </param>
      <param name="SHAPE" displayname="Search Shape" type="Optional" direction="Output">
        <dialogReference>&lt;p&gt;Search Shape&lt;/p&gt;&lt;p&gt;Choice&lt;/p&gt;&lt;p&gt;Available Choices:&lt;/p&gt;&lt;p&gt;[0] circle&lt;/p&gt;&lt;p&gt;[1] square&lt;/p&gt;&lt;p&gt;Default: 0&lt;/p&gt;</dialogReference>
      </param>
      <param name="EXTREME" displayname="Extreme" type="Optional" direction="Output">
        <dialogReference>&lt;p&gt;Extreme&lt;/p&gt;&lt;p&gt;Choice&lt;/p&gt;&lt;p&gt;Available Choices:&lt;/p&gt;&lt;p&gt;[0] minimum&lt;/p&gt;&lt;p&gt;[1] maximum&lt;/p&gt;&lt;p&gt;Default: 1&lt;/p&gt;</dialogReference>
      </param>
    </parameters>
    <summary>Moves all points to grid cell positions that have the highest orlowest value respectively within the given search distance around each point.</summary>
  </tool>
  <dataIdInfo>
    <idCitation>
      <resTitle>O.Conrad (c) 2012</resTitle>
    </idCitation>
    <idCredit>Conrad, O., Bechtel, B., Bock, M., Dietrich, H., Fischer, E., Gerlitz, L., Wehberg, J., Wichmann, V., and Boehner, J. (2015): System for Automated Geoscientific Analyses (SAGA) v. 2.1.4, Geosci. Model Dev., 8, 1991-2007, doi:10.5194/gmd-8-1991-2015. [SAGA - System for Automated Geoscientific Analyses - saga-gis.org] </idCredit>
    <searchKeys>
      <SAGA></SAGA>
    </searchKeys>
  </dataIdInfo>
</metadata>
