<?xml version="1.0" encoding="UTF-8"?>
<metadata xml:lang="en">
  <Esri>
    <CreaDate>20150910</CreaDate>
    <CreaTime>11550000</CreaTime>
    <ArcGISFormat>1.0</ArcGISFormat>
    <SyncOnce>TRUE</SyncOnce>
    <ArcGISProfile>ItemDescription</ArcGISProfile>
  </Esri>
  <tool name="tool_22" displayname="Convert Vertex Type (2D/3D)">
    <parameters>
      <param name="INPUT" displayname="Input" type="Required" direction="Input">
        <dialogReference>&lt;p&gt;Input&lt;/p&gt;&lt;p&gt;Shapes, input&lt;/p&gt;&lt;p&gt;The shapefile to convert.&lt;/p&gt;</dialogReference>
      </param>
      <param name="FIELD_Z" displayname="Z" type="Optional" direction="Output">
        <dialogReference>&lt;p&gt;Z&lt;/p&gt;&lt;p&gt;Table field&lt;/p&gt;&lt;p&gt;optional&lt;/p&gt;&lt;p&gt;Field with z-coordinate information.&lt;/p&gt;</dialogReference>
      </param>
      <param name="FIELD_M" displayname="M" type="Optional" direction="Output">
        <dialogReference>&lt;p&gt;M&lt;/p&gt;&lt;p&gt;Table field&lt;/p&gt;&lt;p&gt;optional&lt;/p&gt;&lt;p&gt;Field with measure information.&lt;/p&gt;</dialogReference>
      </param>
      <param name="OUTPUT" displayname="Output" type="Required" direction="Output">
        <dialogReference>&lt;p&gt;Output&lt;/p&gt;&lt;p&gt;Shapes, output&lt;/p&gt;&lt;p&gt;The converted shapefile.&lt;/p&gt;</dialogReference>
      </param>
    </parameters>
    <summary>The tool allows one to convert the vertex type of shapes from 'XY' (2D) to 'XYZ/M' (3D) and vice versa. The conversion from 3D to 2D is not lossless for lines and polygons, as only the Z/M value of one vertex can be retained (currently that of the last vertex).</summary>
  </tool>
  <dataIdInfo>
    <idCitation>
      <resTitle>Volker Wichmann (c) 2013, LASERDATA GmbH</resTitle>
    </idCitation>
    <idCredit>Conrad, O., Bechtel, B., Bock, M., Dietrich, H., Fischer, E., Gerlitz, L., Wehberg, J., Wichmann, V., and Boehner, J. (2015): System for Automated Geoscientific Analyses (SAGA) v. 2.1.4, Geosci. Model Dev., 8, 1991-2007, doi:10.5194/gmd-8-1991-2015. [SAGA - System for Automated Geoscientific Analyses - saga-gis.org] </idCredit>
    <searchKeys>
      <SAGA></SAGA>
    </searchKeys>
  </dataIdInfo>
</metadata>
