<?xml version="1.0" encoding="UTF-8"?>
<metadata xml:lang="en">
  <Esri>
    <CreaDate>20150910</CreaDate>
    <CreaTime>11550000</CreaTime>
    <ArcGISFormat>1.0</ArcGISFormat>
    <SyncOnce>TRUE</SyncOnce>
    <ArcGISProfile>ItemDescription</ArcGISProfile>
  </Esri>
  <tool name="tool_3" displayname="Line-Polygon Intersection">
    <parameters>
      <param name="LINES" displayname="Lines" type="Required" direction="Input">
        <dialogReference>&lt;p&gt;Lines&lt;/p&gt;&lt;p&gt;Shapes, input&lt;/p&gt;</dialogReference>
      </param>
      <param name="POLYGONS" displayname="Polygons" type="Required" direction="Input">
        <dialogReference>&lt;p&gt;Polygons&lt;/p&gt;&lt;p&gt;Shapes, input&lt;/p&gt;</dialogReference>
      </param>
      <param name="INTERSECT" displayname="Intersection" type="Required" direction="Output">
        <dialogReference>&lt;p&gt;Intersection&lt;/p&gt;&lt;p&gt;Shapes, output&lt;/p&gt;</dialogReference>
      </param>
      <param name="DIFFERENCE" displayname="Difference" type="Required" direction="Output">
        <dialogReference>&lt;p&gt;Difference&lt;/p&gt;&lt;p&gt;Shapes, output&lt;/p&gt;</dialogReference>
      </param>
      <param name="OUTPUT" displayname="Output" type="Optional" direction="Output">
        <dialogReference>&lt;p&gt;Output&lt;/p&gt;&lt;p&gt;Choice&lt;/p&gt;&lt;p&gt;Available Choices:&lt;/p&gt;&lt;p&gt;[0] intersection&lt;/p&gt;&lt;p&gt;[1] difference&lt;/p&gt;&lt;p&gt;[2] intersection and difference&lt;/p&gt;&lt;p&gt;Default: 2&lt;/p&gt;</dialogReference>
      </param>
      <param name="ATTRIBUTES" displayname="Attributes" type="Optional" direction="Output">
        <dialogReference>&lt;p&gt;Attributes&lt;/p&gt;&lt;p&gt;Choice&lt;/p&gt;&lt;p&gt;Available Choices:&lt;/p&gt;&lt;p&gt;[0] polygon&lt;/p&gt;&lt;p&gt;[1] line&lt;/p&gt;&lt;p&gt;[2] line and polygon&lt;/p&gt;&lt;p&gt;Default: 1&lt;/p&gt;&lt;p&gt;attributes inherited to intersection result&lt;/p&gt;</dialogReference>
      </param>
    </parameters>
    <summary>Line-polygon intersection. Splits lines with polygon arcs. </summary>
  </tool>
  <dataIdInfo>
    <idCitation>
      <resTitle>O.Conrad (c) 2010</resTitle>
    </idCitation>
    <idCredit>Conrad, O., Bechtel, B., Bock, M., Dietrich, H., Fischer, E., Gerlitz, L., Wehberg, J., Wichmann, V., and Boehner, J. (2015): System for Automated Geoscientific Analyses (SAGA) v. 2.1.4, Geosci. Model Dev., 8, 1991-2007, doi:10.5194/gmd-8-1991-2015. [SAGA - System for Automated Geoscientific Analyses - saga-gis.org] </idCredit>
    <searchKeys>
      <SAGA></SAGA>
    </searchKeys>
  </dataIdInfo>
</metadata>
