<?xml version="1.0" encoding="UTF-8"?>
<metadata xml:lang="en">
  <Esri>
    <CreaDate>20150910</CreaDate>
    <CreaTime>11550000</CreaTime>
    <ArcGISFormat>1.0</ArcGISFormat>
    <SyncOnce>TRUE</SyncOnce>
    <ArcGISProfile>ItemDescription</ArcGISProfile>
  </Esri>
  <tool name="tool_0" displayname="Transect through polygon shapefile">
    <parameters>
      <param name="TRANSECT" displayname="Line Transect(s)" type="Required" direction="Input">
        <dialogReference>&lt;p&gt;Line Transect(s)&lt;/p&gt;&lt;p&gt;Shapes, input&lt;/p&gt;</dialogReference>
      </param>
      <param name="THEME" displayname="Theme" type="Required" direction="Input">
        <dialogReference>&lt;p&gt;Theme&lt;/p&gt;&lt;p&gt;Shapes, input&lt;/p&gt;</dialogReference>
      </param>
      <param name="THEME_FIELD" displayname="Theme Field" type="Optional" direction="Output">
        <dialogReference>&lt;p&gt;Theme Field&lt;/p&gt;&lt;p&gt;Table field&lt;/p&gt;&lt;p&gt;optional&lt;/p&gt;</dialogReference>
      </param>
      <param name="TRANSECT_RESULT" displayname="Result table" type="Required" direction="Output">
        <dialogReference>&lt;p&gt;Result table&lt;/p&gt;&lt;p&gt;Table, output&lt;/p&gt;</dialogReference>
      </param>
    </parameters>
    <summary>Transect for lines and polygon shapefiles

The goal of this tool is to create a transect along a line through a polygon map.
Eg

|____ST1_____!_ST2_!__ST1__!_______ST#_____|

(Soil type 1 etc...)

This is done by creating a table with the ID of each line, the distance 
to the starting point and the different transects:

&lt;pre&gt;|  line_id  |  start  |  end  |  code/field  |
|    0      |    0    |  124  |     ST1      |
|    0      |   124   |  300  |     ST2      |
|    0      |   300   | 1223  |     ST1      |
|    0      |  1223   | 2504  |     ST3      |
|    1      |    0    |  200  |     ST4      |
|   ...     |   ...   |  ...  |     ...      |&lt;/pre&gt;


The tool requires an input shape with all the line transects [Transect_Line] 
and a polygon theme [Theme]. You also have to select which field you want to have in 
the resulting table [Transect_Result]. This can be an ID of the polygon theme if you 
want to link the tables later on, or any other field [Theme_Field].
</summary>
  </tool>
  <dataIdInfo>
    <idCitation>
      <resTitle>Copyrights (c) 2009 Johan Van de Wauw</resTitle>
    </idCitation>
    <idCredit>Conrad, O., Bechtel, B., Bock, M., Dietrich, H., Fischer, E., Gerlitz, L., Wehberg, J., Wichmann, V., and Boehner, J. (2015): System for Automated Geoscientific Analyses (SAGA) v. 2.1.4, Geosci. Model Dev., 8, 1991-2007, doi:10.5194/gmd-8-1991-2015. [SAGA - System for Automated Geoscientific Analyses - saga-gis.org] </idCredit>
    <searchKeys>
      <SAGA></SAGA>
    </searchKeys>
  </dataIdInfo>
</metadata>
