<?xml version="1.0" encoding="UTF-8"?>
<metadata xml:lang="en">
  <Esri>
    <CreaDate>20150910</CreaDate>
    <CreaTime>11550000</CreaTime>
    <ArcGISFormat>1.0</ArcGISFormat>
    <SyncOnce>TRUE</SyncOnce>
    <ArcGISProfile>ItemDescription</ArcGISProfile>
  </Esri>
  <tool name="tool_10" displayname="Extract Closed Lines">
    <parameters>
      <param name="LINES_IN" displayname="Lines" type="Required" direction="Input">
        <dialogReference>&lt;p&gt;Lines&lt;/p&gt;&lt;p&gt;Shapes, input&lt;/p&gt;&lt;p&gt;The input line shapefile.&lt;/p&gt;</dialogReference>
      </param>
      <param name="LINES_OUT" displayname="Closed Lines" type="Required" direction="Output">
        <dialogReference>&lt;p&gt;Closed Lines&lt;/p&gt;&lt;p&gt;Shapes, output&lt;/p&gt;&lt;p&gt;The output line shapefile with the extracted lines.&lt;/p&gt;</dialogReference>
      </param>
      <param name="TOLERANCE" displayname="Tolerance" type="Optional" direction="Output">
        <dialogReference>&lt;p&gt;Tolerance&lt;/p&gt;&lt;p&gt;Floating point&lt;/p&gt;&lt;p&gt;Minimum: 0.000000&lt;/p&gt;&lt;p&gt;Default: 0.001000&lt;/p&gt;&lt;p&gt;The maximum distance between the first and last line vertex [map units].&lt;/p&gt;</dialogReference>
      </param>
      <param name="MAX_LENGTH" displayname="Maximum Length" type="Optional" direction="Output">
        <dialogReference>&lt;p&gt;Maximum Length&lt;/p&gt;&lt;p&gt;Floating point&lt;/p&gt;&lt;p&gt;Minimum: 0.000000&lt;/p&gt;&lt;p&gt;Default: 10000.000000&lt;/p&gt;&lt;p&gt;The maximum length of extracted lines [map units].&lt;/p&gt;</dialogReference>
      </param>
    </parameters>
    <summary>The tool allows one to extract closed lines from the input shapefile. Closed lines are detected by examining the distance between the first and last line vertex.
The 'tolerance' parameter describes the maximum distance allowed between the first and last line vertex. The 'maximum length' parameter can be used to exclude long lines.

</summary>
  </tool>
  <dataIdInfo>
    <idCitation>
      <resTitle>V. Wichmann (c) 2021</resTitle>
    </idCitation>
    <idCredit>Conrad, O., Bechtel, B., Bock, M., Dietrich, H., Fischer, E., Gerlitz, L., Wehberg, J., Wichmann, V., and Boehner, J. (2015): System for Automated Geoscientific Analyses (SAGA) v. 2.1.4, Geosci. Model Dev., 8, 1991-2007, doi:10.5194/gmd-8-1991-2015. [SAGA - System for Automated Geoscientific Analyses - saga-gis.org] </idCredit>
    <searchKeys>
      <SAGA></SAGA>
    </searchKeys>
  </dataIdInfo>
</metadata>
