<?xml version="1.0" encoding="UTF-8"?>
<metadata xml:lang="en">
  <Esri>
    <CreaDate>20150910</CreaDate>
    <CreaTime>11550000</CreaTime>
    <ArcGISFormat>1.0</ArcGISFormat>
    <SyncOnce>TRUE</SyncOnce>
    <ArcGISProfile>ItemDescription</ArcGISProfile>
  </Esri>
  <tool name="tool_4" displayname="Populate Polygons with Points">
    <parameters>
      <param name="POLYGONS" displayname="Polygons" type="Required" direction="Input">
        <dialogReference>&lt;p&gt;Polygons&lt;/p&gt;&lt;p&gt;Shapes, input&lt;/p&gt;</dialogReference>
      </param>
      <param name="POINTS" displayname="Points" type="Required" direction="Output">
        <dialogReference>&lt;p&gt;Points&lt;/p&gt;&lt;p&gt;Shapes, output&lt;/p&gt;</dialogReference>
      </param>
      <param name="NUMFIELD" displayname="Number of Points" type="Optional" direction="Output">
        <dialogReference>&lt;p&gt;Number of Points&lt;/p&gt;&lt;p&gt;Table field&lt;/p&gt;&lt;p&gt;optional&lt;/p&gt;&lt;p&gt;Desired number of points per polygon.&lt;/p&gt;</dialogReference>
      </param>
      <param name="NUMPOINTS" displayname="Number of Points" type="Optional" direction="Output">
        <dialogReference>&lt;p&gt;Number of Points&lt;/p&gt;&lt;p&gt;Integer&lt;/p&gt;&lt;p&gt;Minimum: 1&lt;/p&gt;&lt;p&gt;Default: 100&lt;/p&gt;&lt;p&gt;Desired number of points per polygon.&lt;/p&gt;</dialogReference>
      </param>
      <param name="MAXITER" displayname="Maximum Iterations" type="Optional" direction="Output">
        <dialogReference>&lt;p&gt;Maximum Iterations&lt;/p&gt;&lt;p&gt;Integer&lt;/p&gt;&lt;p&gt;Minimum: 1&lt;/p&gt;&lt;p&gt;Default: 30&lt;/p&gt;</dialogReference>
      </param>
    </parameters>
    <summary>For each selected polygon of the input layer or for all polygons, if none is selected, a multi-point record is created with evenly distributed points trying to meet the specified number of points per polygon. </summary>
  </tool>
  <dataIdInfo>
    <idCitation>
      <resTitle>V.Olaya (c) 2004, O.Conrad (c) 2018</resTitle>
    </idCitation>
    <idCredit>Conrad, O., Bechtel, B., Bock, M., Dietrich, H., Fischer, E., Gerlitz, L., Wehberg, J., Wichmann, V., and Boehner, J. (2015): System for Automated Geoscientific Analyses (SAGA) v. 2.1.4, Geosci. Model Dev., 8, 1991-2007, doi:10.5194/gmd-8-1991-2015. [SAGA - System for Automated Geoscientific Analyses - saga-gis.org] </idCredit>
    <searchKeys>
      <SAGA></SAGA>
    </searchKeys>
  </dataIdInfo>
</metadata>
