<?xml version="1.0" encoding="UTF-8"?>
<metadata xml:lang="en">
  <Esri>
    <CreaDate>20150910</CreaDate>
    <CreaTime>11550000</CreaTime>
    <ArcGISFormat>1.0</ArcGISFormat>
    <SyncOnce>TRUE</SyncOnce>
    <ArcGISProfile>ItemDescription</ArcGISProfile>
  </Esri>
  <tool name="tool_12" displayname="Convex Hull">
    <parameters>
      <param name="SHAPES" displayname="Points" type="Required" direction="Input">
        <dialogReference>&lt;p&gt;Points&lt;/p&gt;&lt;p&gt;Shapes, input&lt;/p&gt;</dialogReference>
      </param>
      <param name="HULLS" displayname="Convex Hull" type="Required" direction="Output">
        <dialogReference>&lt;p&gt;Convex Hull&lt;/p&gt;&lt;p&gt;Shapes, output&lt;/p&gt;</dialogReference>
      </param>
      <param name="BOXES" displayname="Minimum Bounding Box" type="Optional" direction="Output">
        <dialogReference>&lt;p&gt;Minimum Bounding Box&lt;/p&gt;&lt;p&gt;Shapes, output, optional&lt;/p&gt;&lt;p&gt;optional&lt;/p&gt;</dialogReference>
      </param>
      <param name="POLYPOINTS" displayname="Hull Construction" type="Optional" direction="Output">
        <dialogReference>&lt;p&gt;Hull Construction&lt;/p&gt;&lt;p&gt;Choice&lt;/p&gt;&lt;p&gt;Available Choices:&lt;/p&gt;&lt;p&gt;[0] one hull for all shapes&lt;/p&gt;&lt;p&gt;[1] one hull per shape&lt;/p&gt;&lt;p&gt;[2] one hull per shape part&lt;/p&gt;&lt;p&gt;Default: 1&lt;/p&gt;&lt;p&gt;This option does not apply to simple point layers.&lt;/p&gt;</dialogReference>
      </param>
      <param name="POLYGONCVX" displayname="Polygon Convexity" type="Optional" direction="Output">
        <dialogReference>&lt;p&gt;Polygon Convexity&lt;/p&gt;&lt;p&gt;Boolean&lt;/p&gt;&lt;p&gt;Default: 0&lt;/p&gt;&lt;p&gt;Describes a polygon's compactness as ratio of its area to its hull's area.&lt;/p&gt;</dialogReference>
      </param>
    </parameters>
    <summary>Implementation of 'Andrew's Monotone Chain Algorithm' for convex hull construction. </summary>
  </tool>
  <dataIdInfo>
    <idCitation>
      <resTitle>O.Conrad (c) 2011</resTitle>
    </idCitation>
    <idCredit>Conrad, O., Bechtel, B., Bock, M., Dietrich, H., Fischer, E., Gerlitz, L., Wehberg, J., Wichmann, V., and Boehner, J. (2015): System for Automated Geoscientific Analyses (SAGA) v. 2.1.4, Geosci. Model Dev., 8, 1991-2007, doi:10.5194/gmd-8-1991-2015. [SAGA - System for Automated Geoscientific Analyses - saga-gis.org] </idCredit>
    <searchKeys>
      <SAGA></SAGA>
    </searchKeys>
  </dataIdInfo>
</metadata>
