<?xml version="1.0" encoding="UTF-8"?>
<metadata xml:lang="en">
  <Esri>
    <CreaDate>20150910</CreaDate>
    <CreaTime>11550000</CreaTime>
    <ArcGISFormat>1.0</ArcGISFormat>
    <SyncOnce>TRUE</SyncOnce>
    <ArcGISProfile>ItemDescription</ArcGISProfile>
  </Esri>
  <tool name="tool_17" displayname="Shapes Buffer">
    <parameters>
      <param name="SHAPES" displayname="Shapes" type="Required" direction="Input">
        <dialogReference>&lt;p&gt;Shapes&lt;/p&gt;&lt;p&gt;Shapes, input&lt;/p&gt;</dialogReference>
      </param>
      <param name="BUFFER" displayname="Buffer" type="Required" direction="Output">
        <dialogReference>&lt;p&gt;Buffer&lt;/p&gt;&lt;p&gt;Shapes, output&lt;/p&gt;</dialogReference>
      </param>
      <param name="DIST_FIELD" displayname="Buffer Distance" type="Optional" direction="Output">
        <dialogReference>&lt;p&gt;Buffer Distance&lt;/p&gt;&lt;p&gt;Table field&lt;/p&gt;&lt;p&gt;optional&lt;/p&gt;</dialogReference>
      </param>
      <param name="DIST_FIELD_DEFAULT" displayname="Default" type="Optional" direction="Output">
        <dialogReference>&lt;p&gt;Default&lt;/p&gt;&lt;p&gt;Floating point&lt;/p&gt;&lt;p&gt;Minimum: 0.000000&lt;/p&gt;&lt;p&gt;Default: 100.000000&lt;/p&gt;&lt;p&gt;default value if no attribute has been selected&lt;/p&gt;</dialogReference>
      </param>
      <param name="DIST_SCALE" displayname="Scaling Factor for Attribute Value" type="Optional" direction="Output">
        <dialogReference>&lt;p&gt;Scaling Factor for Attribute Value&lt;/p&gt;&lt;p&gt;Floating point&lt;/p&gt;&lt;p&gt;Minimum: 0.000000&lt;/p&gt;&lt;p&gt;Default: 1.000000&lt;/p&gt;</dialogReference>
      </param>
      <param name="DISSOLVE" displayname="Dissolve Buffers" type="Optional" direction="Output">
        <dialogReference>&lt;p&gt;Dissolve Buffers&lt;/p&gt;&lt;p&gt;Boolean&lt;/p&gt;&lt;p&gt;Default: 1&lt;/p&gt;</dialogReference>
      </param>
      <param name="NZONES" displayname="Number of Buffer Zones" type="Optional" direction="Output">
        <dialogReference>&lt;p&gt;Number of Buffer Zones&lt;/p&gt;&lt;p&gt;Integer&lt;/p&gt;&lt;p&gt;Minimum: 1&lt;/p&gt;&lt;p&gt;Default: 1&lt;/p&gt;</dialogReference>
      </param>
      <param name="POLY_INNER" displayname="Inner Buffer" type="Optional" direction="Output">
        <dialogReference>&lt;p&gt;Inner Buffer&lt;/p&gt;&lt;p&gt;Boolean&lt;/p&gt;&lt;p&gt;Default: 0&lt;/p&gt;</dialogReference>
      </param>
      <param name="DARC" displayname="Arc Vertex Distance [Degree]" type="Optional" direction="Output">
        <dialogReference>&lt;p&gt;Arc Vertex Distance [Degree]&lt;/p&gt;&lt;p&gt;Floating point&lt;/p&gt;&lt;p&gt;Minimum: 0.010000&lt;/p&gt;&lt;p&gt;Maximum: 45.000000&lt;/p&gt;&lt;p&gt;Default: 5.000000&lt;/p&gt;</dialogReference>
      </param>
    </parameters>
    <summary>A vector based buffer construction partly based on the method supposed by Dong et al. (2003).</summary>
  </tool>
  <dataIdInfo>
    <idCitation>
      <resTitle>O.Conrad (c) 2008</resTitle>
    </idCitation>
    <idCredit>Conrad, O., Bechtel, B., Bock, M., Dietrich, H., Fischer, E., Gerlitz, L., Wehberg, J., Wichmann, V., and Boehner, J. (2015): System for Automated Geoscientific Analyses (SAGA) v. 2.1.4, Geosci. Model Dev., 8, 1991-2007, doi:10.5194/gmd-8-1991-2015. [SAGA - System for Automated Geoscientific Analyses - saga-gis.org] </idCredit>
    <searchKeys>
      <SAGA></SAGA>
    </searchKeys>
  </dataIdInfo>
</metadata>
