<?xml version="1.0" encoding="UTF-8"?>
<metadata xml:lang="en">
  <Esri>
    <CreaDate>20150910</CreaDate>
    <CreaTime>11550000</CreaTime>
    <ArcGISFormat>1.0</ArcGISFormat>
    <SyncOnce>TRUE</SyncOnce>
    <ArcGISProfile>ItemDescription</ArcGISProfile>
  </Esri>
  <tool name="tool_1" displayname="Focal Statistics">
    <parameters>
      <param name="GRID" displayname="Grid" type="Required" direction="Input">
        <dialogReference>&lt;p&gt;Grid&lt;/p&gt;&lt;p&gt;Grid, input&lt;/p&gt;</dialogReference>
      </param>
      <param name="MEAN" displayname="Mean Value" type="Optional" direction="Output">
        <dialogReference>&lt;p&gt;Mean Value&lt;/p&gt;&lt;p&gt;Grid, output, optional&lt;/p&gt;&lt;p&gt;optional&lt;/p&gt;</dialogReference>
      </param>
      <param name="MIN" displayname="Minimum Value" type="Optional" direction="Output">
        <dialogReference>&lt;p&gt;Minimum Value&lt;/p&gt;&lt;p&gt;Grid, output, optional&lt;/p&gt;&lt;p&gt;optional&lt;/p&gt;</dialogReference>
      </param>
      <param name="MAX" displayname="Maximum Value" type="Optional" direction="Output">
        <dialogReference>&lt;p&gt;Maximum Value&lt;/p&gt;&lt;p&gt;Grid, output, optional&lt;/p&gt;&lt;p&gt;optional&lt;/p&gt;</dialogReference>
      </param>
      <param name="RANGE" displayname="Value Range" type="Optional" direction="Output">
        <dialogReference>&lt;p&gt;Value Range&lt;/p&gt;&lt;p&gt;Grid, output, optional&lt;/p&gt;&lt;p&gt;optional&lt;/p&gt;</dialogReference>
      </param>
      <param name="STDDEV" displayname="Standard Deviation" type="Optional" direction="Output">
        <dialogReference>&lt;p&gt;Standard Deviation&lt;/p&gt;&lt;p&gt;Grid, output, optional&lt;/p&gt;&lt;p&gt;optional&lt;/p&gt;</dialogReference>
      </param>
      <param name="VARIANCE" displayname="Variance" type="Optional" direction="Output">
        <dialogReference>&lt;p&gt;Variance&lt;/p&gt;&lt;p&gt;Grid, output, optional&lt;/p&gt;&lt;p&gt;optional&lt;/p&gt;</dialogReference>
      </param>
      <param name="SUM" displayname="Sum" type="Optional" direction="Output">
        <dialogReference>&lt;p&gt;Sum&lt;/p&gt;&lt;p&gt;Grid, output, optional&lt;/p&gt;&lt;p&gt;optional&lt;/p&gt;</dialogReference>
      </param>
      <param name="DIFF" displayname="Difference from Mean Value" type="Optional" direction="Output">
        <dialogReference>&lt;p&gt;Difference from Mean Value&lt;/p&gt;&lt;p&gt;Grid, output, optional&lt;/p&gt;&lt;p&gt;optional&lt;/p&gt;</dialogReference>
      </param>
      <param name="DEVMEAN" displayname="Deviation from Mean Value" type="Optional" direction="Output">
        <dialogReference>&lt;p&gt;Deviation from Mean Value&lt;/p&gt;&lt;p&gt;Grid, output, optional&lt;/p&gt;&lt;p&gt;optional&lt;/p&gt;</dialogReference>
      </param>
      <param name="PERCENT" displayname="Percentile" type="Optional" direction="Output">
        <dialogReference>&lt;p&gt;Percentile&lt;/p&gt;&lt;p&gt;Grid, output, optional&lt;/p&gt;&lt;p&gt;optional&lt;/p&gt;</dialogReference>
      </param>
      <param name="MEDIAN" displayname="Median" type="Optional" direction="Output">
        <dialogReference>&lt;p&gt;Median&lt;/p&gt;&lt;p&gt;Grid, output, optional&lt;/p&gt;&lt;p&gt;optional&lt;/p&gt;</dialogReference>
      </param>
      <param name="MINORITY" displayname="Minority" type="Optional" direction="Output">
        <dialogReference>&lt;p&gt;Minority&lt;/p&gt;&lt;p&gt;Grid, output, optional&lt;/p&gt;&lt;p&gt;optional&lt;/p&gt;</dialogReference>
      </param>
      <param name="MAJORITY" displayname="Majority" type="Optional" direction="Output">
        <dialogReference>&lt;p&gt;Majority&lt;/p&gt;&lt;p&gt;Grid, output, optional&lt;/p&gt;&lt;p&gt;optional&lt;/p&gt;</dialogReference>
      </param>
      <param name="BCENTER" displayname="Include Center Cell" type="Optional" direction="Output">
        <dialogReference>&lt;p&gt;Include Center Cell&lt;/p&gt;&lt;p&gt;Boolean&lt;/p&gt;&lt;p&gt;Default: 1&lt;/p&gt;</dialogReference>
      </param>
      <param name="KERNEL_TYPE" displayname="Kernel Type" type="Optional" direction="Output">
        <dialogReference>&lt;p&gt;Kernel Type&lt;/p&gt;&lt;p&gt;Choice&lt;/p&gt;&lt;p&gt;Available Choices:&lt;/p&gt;&lt;p&gt;[0] Square&lt;/p&gt;&lt;p&gt;[1] Circle&lt;/p&gt;&lt;p&gt;[2] Annulus&lt;/p&gt;&lt;p&gt;[3] Sector&lt;/p&gt;&lt;p&gt;Default: 1&lt;/p&gt;&lt;p&gt;The kernel's shape.&lt;/p&gt;</dialogReference>
      </param>
      <param name="KERNEL_INNER" displayname="Inner Radius" type="Optional" direction="Output">
        <dialogReference>&lt;p&gt;Inner Radius&lt;/p&gt;&lt;p&gt;Integer&lt;/p&gt;&lt;p&gt;Minimum: 0&lt;/p&gt;&lt;p&gt;Default: 0&lt;/p&gt;&lt;p&gt;cells&lt;/p&gt;</dialogReference>
      </param>
      <param name="KERNEL_RADIUS" displayname="Radius" type="Optional" direction="Output">
        <dialogReference>&lt;p&gt;Radius&lt;/p&gt;&lt;p&gt;Integer&lt;/p&gt;&lt;p&gt;Minimum: 0&lt;/p&gt;&lt;p&gt;Default: 2&lt;/p&gt;&lt;p&gt;cells&lt;/p&gt;</dialogReference>
      </param>
      <param name="KERNEL_DIRECTION" displayname="Direction" type="Optional" direction="Output">
        <dialogReference>&lt;p&gt;Direction&lt;/p&gt;&lt;p&gt;Floating point&lt;/p&gt;&lt;p&gt;Minimum: -360.000000&lt;/p&gt;&lt;p&gt;Maximum: 360.000000&lt;/p&gt;&lt;p&gt;Default: 0.000000&lt;/p&gt;&lt;p&gt;degree&lt;/p&gt;</dialogReference>
      </param>
      <param name="KERNEL_TOLERANCE" displayname="Tolerance" type="Optional" direction="Output">
        <dialogReference>&lt;p&gt;Tolerance&lt;/p&gt;&lt;p&gt;Floating point&lt;/p&gt;&lt;p&gt;Minimum: 0.000000&lt;/p&gt;&lt;p&gt;Maximum: 180.000000&lt;/p&gt;&lt;p&gt;Default: 5.000000&lt;/p&gt;&lt;p&gt;degree&lt;/p&gt;</dialogReference>
      </param>
      <param name="DW_WEIGHTING" displayname="Weighting Function" type="Optional" direction="Output">
        <dialogReference>&lt;p&gt;Weighting Function&lt;/p&gt;&lt;p&gt;Choice&lt;/p&gt;&lt;p&gt;Available Choices:&lt;/p&gt;&lt;p&gt;[0] no distance weighting&lt;/p&gt;&lt;p&gt;[1] inverse distance to a power&lt;/p&gt;&lt;p&gt;[2] exponential&lt;/p&gt;&lt;p&gt;[3] gaussian&lt;/p&gt;&lt;p&gt;Default: 0&lt;/p&gt;</dialogReference>
      </param>
      <param name="DW_IDW_POWER" displayname="Power" type="Optional" direction="Output">
        <dialogReference>&lt;p&gt;Power&lt;/p&gt;&lt;p&gt;Floating point&lt;/p&gt;&lt;p&gt;Minimum: 0.000000&lt;/p&gt;&lt;p&gt;Default: 2.000000&lt;/p&gt;</dialogReference>
      </param>
      <param name="DW_BANDWIDTH" displayname="Bandwidth" type="Optional" direction="Output">
        <dialogReference>&lt;p&gt;Bandwidth&lt;/p&gt;&lt;p&gt;Floating point&lt;/p&gt;&lt;p&gt;Minimum: 0.000000&lt;/p&gt;&lt;p&gt;Default: 1.000000&lt;/p&gt;&lt;p&gt;Bandwidth for exponential and Gaussian weighting&lt;/p&gt;</dialogReference>
      </param>
    </parameters>
    <summary>Based on its neighbourhood this tool calculates for each grid cell various statistical measures. According to Wilson & Gallant (2000) this tool was named 'Residual Analysis (Grid)' in earlier versions. </summary>
  </tool>
  <dataIdInfo>
    <idCitation>
      <resTitle>O.Conrad (c) 2003</resTitle>
    </idCitation>
    <idCredit>Conrad, O., Bechtel, B., Bock, M., Dietrich, H., Fischer, E., Gerlitz, L., Wehberg, J., Wichmann, V., and Boehner, J. (2015): System for Automated Geoscientific Analyses (SAGA) v. 2.1.4, Geosci. Model Dev., 8, 1991-2007, doi:10.5194/gmd-8-1991-2015. [SAGA - System for Automated Geoscientific Analyses - saga-gis.org] </idCredit>
    <searchKeys>
      <SAGA></SAGA>
    </searchKeys>
  </dataIdInfo>
</metadata>
