<?xml version="1.0" encoding="UTF-8"?>
<metadata xml:lang="en">
  <Esri>
    <CreaDate>20150910</CreaDate>
    <CreaTime>11550000</CreaTime>
    <ArcGISFormat>1.0</ArcGISFormat>
    <SyncOnce>TRUE</SyncOnce>
    <ArcGISProfile>ItemDescription</ArcGISProfile>
  </Esri>
  <tool name="tool_16" displayname="Statistics for Grids from Files">
    <parameters>
      <param name="COUNT" displayname="Number of Values" type="Required" direction="Output">
        <dialogReference>&lt;p&gt;Number of Values&lt;/p&gt;&lt;p&gt;Grid, output&lt;/p&gt;</dialogReference>
      </param>
      <param name="MIN" displayname="Minimum" type="Required" direction="Output">
        <dialogReference>&lt;p&gt;Minimum&lt;/p&gt;&lt;p&gt;Grid, output&lt;/p&gt;</dialogReference>
      </param>
      <param name="MAX" displayname="Maximum" type="Required" direction="Output">
        <dialogReference>&lt;p&gt;Maximum&lt;/p&gt;&lt;p&gt;Grid, output&lt;/p&gt;</dialogReference>
      </param>
      <param name="RANGE" displayname="Range" type="Required" direction="Output">
        <dialogReference>&lt;p&gt;Range&lt;/p&gt;&lt;p&gt;Grid, output&lt;/p&gt;</dialogReference>
      </param>
      <param name="SUM" displayname="Sum" type="Required" direction="Output">
        <dialogReference>&lt;p&gt;Sum&lt;/p&gt;&lt;p&gt;Grid, output&lt;/p&gt;</dialogReference>
      </param>
      <param name="SUM2" displayname="Sum of Squares" type="Required" direction="Output">
        <dialogReference>&lt;p&gt;Sum of Squares&lt;/p&gt;&lt;p&gt;Grid, output&lt;/p&gt;</dialogReference>
      </param>
      <param name="MEAN" displayname="Arithmetic Mean" type="Required" direction="Output">
        <dialogReference>&lt;p&gt;Arithmetic Mean&lt;/p&gt;&lt;p&gt;Grid, output&lt;/p&gt;</dialogReference>
      </param>
      <param name="VAR" displayname="Variance" type="Required" direction="Output">
        <dialogReference>&lt;p&gt;Variance&lt;/p&gt;&lt;p&gt;Grid, output&lt;/p&gt;</dialogReference>
      </param>
      <param name="STDDEV" displayname="Standard Deviation" type="Required" direction="Output">
        <dialogReference>&lt;p&gt;Standard Deviation&lt;/p&gt;&lt;p&gt;Grid, output&lt;/p&gt;</dialogReference>
      </param>
      <param name="FILES" displayname="Grid Files" type="Optional" direction="Output">
        <dialogReference>&lt;p&gt;Grid Files&lt;/p&gt;&lt;p&gt;File path&lt;/p&gt;</dialogReference>
      </param>
      <param name="HCLASSES" displayname="Number of Classes" type="Optional" direction="Output">
        <dialogReference>&lt;p&gt;Number of Classes&lt;/p&gt;&lt;p&gt;Integer&lt;/p&gt;&lt;p&gt;Minimum: 2&lt;/p&gt;&lt;p&gt;Default: 20&lt;/p&gt;</dialogReference>
      </param>
      <param name="HRANGE" displayname="Range" type="Optional" direction="Output">
        <dialogReference>&lt;p&gt;Range&lt;/p&gt;&lt;p&gt;Choice&lt;/p&gt;&lt;p&gt;Available Choices:&lt;/p&gt;&lt;p&gt;[0] overall&lt;/p&gt;&lt;p&gt;[1] cell&lt;/p&gt;&lt;p&gt;Default: 1&lt;/p&gt;&lt;p&gt;Minimum and maximum values used to define the histogram classes.&lt;/p&gt;</dialogReference>
      </param>
      <param name="CUMULATIVE" displayname="Cumulative" type="Optional" direction="Output">
        <dialogReference>&lt;p&gt;Cumulative&lt;/p&gt;&lt;p&gt;Boolean&lt;/p&gt;&lt;p&gt;Default: 0&lt;/p&gt;</dialogReference>
      </param>
      <param name="QUANTILES" displayname="Percentiles" type="Optional" direction="Output">
        <dialogReference>&lt;p&gt;Percentiles&lt;/p&gt;&lt;p&gt;Grid list, output, optional&lt;/p&gt;&lt;p&gt;optional&lt;/p&gt;</dialogReference>
      </param>
      <param name="QUANTVALS" displayname="Percentiles" type="Optional" direction="Output">
        <dialogReference>&lt;p&gt;Percentiles&lt;/p&gt;&lt;p&gt;Text&lt;/p&gt;&lt;p&gt;Default: 5; 25; 50; 75; 95&lt;/p&gt;&lt;p&gt;Separate the desired percentiles by semicolon&lt;/p&gt;</dialogReference>
      </param>
    </parameters>
    <summary>Calculates statistical properties (arithmetic mean, minimum, maximum, variance, standard deviation) for each cell position for the values of the selected grids. This tool works file based to allow the processing of a large number of grids. </summary>
  </tool>
  <dataIdInfo>
    <idCitation>
      <resTitle>O.Conrad (c) 2018</resTitle>
    </idCitation>
    <idCredit>Conrad, O., Bechtel, B., Bock, M., Dietrich, H., Fischer, E., Gerlitz, L., Wehberg, J., Wichmann, V., and Boehner, J. (2015): System for Automated Geoscientific Analyses (SAGA) v. 2.1.4, Geosci. Model Dev., 8, 1991-2007, doi:10.5194/gmd-8-1991-2015. [SAGA - System for Automated Geoscientific Analyses - saga-gis.org] </idCredit>
    <searchKeys>
      <SAGA></SAGA>
    </searchKeys>
  </dataIdInfo>
</metadata>
