<?xml version="1.0" encoding="UTF-8"?>
<metadata xml:lang="en">
  <Esri>
    <CreaDate>20150910</CreaDate>
    <CreaTime>11550000</CreaTime>
    <ArcGISFormat>1.0</ArcGISFormat>
    <SyncOnce>TRUE</SyncOnce>
    <ArcGISProfile>ItemDescription</ArcGISProfile>
  </Esri>
  <tool name="tool_4" displayname="Variogram (Dialog)">
    <parameters>
      <param name="POINTS" displayname="Points" type="Required" direction="Input">
        <dialogReference>&lt;p&gt;Points&lt;/p&gt;&lt;p&gt;Shapes, input&lt;/p&gt;</dialogReference>
      </param>
      <param name="ATTRIBUTE" displayname="Attribute" type="Optional" direction="Output">
        <dialogReference>&lt;p&gt;Attribute&lt;/p&gt;&lt;p&gt;Table field&lt;/p&gt;</dialogReference>
      </param>
      <param name="VARIOGRAM" displayname="Variogram" type="Required" direction="Output">
        <dialogReference>&lt;p&gt;Variogram&lt;/p&gt;&lt;p&gt;Table, output&lt;/p&gt;</dialogReference>
      </param>
      <param name="LOG" displayname="Logarithmic Transformation" type="Optional" direction="Output">
        <dialogReference>&lt;p&gt;Logarithmic Transformation&lt;/p&gt;&lt;p&gt;Boolean&lt;/p&gt;&lt;p&gt;Default: 0&lt;/p&gt;</dialogReference>
      </param>
      <param name="VAR_MAXDIST" displayname="Maximum Distance" type="Optional" direction="Output">
        <dialogReference>&lt;p&gt;Maximum Distance&lt;/p&gt;&lt;p&gt;Floating point, CMD&lt;/p&gt;&lt;p&gt;Default: -1.000000&lt;/p&gt;</dialogReference>
      </param>
      <param name="VAR_NCLASSES" displayname="Lag Distance Classes" type="Optional" direction="Output">
        <dialogReference>&lt;p&gt;Lag Distance Classes&lt;/p&gt;&lt;p&gt;Integer, CMD&lt;/p&gt;&lt;p&gt;Minimum: 1&lt;/p&gt;&lt;p&gt;Default: 100&lt;/p&gt;&lt;p&gt;initial number of lag distance classes&lt;/p&gt;</dialogReference>
      </param>
      <param name="VAR_NSKIP" displayname="Skip" type="Optional" direction="Output">
        <dialogReference>&lt;p&gt;Skip&lt;/p&gt;&lt;p&gt;Integer, CMD&lt;/p&gt;&lt;p&gt;Minimum: 1&lt;/p&gt;&lt;p&gt;Default: 1&lt;/p&gt;</dialogReference>
      </param>
      <param name="VAR_MODEL" displayname="Model" type="Optional" direction="Output">
        <dialogReference>&lt;p&gt;Model&lt;/p&gt;&lt;p&gt;Text, CMD&lt;/p&gt;&lt;p&gt;Default: a + b * x&lt;/p&gt;</dialogReference>
      </param>
    </parameters>
    <summary>Variogram (Dialog)</summary>
  </tool>
  <dataIdInfo>
    <idCitation>
      <resTitle>O.Conrad (c) 2009</resTitle>
    </idCitation>
    <idCredit>Conrad, O., Bechtel, B., Bock, M., Dietrich, H., Fischer, E., Gerlitz, L., Wehberg, J., Wichmann, V., and Boehner, J. (2015): System for Automated Geoscientific Analyses (SAGA) v. 2.1.4, Geosci. Model Dev., 8, 1991-2007, doi:10.5194/gmd-8-1991-2015. [SAGA - System for Automated Geoscientific Analyses - saga-gis.org] </idCredit>
    <searchKeys>
      <SAGA></SAGA>
    </searchKeys>
  </dataIdInfo>
</metadata>
