<?xml version="1.0" encoding="UTF-8"?>
<metadata xml:lang="en">
  <Esri>
    <CreaDate>20150910</CreaDate>
    <CreaTime>11550000</CreaTime>
    <ArcGISFormat>1.0</ArcGISFormat>
    <SyncOnce>TRUE</SyncOnce>
    <ArcGISProfile>ItemDescription</ArcGISProfile>
  </Esri>
  <tool name="tool_4" displayname="Spatial Point Pattern Analysis">
    <parameters>
      <param name="POINTS" displayname="Points" type="Required" direction="Input">
        <dialogReference>&lt;p&gt;Points&lt;/p&gt;&lt;p&gt;Shapes, input&lt;/p&gt;</dialogReference>
      </param>
      <param name="WEIGHT" displayname="Weight" type="Optional" direction="Output">
        <dialogReference>&lt;p&gt;Weight&lt;/p&gt;&lt;p&gt;Table field&lt;/p&gt;&lt;p&gt;optional&lt;/p&gt;</dialogReference>
      </param>
      <param name="CENTRE" displayname="Mean Centre" type="Required" direction="Output">
        <dialogReference>&lt;p&gt;Mean Centre&lt;/p&gt;&lt;p&gt;Shapes, output&lt;/p&gt;</dialogReference>
      </param>
      <param name="STDDIST" displayname="Standard Distance" type="Required" direction="Output">
        <dialogReference>&lt;p&gt;Standard Distance&lt;/p&gt;&lt;p&gt;Shapes, output&lt;/p&gt;</dialogReference>
      </param>
      <param name="STEP" displayname="Vertex Distance [Degree]" type="Optional" direction="Output">
        <dialogReference>&lt;p&gt;Vertex Distance [Degree]&lt;/p&gt;&lt;p&gt;Floating point&lt;/p&gt;&lt;p&gt;Minimum: 0.100000&lt;/p&gt;&lt;p&gt;Maximum: 20.000000&lt;/p&gt;&lt;p&gt;Default: 5.000000&lt;/p&gt;</dialogReference>
      </param>
      <param name="BBOX" displayname="Bounding Box" type="Required" direction="Output">
        <dialogReference>&lt;p&gt;Bounding Box&lt;/p&gt;&lt;p&gt;Shapes, output&lt;/p&gt;</dialogReference>
      </param>
    </parameters>
    <summary>Basic measures for spatial point patterns.</summary>
  </tool>
  <dataIdInfo>
    <idCitation>
      <resTitle>O.Conrad (c) 2010</resTitle>
    </idCitation>
    <idCredit>Conrad, O., Bechtel, B., Bock, M., Dietrich, H., Fischer, E., Gerlitz, L., Wehberg, J., Wichmann, V., and Boehner, J. (2015): System for Automated Geoscientific Analyses (SAGA) v. 2.1.4, Geosci. Model Dev., 8, 1991-2007, doi:10.5194/gmd-8-1991-2015. [SAGA - System for Automated Geoscientific Analyses - saga-gis.org] </idCredit>
    <searchKeys>
      <SAGA></SAGA>
    </searchKeys>
  </dataIdInfo>
</metadata>
