<?xml version="1.0" encoding="UTF-8"?>
<metadata xml:lang="en">
  <Esri>
    <CreaDate>20150910</CreaDate>
    <CreaTime>11550000</CreaTime>
    <ArcGISFormat>1.0</ArcGISFormat>
    <SyncOnce>TRUE</SyncOnce>
    <ArcGISProfile>ItemDescription</ArcGISProfile>
  </Esri>
  <tool name="tool_9" displayname="Cellwise Trend for Grids">
    <parameters>
      <param name="Y_GRIDS" displayname="Dependent Variables" type="Required" direction="Input">
        <dialogReference>&lt;p&gt;Dependent Variables&lt;/p&gt;&lt;p&gt;Grid list, input&lt;/p&gt;</dialogReference>
      </param>
      <param name="COEFF" displayname="Polynomial Coefficients" type="Required" direction="Output">
        <dialogReference>&lt;p&gt;Polynomial Coefficients&lt;/p&gt;&lt;p&gt;Grid list, output&lt;/p&gt;</dialogReference>
      </param>
      <param name="R" displayname="Regression Coefficient" type="Optional" direction="Output">
        <dialogReference>&lt;p&gt;Regression Coefficient&lt;/p&gt;&lt;p&gt;Grid, output, optional&lt;/p&gt;&lt;p&gt;optional&lt;/p&gt;</dialogReference>
      </param>
      <param name="R2" displayname="Determination Coefficient" type="Optional" direction="Output">
        <dialogReference>&lt;p&gt;Determination Coefficient&lt;/p&gt;&lt;p&gt;Grid, output, optional&lt;/p&gt;&lt;p&gt;optional&lt;/p&gt;</dialogReference>
      </param>
      <param name="R2ADJ" displayname="Adjusted Determination Coefficient" type="Optional" direction="Output">
        <dialogReference>&lt;p&gt;Adjusted Determination Coefficient&lt;/p&gt;&lt;p&gt;Grid, output, optional&lt;/p&gt;&lt;p&gt;optional&lt;/p&gt;</dialogReference>
      </param>
      <param name="P" displayname="Significance Level" type="Optional" direction="Output">
        <dialogReference>&lt;p&gt;Significance Level&lt;/p&gt;&lt;p&gt;Grid, output, optional&lt;/p&gt;&lt;p&gt;optional&lt;/p&gt;</dialogReference>
      </param>
      <param name="STDERR" displayname="Standard Error" type="Optional" direction="Output">
        <dialogReference>&lt;p&gt;Standard Error&lt;/p&gt;&lt;p&gt;Grid, output, optional&lt;/p&gt;&lt;p&gt;optional&lt;/p&gt;</dialogReference>
      </param>
      <param name="LINEAR" displayname="Linear Trend" type="Optional" direction="Output">
        <dialogReference>&lt;p&gt;Linear Trend&lt;/p&gt;&lt;p&gt;Boolean&lt;/p&gt;&lt;p&gt;Default: 1&lt;/p&gt;</dialogReference>
      </param>
      <param name="ORDER" displayname="Polynomial Order" type="Optional" direction="Output">
        <dialogReference>&lt;p&gt;Polynomial Order&lt;/p&gt;&lt;p&gt;Integer&lt;/p&gt;&lt;p&gt;Minimum: 1&lt;/p&gt;&lt;p&gt;Default: 2&lt;/p&gt;&lt;p&gt;Order of the polynomial trend function.&lt;/p&gt;</dialogReference>
      </param>
      <param name="XSOURCE" displayname="Get Independent Variable from ..." type="Optional" direction="Output">
        <dialogReference>&lt;p&gt;Get Independent Variable from ...&lt;/p&gt;&lt;p&gt;Choice&lt;/p&gt;&lt;p&gt;Available Choices:&lt;/p&gt;&lt;p&gt;[0] list order&lt;/p&gt;&lt;p&gt;[1] table&lt;/p&gt;&lt;p&gt;[2] grid list&lt;/p&gt;&lt;p&gt;Default: 0&lt;/p&gt;</dialogReference>
      </param>
      <param name="X_TABLE" displayname="Independent Variable (per Grid)" type="Optional" direction="Output">
        <dialogReference>&lt;p&gt;Independent Variable (per Grid)&lt;/p&gt;&lt;p&gt;Static table&lt;/p&gt;&lt;p&gt;1 Fields:&lt;/p&gt;&lt;p&gt;- 1. [8 byte floating point number] Value&lt;/p&gt;&lt;p&gt;&lt;/p&gt;</dialogReference>
      </param>
      <param name="X_GRIDS" displayname="Independent Variable (per Grid and Cell)" type="Optional" direction="Input">
        <dialogReference>&lt;p&gt;Independent Variable (per Grid and Cell)&lt;/p&gt;&lt;p&gt;Grid list, input, optional&lt;/p&gt;&lt;p&gt;optional&lt;/p&gt;</dialogReference>
      </param>
    </parameters>
    <summary>Fits for each cell a polynomial trend function. Outputs are the polynomial coefficients for the polynomial trend function of chosen order. </summary>
  </tool>
  <dataIdInfo>
    <idCitation>
      <resTitle>O.Conrad (c) 2011</resTitle>
    </idCitation>
    <idCredit>Conrad, O., Bechtel, B., Bock, M., Dietrich, H., Fischer, E., Gerlitz, L., Wehberg, J., Wichmann, V., and Boehner, J. (2015): System for Automated Geoscientific Analyses (SAGA) v. 2.1.4, Geosci. Model Dev., 8, 1991-2007, doi:10.5194/gmd-8-1991-2015. [SAGA - System for Automated Geoscientific Analyses - saga-gis.org] </idCredit>
    <searchKeys>
      <SAGA></SAGA>
    </searchKeys>
  </dataIdInfo>
</metadata>
