<?xml version="1.0" encoding="UTF-8"?>
<metadata xml:lang="en">
  <Esri>
    <CreaDate>20150910</CreaDate>
    <CreaTime>11550000</CreaTime>
    <ArcGISFormat>1.0</ArcGISFormat>
    <SyncOnce>TRUE</SyncOnce>
    <ArcGISProfile>ItemDescription</ArcGISProfile>
  </Esri>
  <tool name="tool_6" displayname="Ordinary Kriging (3D)">
    <parameters>
      <param name="POINTS" displayname="Points" type="Required" direction="Input">
        <dialogReference>&lt;p&gt;Points&lt;/p&gt;&lt;p&gt;Shapes, input&lt;/p&gt;</dialogReference>
      </param>
      <param name="Z_FIELD" displayname="Z" type="Optional" direction="Output">
        <dialogReference>&lt;p&gt;Z&lt;/p&gt;&lt;p&gt;Table field&lt;/p&gt;</dialogReference>
      </param>
      <param name="Z_SCALE" displayname="Z Factor" type="Optional" direction="Output">
        <dialogReference>&lt;p&gt;Z Factor&lt;/p&gt;&lt;p&gt;Floating point&lt;/p&gt;&lt;p&gt;Default: 1.000000&lt;/p&gt;</dialogReference>
      </param>
      <param name="FIELD" displayname="Attribute" type="Optional" direction="Output">
        <dialogReference>&lt;p&gt;Attribute&lt;/p&gt;&lt;p&gt;Table field&lt;/p&gt;</dialogReference>
      </param>
      <param name="TARGET_USER_SIZE" displayname="Cellsize" type="Optional" direction="Output">
        <dialogReference>&lt;p&gt;Cellsize&lt;/p&gt;&lt;p&gt;Floating point&lt;/p&gt;&lt;p&gt;Minimum: 0.000000&lt;/p&gt;&lt;p&gt;Default: 1.000000&lt;/p&gt;</dialogReference>
      </param>
      <param name="TARGET_USER_ZSIZE" displayname="Cellsize" type="Optional" direction="Output">
        <dialogReference>&lt;p&gt;Cellsize&lt;/p&gt;&lt;p&gt;Floating point&lt;/p&gt;&lt;p&gt;Minimum: 0.000000&lt;/p&gt;&lt;p&gt;Default: 1.000000&lt;/p&gt;</dialogReference>
      </param>
      <param name="TARGET_USER_ZMIN" displayname="Bottom" type="Optional" direction="Output">
        <dialogReference>&lt;p&gt;Bottom&lt;/p&gt;&lt;p&gt;Floating point&lt;/p&gt;&lt;p&gt;Default: 0.000000&lt;/p&gt;</dialogReference>
      </param>
      <param name="TARGET_USER_ZMAX" displayname="Top" type="Optional" direction="Output">
        <dialogReference>&lt;p&gt;Top&lt;/p&gt;&lt;p&gt;Floating point&lt;/p&gt;&lt;p&gt;Default: 100.000000&lt;/p&gt;</dialogReference>
      </param>
      <param name="TARGET_USER_ZNUM" displayname="Levels" type="Optional" direction="Output">
        <dialogReference>&lt;p&gt;Levels&lt;/p&gt;&lt;p&gt;Integer&lt;/p&gt;&lt;p&gt;Minimum: 1&lt;/p&gt;&lt;p&gt;Default: 101&lt;/p&gt;</dialogReference>
      </param>
      <param name="TQUALITY" displayname="Error Measure" type="Optional" direction="Output">
        <dialogReference>&lt;p&gt;Error Measure&lt;/p&gt;&lt;p&gt;Choice&lt;/p&gt;&lt;p&gt;Available Choices:&lt;/p&gt;&lt;p&gt;[0] Standard Deviation&lt;/p&gt;&lt;p&gt;[1] Variance&lt;/p&gt;&lt;p&gt;Default: 1&lt;/p&gt;</dialogReference>
      </param>
      <param name="VAR_MAXDIST" displayname="Maximum Distance" type="Optional" direction="Output">
        <dialogReference>&lt;p&gt;Maximum Distance&lt;/p&gt;&lt;p&gt;Floating point, CMD&lt;/p&gt;&lt;p&gt;Minimum: 0.000000&lt;/p&gt;&lt;p&gt;Default: 0.000000&lt;/p&gt;&lt;p&gt;maximum distance for variogram estimation, ignored if set to zero&lt;/p&gt;</dialogReference>
      </param>
      <param name="VAR_NCLASSES" displayname="Lag Distance Classes" type="Optional" direction="Output">
        <dialogReference>&lt;p&gt;Lag Distance Classes&lt;/p&gt;&lt;p&gt;Integer, CMD&lt;/p&gt;&lt;p&gt;Minimum: 1&lt;/p&gt;&lt;p&gt;Default: 100&lt;/p&gt;&lt;p&gt;initial number of lag distance classes&lt;/p&gt;</dialogReference>
      </param>
      <param name="VAR_NSKIP" displayname="Skip" type="Optional" direction="Output">
        <dialogReference>&lt;p&gt;Skip&lt;/p&gt;&lt;p&gt;Integer, CMD&lt;/p&gt;&lt;p&gt;Minimum: 1&lt;/p&gt;&lt;p&gt;Default: 1&lt;/p&gt;</dialogReference>
      </param>
      <param name="VAR_MODEL" displayname="Model" type="Optional" direction="Output">
        <dialogReference>&lt;p&gt;Model&lt;/p&gt;&lt;p&gt;Text, CMD&lt;/p&gt;&lt;p&gt;Default: a + b * x&lt;/p&gt;</dialogReference>
      </param>
      <param name="LOG" displayname="Logarithmic Transformation" type="Optional" direction="Output">
        <dialogReference>&lt;p&gt;Logarithmic Transformation&lt;/p&gt;&lt;p&gt;Boolean&lt;/p&gt;&lt;p&gt;Default: 0&lt;/p&gt;</dialogReference>
      </param>
      <param name="BLOCK" displayname="Block Kriging" type="Optional" direction="Output">
        <dialogReference>&lt;p&gt;Block Kriging&lt;/p&gt;&lt;p&gt;Boolean&lt;/p&gt;&lt;p&gt;Default: 0&lt;/p&gt;</dialogReference>
      </param>
      <param name="DBLOCK" displayname="Block Size" type="Optional" direction="Output">
        <dialogReference>&lt;p&gt;Block Size&lt;/p&gt;&lt;p&gt;Floating point&lt;/p&gt;&lt;p&gt;Minimum: 0.000000&lt;/p&gt;&lt;p&gt;Default: 100.000000&lt;/p&gt;&lt;p&gt;Edge length [map units]&lt;/p&gt;</dialogReference>
      </param>
      <param name="CV_METHOD" displayname="Cross Validation" type="Optional" direction="Output">
        <dialogReference>&lt;p&gt;Cross Validation&lt;/p&gt;&lt;p&gt;Choice&lt;/p&gt;&lt;p&gt;Available Choices:&lt;/p&gt;&lt;p&gt;[0] none&lt;/p&gt;&lt;p&gt;[1] leave one out&lt;/p&gt;&lt;p&gt;[2] 2-fold&lt;/p&gt;&lt;p&gt;[3] k-fold&lt;/p&gt;&lt;p&gt;Default: 0&lt;/p&gt;</dialogReference>
      </param>
      <param name="CV_SUMMARY" displayname="Cross Validation Summary" type="Optional" direction="Output">
        <dialogReference>&lt;p&gt;Cross Validation Summary&lt;/p&gt;&lt;p&gt;Table, output, optional&lt;/p&gt;&lt;p&gt;optional&lt;/p&gt;</dialogReference>
      </param>
      <param name="CV_RESIDUALS" displayname="Cross Validation Residuals" type="Optional" direction="Output">
        <dialogReference>&lt;p&gt;Cross Validation Residuals&lt;/p&gt;&lt;p&gt;Shapes, output, optional&lt;/p&gt;&lt;p&gt;optional&lt;/p&gt;</dialogReference>
      </param>
      <param name="CV_SAMPLES" displayname="Cross Validation Subsamples" type="Optional" direction="Output">
        <dialogReference>&lt;p&gt;Cross Validation Subsamples&lt;/p&gt;&lt;p&gt;Integer&lt;/p&gt;&lt;p&gt;Minimum: 2&lt;/p&gt;&lt;p&gt;Default: 10&lt;/p&gt;&lt;p&gt;number of subsamples for k-fold cross validation&lt;/p&gt;</dialogReference>
      </param>
      <param name="SEARCH_RANGE" displayname="Search Range" type="Optional" direction="Output">
        <dialogReference>&lt;p&gt;Search Range&lt;/p&gt;&lt;p&gt;Choice&lt;/p&gt;&lt;p&gt;Available Choices:&lt;/p&gt;&lt;p&gt;[0] local&lt;/p&gt;&lt;p&gt;[1] global&lt;/p&gt;&lt;p&gt;Default: 1&lt;/p&gt;</dialogReference>
      </param>
      <param name="SEARCH_RADIUS" displayname="Maximum Search Distance" type="Optional" direction="Output">
        <dialogReference>&lt;p&gt;Maximum Search Distance&lt;/p&gt;&lt;p&gt;Floating point&lt;/p&gt;&lt;p&gt;Minimum: 0.000000&lt;/p&gt;&lt;p&gt;Default: 1000.000000&lt;/p&gt;&lt;p&gt;local maximum search distance given in map units&lt;/p&gt;</dialogReference>
      </param>
      <param name="SEARCH_POINTS_ALL" displayname="Number of Points" type="Optional" direction="Output">
        <dialogReference>&lt;p&gt;Number of Points&lt;/p&gt;&lt;p&gt;Choice&lt;/p&gt;&lt;p&gt;Available Choices:&lt;/p&gt;&lt;p&gt;[0] maximum number of nearest points&lt;/p&gt;&lt;p&gt;[1] all points within search distance&lt;/p&gt;&lt;p&gt;Default: 1&lt;/p&gt;</dialogReference>
      </param>
      <param name="SEARCH_POINTS_MIN" displayname="Minimum" type="Optional" direction="Output">
        <dialogReference>&lt;p&gt;Minimum&lt;/p&gt;&lt;p&gt;Integer&lt;/p&gt;&lt;p&gt;Minimum: 1&lt;/p&gt;&lt;p&gt;Default: 16&lt;/p&gt;&lt;p&gt;minimum number of points to use&lt;/p&gt;</dialogReference>
      </param>
      <param name="SEARCH_POINTS_MAX" displayname="Maximum" type="Optional" direction="Output">
        <dialogReference>&lt;p&gt;Maximum&lt;/p&gt;&lt;p&gt;Integer&lt;/p&gt;&lt;p&gt;Minimum: 1&lt;/p&gt;&lt;p&gt;Default: 20&lt;/p&gt;&lt;p&gt;maximum number of nearest points&lt;/p&gt;</dialogReference>
      </param>
    </parameters>
    <summary>Ordinary Kriging interpolation for 3-dimensional data points. Output will be a grid collection with evenly spaced Z-levels representing the 3rd dimension. </summary>
  </tool>
  <dataIdInfo>
    <idCitation>
      <resTitle>O.Conrad (c) 2019</resTitle>
    </idCitation>
    <idCredit>Conrad, O., Bechtel, B., Bock, M., Dietrich, H., Fischer, E., Gerlitz, L., Wehberg, J., Wichmann, V., and Boehner, J. (2015): System for Automated Geoscientific Analyses (SAGA) v. 2.1.4, Geosci. Model Dev., 8, 1991-2007, doi:10.5194/gmd-8-1991-2015. [SAGA - System for Automated Geoscientific Analyses - saga-gis.org] </idCredit>
    <searchKeys>
      <SAGA></SAGA>
    </searchKeys>
  </dataIdInfo>
</metadata>
