<?xml version="1.0" encoding="UTF-8"?>
<metadata xml:lang="en">
  <Esri>
    <CreaDate>20150910</CreaDate>
    <CreaTime>11550000</CreaTime>
    <ArcGISFormat>1.0</ArcGISFormat>
    <SyncOnce>TRUE</SyncOnce>
    <ArcGISProfile>ItemDescription</ArcGISProfile>
  </Esri>
  <tool name="tool_1" displayname="Multiple Regression Analysis (Points and Predictor Grids)">
    <parameters>
      <param name="PREDICTORS" displayname="Predictors" type="Required" direction="Input">
        <dialogReference>&lt;p&gt;Predictors&lt;/p&gt;&lt;p&gt;Grid list, input&lt;/p&gt;</dialogReference>
      </param>
      <param name="POINTS" displayname="Points" type="Required" direction="Input">
        <dialogReference>&lt;p&gt;Points&lt;/p&gt;&lt;p&gt;Shapes, input&lt;/p&gt;</dialogReference>
      </param>
      <param name="ATTRIBUTE" displayname="Dependent Variable" type="Optional" direction="Output">
        <dialogReference>&lt;p&gt;Dependent Variable&lt;/p&gt;&lt;p&gt;Table field&lt;/p&gt;</dialogReference>
      </param>
      <param name="INFO_COEFF" displayname="Details: Coefficients" type="Optional" direction="Output">
        <dialogReference>&lt;p&gt;Details: Coefficients&lt;/p&gt;&lt;p&gt;Table, output, optional&lt;/p&gt;&lt;p&gt;optional&lt;/p&gt;</dialogReference>
      </param>
      <param name="INFO_MODEL" displayname="Details: Model" type="Optional" direction="Output">
        <dialogReference>&lt;p&gt;Details: Model&lt;/p&gt;&lt;p&gt;Table, output, optional&lt;/p&gt;&lt;p&gt;optional&lt;/p&gt;</dialogReference>
      </param>
      <param name="INFO_STEPS" displayname="Details: Steps" type="Optional" direction="Output">
        <dialogReference>&lt;p&gt;Details: Steps&lt;/p&gt;&lt;p&gt;Table, output, optional&lt;/p&gt;&lt;p&gt;optional&lt;/p&gt;</dialogReference>
      </param>
      <param name="RESIDUALS" displayname="Residuals" type="Optional" direction="Output">
        <dialogReference>&lt;p&gt;Residuals&lt;/p&gt;&lt;p&gt;Shapes, output, optional&lt;/p&gt;&lt;p&gt;optional&lt;/p&gt;</dialogReference>
      </param>
      <param name="REGRESSION" displayname="Regression" type="Required" direction="Output">
        <dialogReference>&lt;p&gt;Regression&lt;/p&gt;&lt;p&gt;Grid, output&lt;/p&gt;&lt;p&gt;regression model applied to predictor grids&lt;/p&gt;</dialogReference>
      </param>
      <param name="REGRESCORR" displayname="Regression with Residual Correction" type="Optional" direction="Output">
        <dialogReference>&lt;p&gt;Regression with Residual Correction&lt;/p&gt;&lt;p&gt;Grid, output, optional&lt;/p&gt;&lt;p&gt;optional&lt;/p&gt;&lt;p&gt;regression model applied to predictor grids with interpolated residuals added&lt;/p&gt;</dialogReference>
      </param>
      <param name="RESAMPLING" displayname="Resampling" type="Optional" direction="Output">
        <dialogReference>&lt;p&gt;Resampling&lt;/p&gt;&lt;p&gt;Choice&lt;/p&gt;&lt;p&gt;Available Choices:&lt;/p&gt;&lt;p&gt;[0] Nearest Neighbour&lt;/p&gt;&lt;p&gt;[1] Bilinear Interpolation&lt;/p&gt;&lt;p&gt;[2] Bicubic Spline Interpolation&lt;/p&gt;&lt;p&gt;[3] B-Spline Interpolation&lt;/p&gt;&lt;p&gt;Default: 3&lt;/p&gt;</dialogReference>
      </param>
      <param name="COORD_X" displayname="Include X Coordinate" type="Optional" direction="Output">
        <dialogReference>&lt;p&gt;Include X Coordinate&lt;/p&gt;&lt;p&gt;Boolean&lt;/p&gt;&lt;p&gt;Default: 0&lt;/p&gt;</dialogReference>
      </param>
      <param name="COORD_Y" displayname="Include Y Coordinate" type="Optional" direction="Output">
        <dialogReference>&lt;p&gt;Include Y Coordinate&lt;/p&gt;&lt;p&gt;Boolean&lt;/p&gt;&lt;p&gt;Default: 0&lt;/p&gt;</dialogReference>
      </param>
      <param name="INTERCEPT" displayname="Intercept" type="Optional" direction="Output">
        <dialogReference>&lt;p&gt;Intercept&lt;/p&gt;&lt;p&gt;Boolean&lt;/p&gt;&lt;p&gt;Default: 1&lt;/p&gt;</dialogReference>
      </param>
      <param name="METHOD" displayname="Method" type="Optional" direction="Output">
        <dialogReference>&lt;p&gt;Method&lt;/p&gt;&lt;p&gt;Choice&lt;/p&gt;&lt;p&gt;Available Choices:&lt;/p&gt;&lt;p&gt;[0] include all&lt;/p&gt;&lt;p&gt;[1] forward&lt;/p&gt;&lt;p&gt;[2] backward&lt;/p&gt;&lt;p&gt;[3] stepwise&lt;/p&gt;&lt;p&gt;Default: 3&lt;/p&gt;</dialogReference>
      </param>
      <param name="P_VALUE" displayname="Significance Level" type="Optional" direction="Output">
        <dialogReference>&lt;p&gt;Significance Level&lt;/p&gt;&lt;p&gt;Floating point&lt;/p&gt;&lt;p&gt;Minimum: 0.000000&lt;/p&gt;&lt;p&gt;Maximum: 100.000000&lt;/p&gt;&lt;p&gt;Default: 5.000000&lt;/p&gt;&lt;p&gt;Significance level (aka p-value) as threshold for automated predictor selection, given as percentage&lt;/p&gt;</dialogReference>
      </param>
      <param name="CROSSVAL" displayname="Cross Validation" type="Optional" direction="Output">
        <dialogReference>&lt;p&gt;Cross Validation&lt;/p&gt;&lt;p&gt;Choice&lt;/p&gt;&lt;p&gt;Available Choices:&lt;/p&gt;&lt;p&gt;[0] none&lt;/p&gt;&lt;p&gt;[1] leave one out&lt;/p&gt;&lt;p&gt;[2] 2-fold&lt;/p&gt;&lt;p&gt;[3] k-fold&lt;/p&gt;&lt;p&gt;Default: 0&lt;/p&gt;</dialogReference>
      </param>
      <param name="CROSSVAL_K" displayname="Cross Validation Subsamples" type="Optional" direction="Output">
        <dialogReference>&lt;p&gt;Cross Validation Subsamples&lt;/p&gt;&lt;p&gt;Integer&lt;/p&gt;&lt;p&gt;Minimum: 2&lt;/p&gt;&lt;p&gt;Default: 10&lt;/p&gt;&lt;p&gt;number of subsamples for k-fold cross validation&lt;/p&gt;</dialogReference>
      </param>
      <param name="RESIDUAL_COR" displayname="Residual Interpolation" type="Optional" direction="Output">
        <dialogReference>&lt;p&gt;Residual Interpolation&lt;/p&gt;&lt;p&gt;Choice&lt;/p&gt;&lt;p&gt;Available Choices:&lt;/p&gt;&lt;p&gt;[0] Multilevel B-Spline Interpolation&lt;/p&gt;&lt;p&gt;[1] Inverse Distance Weighted&lt;/p&gt;&lt;p&gt;Default: 0&lt;/p&gt;</dialogReference>
      </param>
    </parameters>
    <summary>Linear regression analysis of point attributes with multiple grids. Details of the regression/correlation analysis will be saved to a table. The regression function is used to create a new grid with regression based values. The multiple regression analysis uses a forward selection procedure.</summary>
  </tool>
  <dataIdInfo>
    <idCitation>
      <resTitle>O.Conrad (c) 2004</resTitle>
    </idCitation>
    <idCredit>Conrad, O., Bechtel, B., Bock, M., Dietrich, H., Fischer, E., Gerlitz, L., Wehberg, J., Wichmann, V., and Boehner, J. (2015): System for Automated Geoscientific Analyses (SAGA) v. 2.1.4, Geosci. Model Dev., 8, 1991-2007, doi:10.5194/gmd-8-1991-2015. [SAGA - System for Automated Geoscientific Analyses - saga-gis.org] </idCredit>
    <searchKeys>
      <SAGA></SAGA>
    </searchKeys>
  </dataIdInfo>
</metadata>
