<?xml version="1.0" encoding="UTF-8"?>
<metadata xml:lang="en">
  <Esri>
    <CreaDate>20150910</CreaDate>
    <CreaTime>11550000</CreaTime>
    <ArcGISFormat>1.0</ArcGISFormat>
    <SyncOnce>TRUE</SyncOnce>
    <ArcGISProfile>ItemDescription</ArcGISProfile>
  </Esri>
  <tool name="tool_0" displayname="Fast Representativeness">
    <parameters>
      <param name="INPUT" displayname="Input" type="Required" direction="Input">
        <dialogReference>&lt;p&gt;Input&lt;/p&gt;&lt;p&gt;Grid, input&lt;/p&gt;&lt;p&gt;Input for tool calculations.&lt;/p&gt;</dialogReference>
      </param>
      <param name="RESULT" displayname="Output" type="Required" direction="Output">
        <dialogReference>&lt;p&gt;Output&lt;/p&gt;&lt;p&gt;Grid, output&lt;/p&gt;&lt;p&gt;Output of tool calculations.&lt;/p&gt;</dialogReference>
      </param>
      <param name="RESULT_LOD" displayname="Output Lod" type="Required" direction="Output">
        <dialogReference>&lt;p&gt;Output Lod&lt;/p&gt;&lt;p&gt;Grid, output&lt;/p&gt;&lt;p&gt;Output of tool calculations.&lt;/p&gt;</dialogReference>
      </param>
      <param name="SEEDS" displayname="Output Seeds" type="Required" direction="Output">
        <dialogReference>&lt;p&gt;Output Seeds&lt;/p&gt;&lt;p&gt;Grid, output&lt;/p&gt;&lt;p&gt;Output of tool calculations.&lt;/p&gt;</dialogReference>
      </param>
      <param name="LOD" displayname="Level of Generalisation" type="Optional" direction="Output">
        <dialogReference>&lt;p&gt;Level of Generalisation&lt;/p&gt;&lt;p&gt;Floating point&lt;/p&gt;&lt;p&gt;Default: 16.000000&lt;/p&gt;</dialogReference>
      </param>
    </parameters>
    <summary>A fast representativeness algorithm. Resulting seeds might be used with 'Fast Region Growing'.

References:
Boehner, J., Selige, T., Ringeler, A. (2006): Image segmentation using representativeness analysis and region growing. In: Boehner, J., McCloy, K.R., Strobl, J. [Eds.]:  SAGA _ Analysis and Modelling Applications. Goettinger Geographische Abhandlungen, Vol.115, &lt;a href="http://downloads.sourceforge.net/saga-gis/gga115_03.pdf"&gt;pdf&lt;/a&gt;
</summary>
  </tool>
  <dataIdInfo>
    <idCitation>
      <resTitle>A.Ringeler (c) 2009</resTitle>
    </idCitation>
    <idCredit>Conrad, O., Bechtel, B., Bock, M., Dietrich, H., Fischer, E., Gerlitz, L., Wehberg, J., Wichmann, V., and Boehner, J. (2015): System for Automated Geoscientific Analyses (SAGA) v. 2.1.4, Geosci. Model Dev., 8, 1991-2007, doi:10.5194/gmd-8-1991-2015. [SAGA - System for Automated Geoscientific Analyses - saga-gis.org] </idCredit>
    <searchKeys>
      <SAGA></SAGA>
    </searchKeys>
  </dataIdInfo>
</metadata>
