<?xml version="1.0" encoding="UTF-8"?>
<metadata xml:lang="en">
  <Esri>
    <CreaDate>20150910</CreaDate>
    <CreaTime>11550000</CreaTime>
    <ArcGISFormat>1.0</ArcGISFormat>
    <SyncOnce>TRUE</SyncOnce>
    <ArcGISProfile>ItemDescription</ArcGISProfile>
  </Esri>
  <tool name="tool_4" displayname="Statistics for Grids">
    <parameters>
      <param name="GRIDS" displayname="Values" type="Required" direction="Input">
        <dialogReference>&lt;p&gt;Values&lt;/p&gt;&lt;p&gt;Grid list, input&lt;/p&gt;</dialogReference>
      </param>
      <param name="WEIGHTS" displayname="Weights" type="Optional" direction="Input">
        <dialogReference>&lt;p&gt;Weights&lt;/p&gt;&lt;p&gt;Grid list, input, optional&lt;/p&gt;&lt;p&gt;optional&lt;/p&gt;</dialogReference>
      </param>
      <param name="RESAMPLING" displayname="Resampling" type="Optional" direction="Output">
        <dialogReference>&lt;p&gt;Resampling&lt;/p&gt;&lt;p&gt;Choice&lt;/p&gt;&lt;p&gt;Available Choices:&lt;/p&gt;&lt;p&gt;[0] Nearest Neighbour&lt;/p&gt;&lt;p&gt;[1] Bilinear Interpolation&lt;/p&gt;&lt;p&gt;[2] Bicubic Spline Interpolation&lt;/p&gt;&lt;p&gt;[3] B-Spline Interpolation&lt;/p&gt;&lt;p&gt;Default: 0&lt;/p&gt;</dialogReference>
      </param>
      <param name="MEAN" displayname="Arithmetic Mean" type="Optional" direction="Output">
        <dialogReference>&lt;p&gt;Arithmetic Mean&lt;/p&gt;&lt;p&gt;Grid, output, optional&lt;/p&gt;&lt;p&gt;optional&lt;/p&gt;</dialogReference>
      </param>
      <param name="MIN" displayname="Minimum" type="Optional" direction="Output">
        <dialogReference>&lt;p&gt;Minimum&lt;/p&gt;&lt;p&gt;Grid, output, optional&lt;/p&gt;&lt;p&gt;optional&lt;/p&gt;</dialogReference>
      </param>
      <param name="MAX" displayname="Maximum" type="Optional" direction="Output">
        <dialogReference>&lt;p&gt;Maximum&lt;/p&gt;&lt;p&gt;Grid, output, optional&lt;/p&gt;&lt;p&gt;optional&lt;/p&gt;</dialogReference>
      </param>
      <param name="RANGE" displayname="Range" type="Optional" direction="Output">
        <dialogReference>&lt;p&gt;Range&lt;/p&gt;&lt;p&gt;Grid, output, optional&lt;/p&gt;&lt;p&gt;optional&lt;/p&gt;</dialogReference>
      </param>
      <param name="SUM" displayname="Sum" type="Optional" direction="Output">
        <dialogReference>&lt;p&gt;Sum&lt;/p&gt;&lt;p&gt;Grid, output, optional&lt;/p&gt;&lt;p&gt;optional&lt;/p&gt;</dialogReference>
      </param>
      <param name="SUM2" displayname="Sum2" type="Optional" direction="Output">
        <dialogReference>&lt;p&gt;Sum2&lt;/p&gt;&lt;p&gt;Grid, output, optional&lt;/p&gt;&lt;p&gt;optional&lt;/p&gt;</dialogReference>
      </param>
      <param name="VAR" displayname="Variance" type="Optional" direction="Output">
        <dialogReference>&lt;p&gt;Variance&lt;/p&gt;&lt;p&gt;Grid, output, optional&lt;/p&gt;&lt;p&gt;optional&lt;/p&gt;</dialogReference>
      </param>
      <param name="STDDEV" displayname="Standard Deviation" type="Optional" direction="Output">
        <dialogReference>&lt;p&gt;Standard Deviation&lt;/p&gt;&lt;p&gt;Grid, output, optional&lt;/p&gt;&lt;p&gt;optional&lt;/p&gt;</dialogReference>
      </param>
      <param name="STDDEVLO" displayname="Mean less Standard Deviation" type="Optional" direction="Output">
        <dialogReference>&lt;p&gt;Mean less Standard Deviation&lt;/p&gt;&lt;p&gt;Grid, output, optional&lt;/p&gt;&lt;p&gt;optional&lt;/p&gt;</dialogReference>
      </param>
      <param name="STDDEVHI" displayname="Mean plus Standard Deviation" type="Optional" direction="Output">
        <dialogReference>&lt;p&gt;Mean plus Standard Deviation&lt;/p&gt;&lt;p&gt;Grid, output, optional&lt;/p&gt;&lt;p&gt;optional&lt;/p&gt;</dialogReference>
      </param>
      <param name="PCTL" displayname="Percentile" type="Optional" direction="Output">
        <dialogReference>&lt;p&gt;Percentile&lt;/p&gt;&lt;p&gt;Grid, output, optional&lt;/p&gt;&lt;p&gt;optional&lt;/p&gt;</dialogReference>
      </param>
      <param name="PCTL_VAL" displayname="Percentile" type="Optional" direction="Output">
        <dialogReference>&lt;p&gt;Percentile&lt;/p&gt;&lt;p&gt;Floating point&lt;/p&gt;&lt;p&gt;Minimum: 0.000000&lt;/p&gt;&lt;p&gt;Maximum: 100.000000&lt;/p&gt;&lt;p&gt;Default: 50.000000&lt;/p&gt;</dialogReference>
      </param>
    </parameters>
    <summary>Calculates statistical properties (arithmetic mean, minimum, maximum, variance, standard deviation) for each cell position for the values of the selected grids.
Optionally you can supply a list of grids with weights. If you want to use weights, the number of value and weight grids have to be the same Value and weight grids are associated by their order in the lists. Weight grids have not to share the grid system of the value grids. In case that no weight can be obtained from a weight grid for value, that value will be ignored. </summary>
  </tool>
  <dataIdInfo>
    <idCitation>
      <resTitle>O.Conrad (c) 2005</resTitle>
    </idCitation>
    <idCredit>Conrad, O., Bechtel, B., Bock, M., Dietrich, H., Fischer, E., Gerlitz, L., Wehberg, J., Wichmann, V., and Boehner, J. (2015): System for Automated Geoscientific Analyses (SAGA) v. 2.1.4, Geosci. Model Dev., 8, 1991-2007, doi:10.5194/gmd-8-1991-2015. [SAGA - System for Automated Geoscientific Analyses - saga-gis.org] </idCredit>
    <searchKeys>
      <SAGA></SAGA>
    </searchKeys>
  </dataIdInfo>
</metadata>
