<?xml version="1.0" encoding="UTF-8"?>
<metadata xml:lang="en">
  <Esri>
    <CreaDate>20150910</CreaDate>
    <CreaTime>11550000</CreaTime>
    <ArcGISFormat>1.0</ArcGISFormat>
    <SyncOnce>TRUE</SyncOnce>
    <ArcGISProfile>ItemDescription</ArcGISProfile>
  </Esri>
  <tool name="tool_12" displayname="Diurnal Anisotropic Heat">
    <parameters>
      <param name="DEM" displayname="Elevation" type="Required" direction="Input">
        <dialogReference>&lt;p&gt;Elevation&lt;/p&gt;&lt;p&gt;Grid, input&lt;/p&gt;</dialogReference>
      </param>
      <param name="DAH" displayname="Diurnal Anisotropic Heating" type="Required" direction="Output">
        <dialogReference>&lt;p&gt;Diurnal Anisotropic Heating&lt;/p&gt;&lt;p&gt;Grid, output&lt;/p&gt;</dialogReference>
      </param>
      <param name="ALPHA_MAX" displayname="Alpha Max (Degree)" type="Optional" direction="Output">
        <dialogReference>&lt;p&gt;Alpha Max (Degree)&lt;/p&gt;&lt;p&gt;Floating point&lt;/p&gt;&lt;p&gt;Minimum: 0.000000&lt;/p&gt;&lt;p&gt;Maximum: 360.000000&lt;/p&gt;&lt;p&gt;Default: 202.500000&lt;/p&gt;</dialogReference>
      </param>
    </parameters>
    <summary>This tool calculates a rather simple approximation of the anisotropic diurnal heat (Ha) distribution using the formula:
&lt;b&gt;Ha = cos(amax - a) * arctan(b)&lt;/b&gt;
where &lt;i&gt;amax&lt;/i&gt; defines the aspect with the maximum total heat surplus, &lt;i&gt;a&lt;/i&gt; is the slope aspect and &lt;i&gt;b&lt;/i&gt; is the slope angle. For more details see Boehner & Antonic (2009).</summary>
  </tool>
  <dataIdInfo>
    <idCitation>
      <resTitle>J.Boehner, O.Conrad (c) 2008</resTitle>
    </idCitation>
    <idCredit>Conrad, O., Bechtel, B., Bock, M., Dietrich, H., Fischer, E., Gerlitz, L., Wehberg, J., Wichmann, V., and Boehner, J. (2015): System for Automated Geoscientific Analyses (SAGA) v. 2.1.4, Geosci. Model Dev., 8, 1991-2007, doi:10.5194/gmd-8-1991-2015. [SAGA - System for Automated Geoscientific Analyses - saga-gis.org] </idCredit>
    <searchKeys>
      <SAGA></SAGA>
    </searchKeys>
  </dataIdInfo>
</metadata>
