<?xml version="1.0" encoding="UTF-8"?>
<metadata xml:lang="en">
  <Esri>
    <CreaDate>20150910</CreaDate>
    <CreaTime>11550000</CreaTime>
    <ArcGISFormat>1.0</ArcGISFormat>
    <SyncOnce>TRUE</SyncOnce>
    <ArcGISProfile>ItemDescription</ArcGISProfile>
  </Esri>
  <tool name="tool_10" displayname="Mass Balance Index">
    <parameters>
      <param name="DEM" displayname="Elevation" type="Required" direction="Input">
        <dialogReference>&lt;p&gt;Elevation&lt;/p&gt;&lt;p&gt;Grid, input&lt;/p&gt;</dialogReference>
      </param>
      <param name="HREL" displayname="Vertical Distance to Channel Network" type="Optional" direction="Input">
        <dialogReference>&lt;p&gt;Vertical Distance to Channel Network&lt;/p&gt;&lt;p&gt;Grid, input, optional&lt;/p&gt;&lt;p&gt;optional&lt;/p&gt;</dialogReference>
      </param>
      <param name="MBI" displayname="Mass Balance Index" type="Required" direction="Output">
        <dialogReference>&lt;p&gt;Mass Balance Index&lt;/p&gt;&lt;p&gt;Grid, output&lt;/p&gt;</dialogReference>
      </param>
      <param name="TSLOPE" displayname="T Slope" type="Optional" direction="Output">
        <dialogReference>&lt;p&gt;T Slope&lt;/p&gt;&lt;p&gt;Floating point&lt;/p&gt;&lt;p&gt;Minimum: 0.000000&lt;/p&gt;&lt;p&gt;Default: 15.000000&lt;/p&gt;</dialogReference>
      </param>
      <param name="TCURVE" displayname="T Curvature" type="Optional" direction="Output">
        <dialogReference>&lt;p&gt;T Curvature&lt;/p&gt;&lt;p&gt;Floating point&lt;/p&gt;&lt;p&gt;Minimum: 0.000000&lt;/p&gt;&lt;p&gt;Default: 0.010000&lt;/p&gt;</dialogReference>
      </param>
      <param name="THREL" displayname="T Vertical Distance to Channel Network" type="Optional" direction="Output">
        <dialogReference>&lt;p&gt;T Vertical Distance to Channel Network&lt;/p&gt;&lt;p&gt;Floating point&lt;/p&gt;&lt;p&gt;Minimum: 0.000000&lt;/p&gt;&lt;p&gt;Default: 15.000000&lt;/p&gt;</dialogReference>
      </param>
    </parameters>
    <summary>A mass balance index. </summary>
  </tool>
  <dataIdInfo>
    <idCitation>
      <resTitle>O.Conrad (c) 2008</resTitle>
    </idCitation>
    <idCredit>Conrad, O., Bechtel, B., Bock, M., Dietrich, H., Fischer, E., Gerlitz, L., Wehberg, J., Wichmann, V., and Boehner, J. (2015): System for Automated Geoscientific Analyses (SAGA) v. 2.1.4, Geosci. Model Dev., 8, 1991-2007, doi:10.5194/gmd-8-1991-2015. [SAGA - System for Automated Geoscientific Analyses - saga-gis.org] </idCredit>
    <searchKeys>
      <SAGA></SAGA>
    </searchKeys>
  </dataIdInfo>
</metadata>
