<?xml version="1.0" encoding="UTF-8"?>
<metadata xml:lang="en">
  <Esri>
    <CreaDate>20150910</CreaDate>
    <CreaTime>11550000</CreaTime>
    <ArcGISFormat>1.0</ArcGISFormat>
    <SyncOnce>TRUE</SyncOnce>
    <ArcGISProfile>ItemDescription</ArcGISProfile>
  </Esri>
  <tool name="tool_7" displayname="Potential Annual Insolation">
    <parameters>
      <param name="DEM" displayname="Elevation" type="Required" direction="Input">
        <dialogReference>&lt;p&gt;Elevation&lt;/p&gt;&lt;p&gt;Grid, input&lt;/p&gt;</dialogReference>
      </param>
      <param name="STEPS" displayname="Number of Steps" type="Optional" direction="Output">
        <dialogReference>&lt;p&gt;Number of Steps&lt;/p&gt;&lt;p&gt;Integer&lt;/p&gt;&lt;p&gt;Minimum: 2&lt;/p&gt;&lt;p&gt;Maximum: 365&lt;/p&gt;&lt;p&gt;Default: 14&lt;/p&gt;&lt;p&gt;Number of time steps per year.&lt;/p&gt;</dialogReference>
      </param>
      <param name="UNITS" displayname="Units" type="Optional" direction="Output">
        <dialogReference>&lt;p&gt;Units&lt;/p&gt;&lt;p&gt;Choice&lt;/p&gt;&lt;p&gt;Available Choices:&lt;/p&gt;&lt;p&gt;[0] kWh / m2&lt;/p&gt;&lt;p&gt;[1] kJ / m2&lt;/p&gt;&lt;p&gt;[2] J / cm2&lt;/p&gt;&lt;p&gt;Default: 0&lt;/p&gt;&lt;p&gt;Units for output radiation values.&lt;/p&gt;</dialogReference>
      </param>
      <param name="HOUR_STEP" displayname="Resolution [h]" type="Optional" direction="Output">
        <dialogReference>&lt;p&gt;Resolution [h]&lt;/p&gt;&lt;p&gt;Floating point&lt;/p&gt;&lt;p&gt;Minimum: 0.000000&lt;/p&gt;&lt;p&gt;Maximum: 24.000000&lt;/p&gt;&lt;p&gt;Default: 0.500000&lt;/p&gt;&lt;p&gt;Time step size for a day's calculation given in hours.&lt;/p&gt;</dialogReference>
      </param>
      <param name="YEAR" displayname="Reference Year" type="Optional" direction="Output">
        <dialogReference>&lt;p&gt;Reference Year&lt;/p&gt;&lt;p&gt;Integer&lt;/p&gt;&lt;p&gt;Default: 2000&lt;/p&gt;</dialogReference>
      </param>
    </parameters>
    <summary>Calculates the annual potential total insolation for given time steps and stores resulting time series in a grid collection. </summary>
  </tool>
  <dataIdInfo>
    <idCitation>
      <resTitle>O.Conrad (c) 2018</resTitle>
    </idCitation>
    <idCredit>Conrad, O., Bechtel, B., Bock, M., Dietrich, H., Fischer, E., Gerlitz, L., Wehberg, J., Wichmann, V., and Boehner, J. (2015): System for Automated Geoscientific Analyses (SAGA) v. 2.1.4, Geosci. Model Dev., 8, 1991-2007, doi:10.5194/gmd-8-1991-2015. [SAGA - System for Automated Geoscientific Analyses - saga-gis.org] </idCredit>
    <searchKeys>
      <SAGA></SAGA>
    </searchKeys>
  </dataIdInfo>
</metadata>
