<?xml version="1.0" encoding="UTF-8"?>
<metadata xml:lang="en">
  <Esri>
    <CreaDate>20150910</CreaDate>
    <CreaTime>11550000</CreaTime>
    <ArcGISFormat>1.0</ArcGISFormat>
    <SyncOnce>TRUE</SyncOnce>
    <ArcGISProfile>ItemDescription</ArcGISProfile>
  </Esri>
  <tool name="tool_20" displayname="Stream Power Index">
    <parameters>
      <param name="SLOPE" displayname="Slope" type="Required" direction="Input">
        <dialogReference>&lt;p&gt;Slope&lt;/p&gt;&lt;p&gt;Grid, input&lt;/p&gt;</dialogReference>
      </param>
      <param name="AREA" displayname="Catchment Area" type="Required" direction="Input">
        <dialogReference>&lt;p&gt;Catchment Area&lt;/p&gt;&lt;p&gt;Grid, input&lt;/p&gt;</dialogReference>
      </param>
      <param name="SPI" displayname="Stream Power Index" type="Required" direction="Output">
        <dialogReference>&lt;p&gt;Stream Power Index&lt;/p&gt;&lt;p&gt;Grid, output&lt;/p&gt;</dialogReference>
      </param>
      <param name="CONV" displayname="Area Conversion" type="Optional" direction="Output">
        <dialogReference>&lt;p&gt;Area Conversion&lt;/p&gt;&lt;p&gt;Choice&lt;/p&gt;&lt;p&gt;Available Choices:&lt;/p&gt;&lt;p&gt;[0] no conversion (areas already given as specific catchment area)&lt;/p&gt;&lt;p&gt;[1] 1 / cell size (pseudo specific catchment area)&lt;/p&gt;&lt;p&gt;Default: 0&lt;/p&gt;</dialogReference>
      </param>
    </parameters>
    <summary>Calculation of stream power index based on slope and specific catchment area (SCA).
SPI = SCA * tan(Slope)</summary>
  </tool>
  <dataIdInfo>
    <idCitation>
      <resTitle>O.Conrad (c) 2003</resTitle>
    </idCitation>
    <idCredit>Conrad, O., Bechtel, B., Bock, M., Dietrich, H., Fischer, E., Gerlitz, L., Wehberg, J., Wichmann, V., and Boehner, J. (2015): System for Automated Geoscientific Analyses (SAGA) v. 2.1.4, Geosci. Model Dev., 8, 1991-2007, doi:10.5194/gmd-8-1991-2015. [SAGA - System for Automated Geoscientific Analyses - saga-gis.org] </idCredit>
    <searchKeys>
      <SAGA></SAGA>
    </searchKeys>
  </dataIdInfo>
</metadata>
