<?xml version="1.0" encoding="UTF-8"?>
<metadata xml:lang="en">
  <Esri>
    <CreaDate>20150910</CreaDate>
    <CreaTime>11550000</CreaTime>
    <ArcGISFormat>1.0</ArcGISFormat>
    <SyncOnce>TRUE</SyncOnce>
    <ArcGISProfile>ItemDescription</ArcGISProfile>
  </Esri>
  <tool name="tool_5" displayname="Hypsometry">
    <parameters>
      <param name="ELEVATION" displayname="Elevation" type="Required" direction="Input">
        <dialogReference>&lt;p&gt;Elevation&lt;/p&gt;&lt;p&gt;Grid, input&lt;/p&gt;</dialogReference>
      </param>
      <param name="TABLE" displayname="Hypsometry" type="Required" direction="Output">
        <dialogReference>&lt;p&gt;Hypsometry&lt;/p&gt;&lt;p&gt;Table, output&lt;/p&gt;</dialogReference>
      </param>
      <param name="COUNT" displayname="Number of Classes" type="Optional" direction="Output">
        <dialogReference>&lt;p&gt;Number of Classes&lt;/p&gt;&lt;p&gt;Integer&lt;/p&gt;&lt;p&gt;Minimum: 1&lt;/p&gt;&lt;p&gt;Default: 100&lt;/p&gt;&lt;p&gt;Number of discrete intervals (bins) used for sampling&lt;/p&gt;</dialogReference>
      </param>
      <param name="SORTING" displayname="Sort" type="Optional" direction="Output">
        <dialogReference>&lt;p&gt;Sort&lt;/p&gt;&lt;p&gt;Choice&lt;/p&gt;&lt;p&gt;Available Choices:&lt;/p&gt;&lt;p&gt;[0] up&lt;/p&gt;&lt;p&gt;[1] down&lt;/p&gt;&lt;p&gt;Default: 1&lt;/p&gt;&lt;p&gt;Choose how to sort the elevation dataset before sampling&lt;/p&gt;</dialogReference>
      </param>
      <param name="METHOD" displayname="Classification Constant" type="Optional" direction="Output">
        <dialogReference>&lt;p&gt;Classification Constant&lt;/p&gt;&lt;p&gt;Choice&lt;/p&gt;&lt;p&gt;Available Choices:&lt;/p&gt;&lt;p&gt;[0] height&lt;/p&gt;&lt;p&gt;[1] area&lt;/p&gt;&lt;p&gt;Default: 1&lt;/p&gt;&lt;p&gt;Choose the classification constant to use&lt;/p&gt;</dialogReference>
      </param>
      <param name="BZRANGE" displayname="Use Z-Range" type="Optional" direction="Output">
        <dialogReference>&lt;p&gt;Use Z-Range&lt;/p&gt;&lt;p&gt;Boolean&lt;/p&gt;&lt;p&gt;Default: 0&lt;/p&gt;&lt;p&gt;Use a user-specified elevation range instead of min/max of the input dataset&lt;/p&gt;</dialogReference>
      </param>
      <param name="ZRANGE_MIN" displayname="Minimum" type="Optional" direction="Output">
        <dialogReference>&lt;p&gt;Minimum&lt;/p&gt;&lt;p&gt;Floating point&lt;/p&gt;&lt;p&gt;Default: 0.000000&lt;/p&gt;&lt;p&gt;User specified elevation range&lt;/p&gt;</dialogReference>
      </param>
      <param name="ZRANGE_MAX" displayname="Maximum" type="Optional" direction="Output">
        <dialogReference>&lt;p&gt;Maximum&lt;/p&gt;&lt;p&gt;Floating point&lt;/p&gt;&lt;p&gt;Default: 1000.000000&lt;/p&gt;&lt;p&gt;User specified elevation range&lt;/p&gt;</dialogReference>
      </param>
    </parameters>
    <summary>Calculates the hypsometric curve for a given DEM.

The hypsometric curve is an empirical cumulative distribution function of elevations in a catchment or of a whole planet. The tool calculates both the relative (scaled from 0 to 100 percent) and absolute (minimum to maximum values) distributions. The former scales elevation and area by the maximum values. Such a non-dimensional curve allows one to asses the similarity of watersheds as differences in hypsometric curves arise from different geomorphic processes shaping a landscape.

In case the hypsometric curve should not be calculated for the whole elevation range of the input dataset, a user-specified elevation range can be specified with the classification constant area.

The output table has two attribute columns with relative height and area values, and two columns with absolute height and area values. In order to plot the non-dimensional hypsometric curve as diagram, use the relative area as x-axis values and the relative height for the y-axis. For a diagram with absolute values, use the absolute area as x-axis values and the absolute height for the y-axis.</summary>
  </tool>
  <dataIdInfo>
    <idCitation>
      <resTitle>O.Conrad (c) 2001</resTitle>
    </idCitation>
    <idCredit>Conrad, O., Bechtel, B., Bock, M., Dietrich, H., Fischer, E., Gerlitz, L., Wehberg, J., Wichmann, V., and Boehner, J. (2015): System for Automated Geoscientific Analyses (SAGA) v. 2.1.4, Geosci. Model Dev., 8, 1991-2007, doi:10.5194/gmd-8-1991-2015. [SAGA - System for Automated Geoscientific Analyses - saga-gis.org] </idCredit>
    <searchKeys>
      <SAGA></SAGA>
    </searchKeys>
  </dataIdInfo>
</metadata>
