<?xml version="1.0" encoding="UTF-8"?>
<metadata xml:lang="en">
  <Esri>
    <CreaDate>20150910</CreaDate>
    <CreaTime>11550000</CreaTime>
    <ArcGISFormat>1.0</ArcGISFormat>
    <SyncOnce>TRUE</SyncOnce>
    <ArcGISProfile>ItemDescription</ArcGISProfile>
  </Esri>
  <tool name="tool_1" displayname="Watershed Basins">
    <parameters>
      <param name="ELEVATION" displayname="Elevation" type="Required" direction="Input">
        <dialogReference>&lt;p&gt;Elevation&lt;/p&gt;&lt;p&gt;Grid, input&lt;/p&gt;</dialogReference>
      </param>
      <param name="CHANNELS" displayname="Channel Network" type="Required" direction="Input">
        <dialogReference>&lt;p&gt;Channel Network&lt;/p&gt;&lt;p&gt;Grid, input&lt;/p&gt;</dialogReference>
      </param>
      <param name="SINKROUTE" displayname="Sink Route" type="Optional" direction="Input">
        <dialogReference>&lt;p&gt;Sink Route&lt;/p&gt;&lt;p&gt;Grid, input, optional&lt;/p&gt;&lt;p&gt;optional&lt;/p&gt;</dialogReference>
      </param>
      <param name="BASINS" displayname="Watershed Basins" type="Required" direction="Output">
        <dialogReference>&lt;p&gt;Watershed Basins&lt;/p&gt;&lt;p&gt;Grid, output&lt;/p&gt;</dialogReference>
      </param>
      <param name="MINSIZE" displayname="Min. Size" type="Optional" direction="Output">
        <dialogReference>&lt;p&gt;Min. Size&lt;/p&gt;&lt;p&gt;Integer&lt;/p&gt;&lt;p&gt;Default: 0&lt;/p&gt;&lt;p&gt;Minimum size of basin (cells)&lt;/p&gt;</dialogReference>
      </param>
    </parameters>
    <summary>Watershed Basins</summary>
  </tool>
  <dataIdInfo>
    <idCitation>
      <resTitle>(c) 2001 by O.Conrad</resTitle>
    </idCitation>
    <idCredit>Conrad, O., Bechtel, B., Bock, M., Dietrich, H., Fischer, E., Gerlitz, L., Wehberg, J., Wichmann, V., and Boehner, J. (2015): System for Automated Geoscientific Analyses (SAGA) v. 2.1.4, Geosci. Model Dev., 8, 1991-2007, doi:10.5194/gmd-8-1991-2015. [SAGA - System for Automated Geoscientific Analyses - saga-gis.org] </idCredit>
    <searchKeys>
      <SAGA></SAGA>
    </searchKeys>
  </dataIdInfo>
</metadata>
