<?xml version="1.0" encoding="UTF-8"?>
<metadata xml:lang="en">
  <Esri>
    <CreaDate>20150910</CreaDate>
    <CreaTime>11550000</CreaTime>
    <ArcGISFormat>1.0</ArcGISFormat>
    <SyncOnce>TRUE</SyncOnce>
    <ArcGISProfile>ItemDescription</ArcGISProfile>
  </Esri>
  <tool name="tool_4" displayname="Fill Sinks (Wang & Liu)">
    <parameters>
      <param name="ELEV" displayname="DEM" type="Required" direction="Input">
        <dialogReference>&lt;p&gt;DEM&lt;/p&gt;&lt;p&gt;Grid, input&lt;/p&gt;&lt;p&gt;Digital elevation model&lt;/p&gt;</dialogReference>
      </param>
      <param name="FILLED" displayname="Filled DEM" type="Required" direction="Output">
        <dialogReference>&lt;p&gt;Filled DEM&lt;/p&gt;&lt;p&gt;Grid, output&lt;/p&gt;&lt;p&gt;Depression-free digital elevation model&lt;/p&gt;</dialogReference>
      </param>
      <param name="FDIR" displayname="Flow Directions" type="Required" direction="Output">
        <dialogReference>&lt;p&gt;Flow Directions&lt;/p&gt;&lt;p&gt;Grid, output&lt;/p&gt;&lt;p&gt;Computed flow directions, 0=N, 1=NE, 2=E, ... 7=NW&lt;/p&gt;</dialogReference>
      </param>
      <param name="WSHED" displayname="Watershed Basins" type="Required" direction="Output">
        <dialogReference>&lt;p&gt;Watershed Basins&lt;/p&gt;&lt;p&gt;Grid, output&lt;/p&gt;&lt;p&gt;Delineated watershed basins&lt;/p&gt;</dialogReference>
      </param>
      <param name="MINSLOPE" displayname="Minimum Slope [Degree]" type="Optional" direction="Output">
        <dialogReference>&lt;p&gt;Minimum Slope [Degree]&lt;/p&gt;&lt;p&gt;Floating point&lt;/p&gt;&lt;p&gt;Minimum: 0.000000&lt;/p&gt;&lt;p&gt;Default: 0.100000&lt;/p&gt;&lt;p&gt;Minimum slope gradient to preserve from cell to cell; with a value of zero sinks are filled up to the spill elevation (which results in flat areas). Unit [Degree]&lt;/p&gt;</dialogReference>
      </param>
    </parameters>
    <summary>This tool uses an algorithm proposed by Wang & Liu to identify and fill surface depressions in digital elevation models.
The method was enhanced to allow the creation of hydrologic sound elevation models, i.e. not only to fill the depression(s) but also to preserve a downward slope along the flow path. If desired, this is accomplished by preserving a minimum slope gradient (and thus elevation difference) between cells.
This is the fully featured version of the tool creating a depression less DEM, a flow path grid and a grid with watershed basins. If you encounter problems processing large data sets (e.g. LIDAR data) with this tool try the basic version (Fill Sinks XXL).


References:
Wang, L. & H. Liu (2006): An efficient method for identifying and filling surface depressions in digital elevation models for hydrologic analysis and modelling. International Journal of Geographical Information Science, Vol. 20, No. 2: 193-213.
</summary>
  </tool>
  <dataIdInfo>
    <idCitation>
      <resTitle>Copyrights (c) 2007 by Volker Wichmann</resTitle>
    </idCitation>
    <idCredit>Conrad, O., Bechtel, B., Bock, M., Dietrich, H., Fischer, E., Gerlitz, L., Wehberg, J., Wichmann, V., and Boehner, J. (2015): System for Automated Geoscientific Analyses (SAGA) v. 2.1.4, Geosci. Model Dev., 8, 1991-2007, doi:10.5194/gmd-8-1991-2015. [SAGA - System for Automated Geoscientific Analyses - saga-gis.org] </idCredit>
    <searchKeys>
      <SAGA></SAGA>
    </searchKeys>
  </dataIdInfo>
</metadata>
