<?xml version="1.0" encoding="UTF-8"?>
<metadata xml:lang="en">
  <Esri>
    <CreaDate>20150910</CreaDate>
    <CreaTime>11550000</CreaTime>
    <ArcGISFormat>1.0</ArcGISFormat>
    <SyncOnce>TRUE</SyncOnce>
    <ArcGISProfile>ItemDescription</ArcGISProfile>
  </Esri>
  <tool name="tool_15" displayname="[deprecated] Lake Flood">
    <parameters>
      <param name="ELEV" displayname="DEM" type="Required" direction="Input">
        <dialogReference>&lt;p&gt;DEM&lt;/p&gt;&lt;p&gt;Grid, input&lt;/p&gt;&lt;p&gt;digital elevation model&lt;/p&gt;</dialogReference>
      </param>
      <param name="SEEDS" displayname="Seeds" type="Required" direction="Input">
        <dialogReference>&lt;p&gt;Seeds&lt;/p&gt;&lt;p&gt;Grid, input&lt;/p&gt;&lt;p&gt;seed cells coded with local water depth or absolute water level, all other cells NoData&lt;/p&gt;</dialogReference>
      </param>
      <param name="LEVEL" displayname="Absolute Water Levels" type="Optional" direction="Output">
        <dialogReference>&lt;p&gt;Absolute Water Levels&lt;/p&gt;&lt;p&gt;Boolean&lt;/p&gt;&lt;p&gt;Default: 0&lt;/p&gt;&lt;p&gt;check this in case seed cells are coded with absolute water level&lt;/p&gt;</dialogReference>
      </param>
      <param name="OUTDEPTH" displayname="Lake" type="Required" direction="Output">
        <dialogReference>&lt;p&gt;Lake&lt;/p&gt;&lt;p&gt;Grid, output&lt;/p&gt;&lt;p&gt;extent of lake, coded with water depth&lt;/p&gt;</dialogReference>
      </param>
      <param name="OUTLEVEL" displayname="Surface" type="Required" direction="Output">
        <dialogReference>&lt;p&gt;Surface&lt;/p&gt;&lt;p&gt;Grid, output&lt;/p&gt;&lt;p&gt;Flooded digital elevation model&lt;/p&gt;</dialogReference>
      </param>
    </parameters>
    <summary>Note: this tool is deprecated and will be removed in one of the next SAGA versions. It has been replaced by the more robust and powerful 'Terrain Flooding' tool.

This tool can be used to flood a digital elevation model from seed points. Seed points have to be coded either with local water depth or absolute water level.&#xD;
</summary>
  </tool>
  <dataIdInfo>
    <idCitation>
      <resTitle>Volker Wichmann (c) 2005-2010</resTitle>
    </idCitation>
    <idCredit>Conrad, O., Bechtel, B., Bock, M., Dietrich, H., Fischer, E., Gerlitz, L., Wehberg, J., Wichmann, V., and Boehner, J. (2015): System for Automated Geoscientific Analyses (SAGA) v. 2.1.4, Geosci. Model Dev., 8, 1991-2007, doi:10.5194/gmd-8-1991-2015. [SAGA - System for Automated Geoscientific Analyses - saga-gis.org] </idCredit>
    <searchKeys>
      <SAGA></SAGA>
    </searchKeys>
  </dataIdInfo>
</metadata>
