<?xml version="1.0" encoding="UTF-8"?>
<metadata xml:lang="en">
  <Esri>
    <CreaDate>20150910</CreaDate>
    <CreaTime>11550000</CreaTime>
    <ArcGISFormat>1.0</ArcGISFormat>
    <SyncOnce>TRUE</SyncOnce>
    <ArcGISProfile>ItemDescription</ArcGISProfile>
  </Esri>
  <tool name="tool_30" displayname="CIT Index">
    <parameters>
      <param name="SLOPE" displayname="Slope" type="Required" direction="Input">
        <dialogReference>&lt;p&gt;Slope&lt;/p&gt;&lt;p&gt;Grid, input&lt;/p&gt;&lt;p&gt;The slope grid [radians].&lt;/p&gt;</dialogReference>
      </param>
      <param name="AREA" displayname="Catchment Area" type="Required" direction="Input">
        <dialogReference>&lt;p&gt;Catchment Area&lt;/p&gt;&lt;p&gt;Grid, input&lt;/p&gt;&lt;p&gt;The catchment area grid [map units^2].&lt;/p&gt;</dialogReference>
      </param>
      <param name="CIT" displayname="CIT Index" type="Required" direction="Output">
        <dialogReference>&lt;p&gt;CIT Index&lt;/p&gt;&lt;p&gt;Grid, output&lt;/p&gt;&lt;p&gt;The Channel Initiation Threshold index.&lt;/p&gt;</dialogReference>
      </param>
      <param name="CONV" displayname="Area Conversion" type="Optional" direction="Output">
        <dialogReference>&lt;p&gt;Area Conversion&lt;/p&gt;&lt;p&gt;Choice&lt;/p&gt;&lt;p&gt;Available Choices:&lt;/p&gt;&lt;p&gt;[0] no conversion (areas already given as specific catchment area)&lt;/p&gt;&lt;p&gt;[1] 1 / cell size (pseudo specific catchment area)&lt;/p&gt;&lt;p&gt;Default: 0&lt;/p&gt;</dialogReference>
      </param>
    </parameters>
    <summary>The tool allows one to calculate a variant of the Stream Power Index, which was introduced to detect channel heads (channel initiation) based on a drainage area-slope threshold. The Channel Initiation Threshold (CIT) index is calculated as: CIT = SCA * tan(Slope)^2

</summary>
  </tool>
  <dataIdInfo>
    <idCitation>
      <resTitle>V. Wichmann (c) 2021</resTitle>
    </idCitation>
    <idCredit>Conrad, O., Bechtel, B., Bock, M., Dietrich, H., Fischer, E., Gerlitz, L., Wehberg, J., Wichmann, V., and Boehner, J. (2015): System for Automated Geoscientific Analyses (SAGA) v. 2.1.4, Geosci. Model Dev., 8, 1991-2007, doi:10.5194/gmd-8-1991-2015. [SAGA - System for Automated Geoscientific Analyses - saga-gis.org] </idCredit>
    <searchKeys>
      <SAGA></SAGA>
    </searchKeys>
  </dataIdInfo>
</metadata>
