<?xml version="1.0" encoding="UTF-8"?>
<metadata xml:lang="en">
  <Esri>
    <CreaDate>20150910</CreaDate>
    <CreaTime>11550000</CreaTime>
    <ArcGISFormat>1.0</ArcGISFormat>
    <SyncOnce>TRUE</SyncOnce>
    <ArcGISProfile>ItemDescription</ArcGISProfile>
  </Esri>
  <tool name="tool_0" displayname="Flow Accumulation (Top-Down)">
    <parameters>
      <param name="ELEVATION" displayname="Elevation" type="Required" direction="Input">
        <dialogReference>&lt;p&gt;Elevation&lt;/p&gt;&lt;p&gt;Grid, input&lt;/p&gt;</dialogReference>
      </param>
      <param name="SINKROUTE" displayname="Sink Routes" type="Optional" direction="Input">
        <dialogReference>&lt;p&gt;Sink Routes&lt;/p&gt;&lt;p&gt;Grid, input, optional&lt;/p&gt;&lt;p&gt;optional&lt;/p&gt;</dialogReference>
      </param>
      <param name="WEIGHTS" displayname="Weights" type="Optional" direction="Input">
        <dialogReference>&lt;p&gt;Weights&lt;/p&gt;&lt;p&gt;Grid, input, optional&lt;/p&gt;&lt;p&gt;optional&lt;/p&gt;</dialogReference>
      </param>
      <param name="FLOW" displayname="Flow Accumulation" type="Required" direction="Output">
        <dialogReference>&lt;p&gt;Flow Accumulation&lt;/p&gt;&lt;p&gt;Grid, output&lt;/p&gt;</dialogReference>
      </param>
      <param name="VAL_INPUT" displayname="Input for Mean over Catchment" type="Optional" direction="Input">
        <dialogReference>&lt;p&gt;Input for Mean over Catchment&lt;/p&gt;&lt;p&gt;Grid, input, optional&lt;/p&gt;&lt;p&gt;optional&lt;/p&gt;</dialogReference>
      </param>
      <param name="VAL_MEAN" displayname="Mean over Catchment" type="Required" direction="Output">
        <dialogReference>&lt;p&gt;Mean over Catchment&lt;/p&gt;&lt;p&gt;Grid, output&lt;/p&gt;</dialogReference>
      </param>
      <param name="ACCU_MATERIAL" displayname="Material for Accumulation" type="Optional" direction="Input">
        <dialogReference>&lt;p&gt;Material for Accumulation&lt;/p&gt;&lt;p&gt;Grid, input, optional&lt;/p&gt;&lt;p&gt;optional&lt;/p&gt;</dialogReference>
      </param>
      <param name="ACCU_TARGET" displayname="Accumulation Target" type="Required" direction="Input">
        <dialogReference>&lt;p&gt;Accumulation Target&lt;/p&gt;&lt;p&gt;Grid, input&lt;/p&gt;</dialogReference>
      </param>
      <param name="ACCU_TOTAL" displayname="Accumulated Material" type="Optional" direction="Output">
        <dialogReference>&lt;p&gt;Accumulated Material&lt;/p&gt;&lt;p&gt;Grid, output, optional&lt;/p&gt;&lt;p&gt;optional&lt;/p&gt;</dialogReference>
      </param>
      <param name="ACCU_LEFT" displayname="Accumulated Material (Left Side)" type="Optional" direction="Output">
        <dialogReference>&lt;p&gt;Accumulated Material (Left Side)&lt;/p&gt;&lt;p&gt;Grid, output, optional&lt;/p&gt;&lt;p&gt;optional&lt;/p&gt;</dialogReference>
      </param>
      <param name="ACCU_RIGHT" displayname="Accumulated Material (Right Side)" type="Optional" direction="Output">
        <dialogReference>&lt;p&gt;Accumulated Material (Right Side)&lt;/p&gt;&lt;p&gt;Grid, output, optional&lt;/p&gt;&lt;p&gt;optional&lt;/p&gt;</dialogReference>
      </param>
      <param name="STEP" displayname="Step" type="Optional" direction="Output">
        <dialogReference>&lt;p&gt;Step&lt;/p&gt;&lt;p&gt;Integer&lt;/p&gt;&lt;p&gt;Minimum: 1&lt;/p&gt;&lt;p&gt;Default: 1&lt;/p&gt;&lt;p&gt;For testing purposes. Only generate flow at cells with step distance (each step row/column).&lt;/p&gt;</dialogReference>
      </param>
      <param name="FLOW_UNIT" displayname="Flow Accumulation Unit" type="Optional" direction="Output">
        <dialogReference>&lt;p&gt;Flow Accumulation Unit&lt;/p&gt;&lt;p&gt;Choice&lt;/p&gt;&lt;p&gt;Available Choices:&lt;/p&gt;&lt;p&gt;[0] number of cells&lt;/p&gt;&lt;p&gt;[1] cell area&lt;/p&gt;&lt;p&gt;Default: 1&lt;/p&gt;</dialogReference>
      </param>
      <param name="FLOW_LENGTH" displayname="Flow Path Length" type="Optional" direction="Output">
        <dialogReference>&lt;p&gt;Flow Path Length&lt;/p&gt;&lt;p&gt;Grid, output, optional&lt;/p&gt;&lt;p&gt;optional&lt;/p&gt;&lt;p&gt;average distance that a cell's accumulated flow travelled&lt;/p&gt;</dialogReference>
      </param>
      <param name="LINEAR_VAL" displayname="Linear Flow Threshold Grid" type="Optional" direction="Input">
        <dialogReference>&lt;p&gt;Linear Flow Threshold Grid&lt;/p&gt;&lt;p&gt;Grid, input, optional&lt;/p&gt;&lt;p&gt;optional&lt;/p&gt;&lt;p&gt;optional grid providing values to be compared with linear flow threshold instead of flow accumulation&lt;/p&gt;</dialogReference>
      </param>
      <param name="LINEAR_DIR" displayname="Channel Direction" type="Optional" direction="Input">
        <dialogReference>&lt;p&gt;Channel Direction&lt;/p&gt;&lt;p&gt;Grid, input, optional&lt;/p&gt;&lt;p&gt;optional&lt;/p&gt;&lt;p&gt;use this for (linear) flow routing, if the value is a valid direction (0-7 = N, NE, E, SE, S, SW, W, NW)&lt;/p&gt;</dialogReference>
      </param>
      <param name="WEIGHT_LOSS" displayname="Loss through Negative Weights" type="Optional" direction="Output">
        <dialogReference>&lt;p&gt;Loss through Negative Weights&lt;/p&gt;&lt;p&gt;Grid, output, optional&lt;/p&gt;&lt;p&gt;optional&lt;/p&gt;&lt;p&gt;when using weights without support for negative flow: output of the absolute amount of negative flow that occurred&lt;/p&gt;</dialogReference>
      </param>
      <param name="METHOD" displayname="Method" type="Optional" direction="Output">
        <dialogReference>&lt;p&gt;Method&lt;/p&gt;&lt;p&gt;Choice&lt;/p&gt;&lt;p&gt;Available Choices:&lt;/p&gt;&lt;p&gt;[0] Deterministic 8&lt;/p&gt;&lt;p&gt;[1] Rho 8&lt;/p&gt;&lt;p&gt;[2] Braunschweiger Reliefmodell&lt;/p&gt;&lt;p&gt;[3] Deterministic Infinity&lt;/p&gt;&lt;p&gt;[4] Multiple Flow Direction&lt;/p&gt;&lt;p&gt;[5] Multiple Triangular Flow Directon&lt;/p&gt;&lt;p&gt;[6] Multiple Maximum Downslope Gradient Based Flow Directon&lt;/p&gt;&lt;p&gt;Default: 4&lt;/p&gt;</dialogReference>
      </param>
      <param name="LINEAR_DO" displayname="Thresholded Linear Flow" type="Optional" direction="Output">
        <dialogReference>&lt;p&gt;Thresholded Linear Flow&lt;/p&gt;&lt;p&gt;Boolean&lt;/p&gt;&lt;p&gt;Default: 0&lt;/p&gt;&lt;p&gt;apply linear flow routing (D8) to all cells, having a flow accumulation greater than the specified threshold&lt;/p&gt;</dialogReference>
      </param>
      <param name="LINEAR_MIN" displayname="Linear Flow Threshold" type="Optional" direction="Output">
        <dialogReference>&lt;p&gt;Linear Flow Threshold&lt;/p&gt;&lt;p&gt;Integer&lt;/p&gt;&lt;p&gt;Minimum: 0&lt;/p&gt;&lt;p&gt;Default: 500&lt;/p&gt;&lt;p&gt;flow accumulation threshold (cells) for linear flow routing&lt;/p&gt;</dialogReference>
      </param>
      <param name="CONVERGENCE" displayname="Convergence" type="Optional" direction="Output">
        <dialogReference>&lt;p&gt;Convergence&lt;/p&gt;&lt;p&gt;Floating point&lt;/p&gt;&lt;p&gt;Minimum: 0.001000&lt;/p&gt;&lt;p&gt;Default: 1.100000&lt;/p&gt;&lt;p&gt;Convergence factor for Multiple Flow Direction Algorithm (Freeman 1991).&lt;/p&gt;&lt;p&gt;Applies also to the Multiple Triangular Flow Directon Algorithm.&lt;/p&gt;</dialogReference>
      </param>
      <param name="MFD_CONTOUR" displayname="Contour Length" type="Optional" direction="Output">
        <dialogReference>&lt;p&gt;Contour Length&lt;/p&gt;&lt;p&gt;Boolean&lt;/p&gt;&lt;p&gt;Default: 0&lt;/p&gt;&lt;p&gt;Include (pseudo) contour length as additional weighting factor in multiple flow direction routing, reduces flow to diagonal neighbour cells by a factor of 0.71 (s. Quinn et al. 1991 for details).&lt;/p&gt;</dialogReference>
      </param>
      <param name="NO_NEGATIVES" displayname="Prevent Negative Flow Accumulation" type="Optional" direction="Output">
        <dialogReference>&lt;p&gt;Prevent Negative Flow Accumulation&lt;/p&gt;&lt;p&gt;Boolean&lt;/p&gt;&lt;p&gt;Default: 1&lt;/p&gt;&lt;p&gt;when using weights: do not transport negative flow, set it to zero instead; useful e.g. when accumulating measures of water balance.&lt;/p&gt;</dialogReference>
      </param>
    </parameters>
    <summary>Top-down processing of cells for calculation of flow accumulation and related parameters. This set of algorithms processes a DEM downwards from the highest to the lowest cell.

Flow routing methods provided by this tool:&lt;ul&gt;&lt;li&gt;Deterministic 8 (aka D8, O'Callaghan & Mark 1984)&lt;/li&gt;&lt;li&gt;Braunschweiger Reliefmodell (Bauer et al. 1985)&lt;/li&gt;&lt;li&gt;Rho 8 (Fairfield & Leymarie 1991)&lt;/li&gt;&lt;li&gt;Multiple Flow Direction (Freeman 1991, Quinn et al. 1991)&lt;/li&gt;&lt;li&gt;Deterministic Infinity (Tarboton 1997)&lt;/li&gt;&lt;li&gt;Triangular Multiple Flow Direction (Seibert & McGlynn 2007&lt;/li&gt;&lt;li&gt;Multiple Flow Direction based on Maximum Downslope Gradient (Qin et al. 2011)&lt;/li&gt;&lt;/ul&gt;</summary>
  </tool>
  <dataIdInfo>
    <idCitation>
      <resTitle>O.Conrad (c) 2001-2016, Portions by T.Grabs (c) 2010</resTitle>
    </idCitation>
    <idCredit>Conrad, O., Bechtel, B., Bock, M., Dietrich, H., Fischer, E., Gerlitz, L., Wehberg, J., Wichmann, V., and Boehner, J. (2015): System for Automated Geoscientific Analyses (SAGA) v. 2.1.4, Geosci. Model Dev., 8, 1991-2007, doi:10.5194/gmd-8-1991-2015. [SAGA - System for Automated Geoscientific Analyses - saga-gis.org] </idCredit>
    <searchKeys>
      <SAGA></SAGA>
    </searchKeys>
  </dataIdInfo>
</metadata>
