<?xml version="1.0" encoding="UTF-8"?>
<metadata xml:lang="en">
  <Esri>
    <CreaDate>20150910</CreaDate>
    <CreaTime>11550000</CreaTime>
    <ArcGISFormat>1.0</ArcGISFormat>
    <SyncOnce>TRUE</SyncOnce>
    <ArcGISProfile>ItemDescription</ArcGISProfile>
  </Esri>
  <tool name="tool_31" displayname="Terrain Flooding">
    <parameters>
      <param name="DEM" displayname="DEM" type="Required" direction="Input">
        <dialogReference>&lt;p&gt;DEM&lt;/p&gt;&lt;p&gt;Grid, input&lt;/p&gt;&lt;p&gt;The digital elevation model to flood.&lt;/p&gt;</dialogReference>
      </param>
      <param name="SEEDS" displayname="Seed Points" type="Required" direction="Input">
        <dialogReference>&lt;p&gt;Seed Points&lt;/p&gt;&lt;p&gt;Shapes, input&lt;/p&gt;&lt;p&gt;The point(s) from where to start the flooding.&lt;/p&gt;</dialogReference>
      </param>
      <param name="WATER_LEVEL" displayname="Water Level" type="Optional" direction="Output">
        <dialogReference>&lt;p&gt;Water Level&lt;/p&gt;&lt;p&gt;Table field&lt;/p&gt;&lt;p&gt;optional&lt;/p&gt;&lt;p&gt;The attribute field with the local water level, given either relative to the DEM or as absolute height [map units].&lt;/p&gt;</dialogReference>
      </param>
      <param name="WATER_LEVEL_DEFAULT" displayname="Default" type="Optional" direction="Output">
        <dialogReference>&lt;p&gt;Default&lt;/p&gt;&lt;p&gt;Floating point&lt;/p&gt;&lt;p&gt;Default: 0.500000&lt;/p&gt;&lt;p&gt;default value if no attribute has been selected&lt;/p&gt;</dialogReference>
      </param>
      <param name="LEVEL_REFERENCE" displayname="Water Level Reference" type="Optional" direction="Output">
        <dialogReference>&lt;p&gt;Water Level Reference&lt;/p&gt;&lt;p&gt;Choice&lt;/p&gt;&lt;p&gt;Available Choices:&lt;/p&gt;&lt;p&gt;[0] level is given relative to DEM&lt;/p&gt;&lt;p&gt;[1] level is given as absolute water height&lt;/p&gt;&lt;p&gt;Default: 0&lt;/p&gt;</dialogReference>
      </param>
      <param name="CONSTANT_LEVEL" displayname="Constant Water Level" type="Optional" direction="Output">
        <dialogReference>&lt;p&gt;Constant Water Level&lt;/p&gt;&lt;p&gt;Boolean&lt;/p&gt;&lt;p&gt;Default: 1&lt;/p&gt;&lt;p&gt;Model the water level as constant. Otherwise the specified level is always taken as relative to the currently processed cell. This option is only available if the water level reference is relative to the DEM.&lt;/p&gt;</dialogReference>
      </param>
      <param name="WATER_BODY" displayname="Water Body" type="Required" direction="Output">
        <dialogReference>&lt;p&gt;Water Body&lt;/p&gt;&lt;p&gt;Grid, output&lt;/p&gt;&lt;p&gt;The extent of the water body, labeled with local water depth [map units].&lt;/p&gt;</dialogReference>
      </param>
      <param name="DEM_FLOODED" displayname="Flooded DEM" type="Optional" direction="Output">
        <dialogReference>&lt;p&gt;Flooded DEM&lt;/p&gt;&lt;p&gt;Grid, output, optional&lt;/p&gt;&lt;p&gt;optional&lt;/p&gt;&lt;p&gt;The flooded digital elevation model.&lt;/p&gt;</dialogReference>
      </param>
    </parameters>
    <summary>The tool allows one to flood a digital elevation model for a given water level. The water level can be provided either as absolute height or relative to the DEM.
If the water level is given relative to the DEM, the tool can model a constant water level starting from the seed cell, or a water level that is always relative to the currently processed cell. This way also inclined water surfaces, e.g. along a river, can be modelled. Note that this usually requires rather small relative water levels in order to prevent the flooding of the complete DEM; the functionality is most suited to generate a segment (connected component) of a river bed.

</summary>
  </tool>
  <dataIdInfo>
    <idCitation>
      <resTitle>V. Wichmann (c) 2022</resTitle>
    </idCitation>
    <idCredit>Conrad, O., Bechtel, B., Bock, M., Dietrich, H., Fischer, E., Gerlitz, L., Wehberg, J., Wichmann, V., and Boehner, J. (2015): System for Automated Geoscientific Analyses (SAGA) v. 2.1.4, Geosci. Model Dev., 8, 1991-2007, doi:10.5194/gmd-8-1991-2015. [SAGA - System for Automated Geoscientific Analyses - saga-gis.org] </idCredit>
    <searchKeys>
      <SAGA></SAGA>
    </searchKeys>
  </dataIdInfo>
</metadata>
