<?xml version="1.0" encoding="UTF-8"?>
<metadata xml:lang="en">
  <Esri>
    <CreaDate>20150910</CreaDate>
    <CreaTime>11550000</CreaTime>
    <ArcGISFormat>1.0</ArcGISFormat>
    <SyncOnce>TRUE</SyncOnce>
    <ArcGISProfile>ItemDescription</ArcGISProfile>
  </Esri>
  <tool name="tool_2" displayname="Flow Accumulation (Flow Tracing)">
    <parameters>
      <param name="ELEVATION" displayname="Elevation" type="Required" direction="Input">
        <dialogReference>&lt;p&gt;Elevation&lt;/p&gt;&lt;p&gt;Grid, input&lt;/p&gt;</dialogReference>
      </param>
      <param name="SINKROUTE" displayname="Sink Routes" type="Optional" direction="Input">
        <dialogReference>&lt;p&gt;Sink Routes&lt;/p&gt;&lt;p&gt;Grid, input, optional&lt;/p&gt;&lt;p&gt;optional&lt;/p&gt;</dialogReference>
      </param>
      <param name="WEIGHTS" displayname="Weights" type="Optional" direction="Input">
        <dialogReference>&lt;p&gt;Weights&lt;/p&gt;&lt;p&gt;Grid, input, optional&lt;/p&gt;&lt;p&gt;optional&lt;/p&gt;</dialogReference>
      </param>
      <param name="FLOW" displayname="Flow Accumulation" type="Required" direction="Output">
        <dialogReference>&lt;p&gt;Flow Accumulation&lt;/p&gt;&lt;p&gt;Grid, output&lt;/p&gt;</dialogReference>
      </param>
      <param name="VAL_INPUT" displayname="Input for Mean over Catchment" type="Optional" direction="Input">
        <dialogReference>&lt;p&gt;Input for Mean over Catchment&lt;/p&gt;&lt;p&gt;Grid, input, optional&lt;/p&gt;&lt;p&gt;optional&lt;/p&gt;</dialogReference>
      </param>
      <param name="VAL_MEAN" displayname="Mean over Catchment" type="Required" direction="Output">
        <dialogReference>&lt;p&gt;Mean over Catchment&lt;/p&gt;&lt;p&gt;Grid, output&lt;/p&gt;</dialogReference>
      </param>
      <param name="ACCU_MATERIAL" displayname="Material for Accumulation" type="Optional" direction="Input">
        <dialogReference>&lt;p&gt;Material for Accumulation&lt;/p&gt;&lt;p&gt;Grid, input, optional&lt;/p&gt;&lt;p&gt;optional&lt;/p&gt;</dialogReference>
      </param>
      <param name="ACCU_TARGET" displayname="Accumulation Target" type="Required" direction="Input">
        <dialogReference>&lt;p&gt;Accumulation Target&lt;/p&gt;&lt;p&gt;Grid, input&lt;/p&gt;</dialogReference>
      </param>
      <param name="ACCU_TOTAL" displayname="Accumulated Material" type="Optional" direction="Output">
        <dialogReference>&lt;p&gt;Accumulated Material&lt;/p&gt;&lt;p&gt;Grid, output, optional&lt;/p&gt;&lt;p&gt;optional&lt;/p&gt;</dialogReference>
      </param>
      <param name="ACCU_LEFT" displayname="Accumulated Material (Left Side)" type="Optional" direction="Output">
        <dialogReference>&lt;p&gt;Accumulated Material (Left Side)&lt;/p&gt;&lt;p&gt;Grid, output, optional&lt;/p&gt;&lt;p&gt;optional&lt;/p&gt;</dialogReference>
      </param>
      <param name="ACCU_RIGHT" displayname="Accumulated Material (Right Side)" type="Optional" direction="Output">
        <dialogReference>&lt;p&gt;Accumulated Material (Right Side)&lt;/p&gt;&lt;p&gt;Grid, output, optional&lt;/p&gt;&lt;p&gt;optional&lt;/p&gt;</dialogReference>
      </param>
      <param name="STEP" displayname="Step" type="Optional" direction="Output">
        <dialogReference>&lt;p&gt;Step&lt;/p&gt;&lt;p&gt;Integer&lt;/p&gt;&lt;p&gt;Minimum: 1&lt;/p&gt;&lt;p&gt;Default: 1&lt;/p&gt;&lt;p&gt;For testing purposes. Only generate flow at cells with step distance (each step row/column).&lt;/p&gt;</dialogReference>
      </param>
      <param name="FLOW_UNIT" displayname="Flow Accumulation Unit" type="Optional" direction="Output">
        <dialogReference>&lt;p&gt;Flow Accumulation Unit&lt;/p&gt;&lt;p&gt;Choice&lt;/p&gt;&lt;p&gt;Available Choices:&lt;/p&gt;&lt;p&gt;[0] number of cells&lt;/p&gt;&lt;p&gt;[1] cell area&lt;/p&gt;&lt;p&gt;Default: 1&lt;/p&gt;</dialogReference>
      </param>
      <param name="METHOD" displayname="Method" type="Optional" direction="Output">
        <dialogReference>&lt;p&gt;Method&lt;/p&gt;&lt;p&gt;Choice&lt;/p&gt;&lt;p&gt;Available Choices:&lt;/p&gt;&lt;p&gt;[0] Rho 8&lt;/p&gt;&lt;p&gt;[1] Kinematic Routing Algorithm&lt;/p&gt;&lt;p&gt;[2] DEMON&lt;/p&gt;&lt;p&gt;Default: 1&lt;/p&gt;</dialogReference>
      </param>
      <param name="CORRECT" displayname="Flow Correction" type="Optional" direction="Output">
        <dialogReference>&lt;p&gt;Flow Correction&lt;/p&gt;&lt;p&gt;Boolean&lt;/p&gt;&lt;p&gt;Default: 1&lt;/p&gt;</dialogReference>
      </param>
      <param name="MINDQV" displayname="Minimum DQV" type="Optional" direction="Output">
        <dialogReference>&lt;p&gt;Minimum DQV&lt;/p&gt;&lt;p&gt;Floating point&lt;/p&gt;&lt;p&gt;Minimum: 0.000000&lt;/p&gt;&lt;p&gt;Maximum: 1.000000&lt;/p&gt;&lt;p&gt;Default: 0.000000&lt;/p&gt;&lt;p&gt;DEMON - Minimum Drainage Quota Volume (DQV) for traced flow tubes&lt;/p&gt;</dialogReference>
      </param>
    </parameters>
    <summary>Flow tracing algorithms for calculations of flow accumulation and related parameters. These algorithms trace the flow of each cell in a DEM separately until it finally leaves the DEM or ends in a sink.
The Rho 8 implementation (Fairfield & Leymarie 1991) adopts the original algorithm only for the flow routing and will give quite different results.</summary>
  </tool>
  <dataIdInfo>
    <idCitation>
      <resTitle>O.Conrad (c) 2001</resTitle>
    </idCitation>
    <idCredit>Conrad, O., Bechtel, B., Bock, M., Dietrich, H., Fischer, E., Gerlitz, L., Wehberg, J., Wichmann, V., and Boehner, J. (2015): System for Automated Geoscientific Analyses (SAGA) v. 2.1.4, Geosci. Model Dev., 8, 1991-2007, doi:10.5194/gmd-8-1991-2015. [SAGA - System for Automated Geoscientific Analyses - saga-gis.org] </idCredit>
    <searchKeys>
      <SAGA></SAGA>
    </searchKeys>
  </dataIdInfo>
</metadata>
