<?xml version="1.0" encoding="UTF-8"?>
<metadata xml:lang="en">
  <Esri>
    <CreaDate>20150910</CreaDate>
    <CreaTime>11550000</CreaTime>
    <ArcGISFormat>1.0</ArcGISFormat>
    <SyncOnce>TRUE</SyncOnce>
    <ArcGISProfile>ItemDescription</ArcGISProfile>
  </Esri>
  <tool name="tool_13" displayname="Land Surface Temperature (Lapse Rates)">
    <parameters>
      <param name="DEM" displayname="Elevation" type="Required" direction="Input">
        <dialogReference>&lt;p&gt;Elevation&lt;/p&gt;&lt;p&gt;Grid, input&lt;/p&gt;</dialogReference>
      </param>
      <param name="SWR" displayname="Short Wave Radiation Ratio" type="Optional" direction="Input">
        <dialogReference>&lt;p&gt;Short Wave Radiation Ratio&lt;/p&gt;&lt;p&gt;Grid, input, optional&lt;/p&gt;&lt;p&gt;optional&lt;/p&gt;&lt;p&gt;The ratio of daily total short-wave irradiance on sloping sites compared to horizontal sites.&lt;/p&gt;</dialogReference>
      </param>
      <param name="LAI" displayname="Leaf Area Index" type="Optional" direction="Input">
        <dialogReference>&lt;p&gt;Leaf Area Index&lt;/p&gt;&lt;p&gt;Grid, input, optional&lt;/p&gt;&lt;p&gt;optional&lt;/p&gt;</dialogReference>
      </param>
      <param name="LAI_MAX" displayname="Maximum LAI" type="Optional" direction="Output">
        <dialogReference>&lt;p&gt;Maximum LAI&lt;/p&gt;&lt;p&gt;Floating point&lt;/p&gt;&lt;p&gt;Minimum: 0.010000&lt;/p&gt;&lt;p&gt;Default: 8.000000&lt;/p&gt;</dialogReference>
      </param>
      <param name="LST" displayname="Land Surface Temperature" type="Required" direction="Output">
        <dialogReference>&lt;p&gt;Land Surface Temperature&lt;/p&gt;&lt;p&gt;Grid, output&lt;/p&gt;</dialogReference>
      </param>
      <param name="Z_REFERENCE" displayname="Elevation" type="Optional" direction="Output">
        <dialogReference>&lt;p&gt;Elevation&lt;/p&gt;&lt;p&gt;Floating point&lt;/p&gt;&lt;p&gt;Default: 0.000000&lt;/p&gt;</dialogReference>
      </param>
      <param name="T_REFERENCE" displayname="Temperature" type="Optional" direction="Output">
        <dialogReference>&lt;p&gt;Temperature&lt;/p&gt;&lt;p&gt;Floating point&lt;/p&gt;&lt;p&gt;Default: 0.000000&lt;/p&gt;&lt;p&gt;Temperature at reference station in degree Celsius.&lt;/p&gt;</dialogReference>
      </param>
      <param name="T_GRADIENT" displayname="Temperature Lapse Rate" type="Optional" direction="Output">
        <dialogReference>&lt;p&gt;Temperature Lapse Rate&lt;/p&gt;&lt;p&gt;Floating point&lt;/p&gt;&lt;p&gt;Default: 0.650000&lt;/p&gt;&lt;p&gt;Vertical temperature gradient in degree Celsius per 100 meter.&lt;/p&gt;</dialogReference>
      </param>
      <param name="C_FACTOR" displayname="C Factor" type="Optional" direction="Output">
        <dialogReference>&lt;p&gt;C Factor&lt;/p&gt;&lt;p&gt;Floating point&lt;/p&gt;&lt;p&gt;Default: 1.000000&lt;/p&gt;</dialogReference>
      </param>
    </parameters>
    <summary>Temperature estimation at each grid point as a function of temperature, temperature lapse rate and elevation for a reference station. Further optional input is the Leaf Area Index (LAI) and the short-wave radiation ratio, which relates the irradiance including terrain effects to that calculated for a flat, horizontal plane. See Wilson & Gallant (2000) for more details. </summary>
  </tool>
  <dataIdInfo>
    <idCitation>
      <resTitle>O.Conrad (c) 2008</resTitle>
    </idCitation>
    <idCredit>Conrad, O., Bechtel, B., Bock, M., Dietrich, H., Fischer, E., Gerlitz, L., Wehberg, J., Wichmann, V., and Boehner, J. (2015): System for Automated Geoscientific Analyses (SAGA) v. 2.1.4, Geosci. Model Dev., 8, 1991-2007, doi:10.5194/gmd-8-1991-2015. [SAGA - System for Automated Geoscientific Analyses - saga-gis.org] </idCredit>
    <searchKeys>
      <SAGA></SAGA>
    </searchKeys>
  </dataIdInfo>
</metadata>
