<?xml version="1.0" encoding="UTF-8"?>
<metadata xml:lang="en">
  <Esri>
    <CreaDate>20150910</CreaDate>
    <CreaTime>11550000</CreaTime>
    <ArcGISFormat>1.0</ArcGISFormat>
    <SyncOnce>TRUE</SyncOnce>
    <ArcGISProfile>ItemDescription</ArcGISProfile>
  </Esri>
  <tool name="tool_18" displayname="Flow Width and Specific Catchment Area">
    <parameters>
      <param name="DEM" displayname="Elevation" type="Required" direction="Input">
        <dialogReference>&lt;p&gt;Elevation&lt;/p&gt;&lt;p&gt;Grid, input&lt;/p&gt;</dialogReference>
      </param>
      <param name="WIDTH" displayname="Flow Width" type="Required" direction="Output">
        <dialogReference>&lt;p&gt;Flow Width&lt;/p&gt;&lt;p&gt;Grid, output&lt;/p&gt;</dialogReference>
      </param>
      <param name="TCA" displayname="Total Catchment Area (TCA)" type="Optional" direction="Input">
        <dialogReference>&lt;p&gt;Total Catchment Area (TCA)&lt;/p&gt;&lt;p&gt;Grid, input, optional&lt;/p&gt;&lt;p&gt;optional&lt;/p&gt;</dialogReference>
      </param>
      <param name="SCA" displayname="Specific Catchment Area (SCA)" type="Required" direction="Output">
        <dialogReference>&lt;p&gt;Specific Catchment Area (SCA)&lt;/p&gt;&lt;p&gt;Grid, output&lt;/p&gt;</dialogReference>
      </param>
      <param name="COORD_UNIT" displayname="Coordinate Unit" type="Optional" direction="Output">
        <dialogReference>&lt;p&gt;Coordinate Unit&lt;/p&gt;&lt;p&gt;Choice&lt;/p&gt;&lt;p&gt;Available Choices:&lt;/p&gt;&lt;p&gt;[0] meter&lt;/p&gt;&lt;p&gt;[1] feet&lt;/p&gt;&lt;p&gt;Default: 0&lt;/p&gt;</dialogReference>
      </param>
      <param name="METHOD" displayname="Method" type="Optional" direction="Output">
        <dialogReference>&lt;p&gt;Method&lt;/p&gt;&lt;p&gt;Choice&lt;/p&gt;&lt;p&gt;Available Choices:&lt;/p&gt;&lt;p&gt;[0] Deterministic 8&lt;/p&gt;&lt;p&gt;[1] Multiple Flow Direction (Quinn et al. 1991)&lt;/p&gt;&lt;p&gt;[2] Aspect&lt;/p&gt;&lt;p&gt;Default: 2&lt;/p&gt;</dialogReference>
      </param>
    </parameters>
    <summary>Flow width and specific catchment area (SCA) calculation. SCA calculation needs total catchment area (TCA) as input, which can be calculated with one of the flow accumulation tools. </summary>
  </tool>
  <dataIdInfo>
    <idCitation>
      <resTitle>O.Conrad (c) 2009</resTitle>
    </idCitation>
    <idCredit>Conrad, O., Bechtel, B., Bock, M., Dietrich, H., Fischer, E., Gerlitz, L., Wehberg, J., Wichmann, V., and Boehner, J. (2015): System for Automated Geoscientific Analyses (SAGA) v. 2.1.4, Geosci. Model Dev., 8, 1991-2007, doi:10.5194/gmd-8-1991-2015. [SAGA - System for Automated Geoscientific Analyses - saga-gis.org] </idCredit>
    <searchKeys>
      <SAGA></SAGA>
    </searchKeys>
  </dataIdInfo>
</metadata>
