<?xml version="1.0" encoding="UTF-8"?>
<metadata xml:lang="en">
  <Esri>
    <CreaDate>20150910</CreaDate>
    <CreaTime>11550000</CreaTime>
    <ArcGISFormat>1.0</ArcGISFormat>
    <SyncOnce>TRUE</SyncOnce>
    <ArcGISProfile>ItemDescription</ArcGISProfile>
  </Esri>
  <tool name="tool_29" displayname="Isochrones Variable Speed">
    <parameters>
      <param name="DEM" displayname="Elevation" type="Required" direction="Input">
        <dialogReference>&lt;p&gt;Elevation&lt;/p&gt;&lt;p&gt;Grid, input&lt;/p&gt;</dialogReference>
      </param>
      <param name="SLOPE" displayname="Slope" type="Required" direction="Input">
        <dialogReference>&lt;p&gt;Slope&lt;/p&gt;&lt;p&gt;Grid, input&lt;/p&gt;</dialogReference>
      </param>
      <param name="FLOWACC" displayname="Catchment Area" type="Required" direction="Input">
        <dialogReference>&lt;p&gt;Catchment Area&lt;/p&gt;&lt;p&gt;Grid, input&lt;/p&gt;</dialogReference>
      </param>
      <param name="CN" displayname="Curve Number" type="Optional" direction="Input">
        <dialogReference>&lt;p&gt;Curve Number&lt;/p&gt;&lt;p&gt;Grid, input, optional&lt;/p&gt;&lt;p&gt;optional&lt;/p&gt;</dialogReference>
      </param>
      <param name="MANNING" displayname="Manning's N" type="Optional" direction="Input">
        <dialogReference>&lt;p&gt;Manning's N&lt;/p&gt;&lt;p&gt;Grid, input, optional&lt;/p&gt;&lt;p&gt;optional&lt;/p&gt;</dialogReference>
      </param>
      <param name="TIME" displayname="Time Out(h)" type="Required" direction="Output">
        <dialogReference>&lt;p&gt;Time Out(h)&lt;/p&gt;&lt;p&gt;Grid, output&lt;/p&gt;</dialogReference>
      </param>
      <param name="SPEED" displayname="Speed (m/s)" type="Required" direction="Output">
        <dialogReference>&lt;p&gt;Speed (m/s)&lt;/p&gt;&lt;p&gt;Grid, output&lt;/p&gt;</dialogReference>
      </param>
      <param name="AVGMANNING" displayname="Avg. Manning's N" type="Optional" direction="Output">
        <dialogReference>&lt;p&gt;Avg. Manning's N&lt;/p&gt;&lt;p&gt;Floating point&lt;/p&gt;&lt;p&gt;Default: 0.150000&lt;/p&gt;</dialogReference>
      </param>
      <param name="AVGCN" displayname="Avg. Curve Number" type="Optional" direction="Output">
        <dialogReference>&lt;p&gt;Avg. Curve Number&lt;/p&gt;&lt;p&gt;Floating point&lt;/p&gt;&lt;p&gt;Default: 75.000000&lt;/p&gt;</dialogReference>
      </param>
      <param name="THRSMIXED" displayname="Mixed Flow Threshold (ha)" type="Optional" direction="Output">
        <dialogReference>&lt;p&gt;Mixed Flow Threshold (ha)&lt;/p&gt;&lt;p&gt;Floating point&lt;/p&gt;&lt;p&gt;Default: 18.000000&lt;/p&gt;</dialogReference>
      </param>
      <param name="THRSCHANNEL" displayname="Channel Definition Threshold (ha)" type="Optional" direction="Output">
        <dialogReference>&lt;p&gt;Channel Definition Threshold (ha)&lt;/p&gt;&lt;p&gt;Floating point&lt;/p&gt;&lt;p&gt;Default: 360.000000&lt;/p&gt;</dialogReference>
      </param>
      <param name="AVGRAINFALL" displayname="Avg. Rainfall Intensity (mm/h)" type="Optional" direction="Output">
        <dialogReference>&lt;p&gt;Avg. Rainfall Intensity (mm/h)&lt;/p&gt;&lt;p&gt;Floating point&lt;/p&gt;&lt;p&gt;Default: 1.000000&lt;/p&gt;</dialogReference>
      </param>
      <param name="CHANSLOPE" displayname="Channel side slope(m/m)" type="Optional" direction="Output">
        <dialogReference>&lt;p&gt;Channel side slope(m/m)&lt;/p&gt;&lt;p&gt;Floating point&lt;/p&gt;&lt;p&gt;Default: 0.500000&lt;/p&gt;</dialogReference>
      </param>
      <param name="MINSPEED" displayname="Min. Flow Speed (m/s)" type="Optional" direction="Output">
        <dialogReference>&lt;p&gt;Min. Flow Speed (m/s)&lt;/p&gt;&lt;p&gt;Floating point&lt;/p&gt;&lt;p&gt;Default: 0.050000&lt;/p&gt;</dialogReference>
      </param>
      <param name="TARGET_PT_X" displayname="Target X Coordinate" type="Optional" direction="Output">
        <dialogReference>&lt;p&gt;Target X Coordinate&lt;/p&gt;&lt;p&gt;Floating point&lt;/p&gt;&lt;p&gt;Default: 0.000000&lt;/p&gt;&lt;p&gt;The x-coordinate of the target point in world coordinates [map units]&lt;/p&gt;</dialogReference>
      </param>
      <param name="TARGET_PT_Y" displayname="Target Y Coordinate" type="Optional" direction="Output">
        <dialogReference>&lt;p&gt;Target Y Coordinate&lt;/p&gt;&lt;p&gt;Floating point&lt;/p&gt;&lt;p&gt;Default: 0.000000&lt;/p&gt;&lt;p&gt;The y-coordinate of the target point in world coordinates [map units]&lt;/p&gt;</dialogReference>
      </param>
      <param name="TARGET_PT" displayname="Target Point" type="Optional" direction="Input">
        <dialogReference>&lt;p&gt;Target Point&lt;/p&gt;&lt;p&gt;Shapes, input, optional&lt;/p&gt;&lt;p&gt;optional&lt;/p&gt;&lt;p&gt;A point shapefile with the target point.&lt;/p&gt;</dialogReference>
      </param>
    </parameters>
    <summary>Calculation of isochrones with variable speed.
In case a cell in an optional input grid is NoData, the corresponding parameter value will be used instead of skipping this cell.
This is the non-interactive tool version, where the target point can be specified either as point shapefile (the first point in the file will be used) or by target coordinates.

</summary>
  </tool>
  <dataIdInfo>
    <idCitation>
      <resTitle>V.Olaya (c) 2004, V.Wichmann (c) 2015</resTitle>
    </idCitation>
    <idCredit>Conrad, O., Bechtel, B., Bock, M., Dietrich, H., Fischer, E., Gerlitz, L., Wehberg, J., Wichmann, V., and Boehner, J. (2015): System for Automated Geoscientific Analyses (SAGA) v. 2.1.4, Geosci. Model Dev., 8, 1991-2007, doi:10.5194/gmd-8-1991-2015. [SAGA - System for Automated Geoscientific Analyses - saga-gis.org] </idCredit>
    <searchKeys>
      <SAGA></SAGA>
    </searchKeys>
  </dataIdInfo>
</metadata>
