<?xml version="1.0" encoding="UTF-8"?>
<metadata xml:lang="en">
  <Esri>
    <CreaDate>20150910</CreaDate>
    <CreaTime>11550000</CreaTime>
    <ArcGISFormat>1.0</ArcGISFormat>
    <SyncOnce>TRUE</SyncOnce>
    <ArcGISProfile>ItemDescription</ArcGISProfile>
  </Esri>
  <tool name="tool_0" displayname="CliffMetrics">
    <parameters>
      <param name="DEM" displayname="Elevation" type="Required" direction="Input">
        <dialogReference>&lt;p&gt;Elevation&lt;/p&gt;&lt;p&gt;Grid, input&lt;/p&gt;</dialogReference>
      </param>
      <param name="SEDIMENT_TOP" displayname="Sediment Top Elevation" type="Required" direction="Output">
        <dialogReference>&lt;p&gt;Sediment Top Elevation&lt;/p&gt;&lt;p&gt;Grid, output&lt;/p&gt;</dialogReference>
      </param>
      <param name="RASTER_COAST" displayname="Coastline" type="Optional" direction="Output">
        <dialogReference>&lt;p&gt;Coastline&lt;/p&gt;&lt;p&gt;Grid, output, optional&lt;/p&gt;&lt;p&gt;optional&lt;/p&gt;</dialogReference>
      </param>
      <param name="RASTER_NORMAL" displayname="Normals" type="Optional" direction="Output">
        <dialogReference>&lt;p&gt;Normals&lt;/p&gt;&lt;p&gt;Grid, output, optional&lt;/p&gt;&lt;p&gt;optional&lt;/p&gt;</dialogReference>
      </param>
      <param name="COAST_INITIAL" displayname="User Defined Coastline Points" type="Optional" direction="Input">
        <dialogReference>&lt;p&gt;User Defined Coastline Points&lt;/p&gt;&lt;p&gt;Shapes, input, optional&lt;/p&gt;&lt;p&gt;optional&lt;/p&gt;&lt;p&gt;if non empty, cliffmetric will use the user defined coastal line to draw the transects&lt;/p&gt;</dialogReference>
      </param>
      <param name="CoastSeaHandiness" displayname="Sea handiness" type="Optional" direction="Output">
        <dialogReference>&lt;p&gt;Sea handiness&lt;/p&gt;&lt;p&gt;Choice&lt;/p&gt;&lt;p&gt;Available Choices:&lt;/p&gt;&lt;p&gt;[0] right&lt;/p&gt;&lt;p&gt;[1] left&lt;/p&gt;&lt;p&gt;Default: 0&lt;/p&gt;&lt;p&gt;as you traverse the coastline, on which side of shoreline the sea is?&lt;/p&gt;</dialogReference>
      </param>
      <param name="StartEdgeUserCoastLine" displayname="Start edge coastline" type="Optional" direction="Output">
        <dialogReference>&lt;p&gt;Start edge coastline&lt;/p&gt;&lt;p&gt;Choice&lt;/p&gt;&lt;p&gt;Available Choices:&lt;/p&gt;&lt;p&gt;[0] North&lt;/p&gt;&lt;p&gt;[1] East&lt;/p&gt;&lt;p&gt;[2] South&lt;/p&gt;&lt;p&gt;[3] West&lt;/p&gt;&lt;p&gt;Default: 0&lt;/p&gt;&lt;p&gt;on which edge of the DTM the start of coastline is?&lt;/p&gt;</dialogReference>
      </param>
      <param name="EndEdgeUserCoastLine" displayname="End edge coastline" type="Optional" direction="Output">
        <dialogReference>&lt;p&gt;End edge coastline&lt;/p&gt;&lt;p&gt;Choice&lt;/p&gt;&lt;p&gt;Available Choices:&lt;/p&gt;&lt;p&gt;[0] North&lt;/p&gt;&lt;p&gt;[1] East&lt;/p&gt;&lt;p&gt;[2] South&lt;/p&gt;&lt;p&gt;[3] West&lt;/p&gt;&lt;p&gt;Default: 0&lt;/p&gt;&lt;p&gt;on which edge of the DTM the end of coastline is?&lt;/p&gt;</dialogReference>
      </param>
      <param name="COAST" displayname="Coastline" type="Required" direction="Output">
        <dialogReference>&lt;p&gt;Coastline&lt;/p&gt;&lt;p&gt;Shapes, output&lt;/p&gt;</dialogReference>
      </param>
      <param name="NORMALS" displayname="Coastline-Normal Profiles" type="Required" direction="Output">
        <dialogReference>&lt;p&gt;Coastline-Normal Profiles&lt;/p&gt;&lt;p&gt;Shapes, output&lt;/p&gt;</dialogReference>
      </param>
      <param name="CLIFF_TOP" displayname="Cliff Top Points" type="Required" direction="Output">
        <dialogReference>&lt;p&gt;Cliff Top Points&lt;/p&gt;&lt;p&gt;Shapes, output&lt;/p&gt;</dialogReference>
      </param>
      <param name="CLIFF_TOE" displayname="Cliff Toe Points" type="Required" direction="Output">
        <dialogReference>&lt;p&gt;Cliff Toe Points&lt;/p&gt;&lt;p&gt;Shapes, output&lt;/p&gt;</dialogReference>
      </param>
      <param name="COAST_POINT" displayname="Coast Points" type="Required" direction="Output">
        <dialogReference>&lt;p&gt;Coast Points&lt;/p&gt;&lt;p&gt;Shapes, output&lt;/p&gt;</dialogReference>
      </param>
      <param name="INVALID_NORMALS" displayname="Invalid Coastline-Normal Profiles" type="Optional" direction="Output">
        <dialogReference>&lt;p&gt;Invalid Coastline-Normal Profiles&lt;/p&gt;&lt;p&gt;Shapes, output, optional&lt;/p&gt;&lt;p&gt;optional&lt;/p&gt;</dialogReference>
      </param>
      <param name="COAST_CURVATURE" displayname="Coastline Curvature" type="Optional" direction="Output">
        <dialogReference>&lt;p&gt;Coastline Curvature&lt;/p&gt;&lt;p&gt;Shapes, output, optional&lt;/p&gt;&lt;p&gt;optional&lt;/p&gt;</dialogReference>
      </param>
      <param name="PROFILES" displayname="Profile Data" type="Required" direction="Output">
        <dialogReference>&lt;p&gt;Profile Data&lt;/p&gt;&lt;p&gt;Table, output&lt;/p&gt;</dialogReference>
      </param>
      <param name="StillWaterLevel" displayname="Still Water Level" type="Optional" direction="Output">
        <dialogReference>&lt;p&gt;Still Water Level&lt;/p&gt;&lt;p&gt;Floating point&lt;/p&gt;&lt;p&gt;Minimum: 0.000000&lt;/p&gt;&lt;p&gt;Default: 1.000000&lt;/p&gt;&lt;p&gt;Still water level (m) used to extract the shoreline.&lt;/p&gt;</dialogReference>
      </param>
      <param name="CoastSmooth" displayname="Coastline Smoothing Algorithm" type="Optional" direction="Output">
        <dialogReference>&lt;p&gt;Coastline Smoothing Algorithm&lt;/p&gt;&lt;p&gt;Choice&lt;/p&gt;&lt;p&gt;Available Choices:&lt;/p&gt;&lt;p&gt;[0] none&lt;/p&gt;&lt;p&gt;[1] running mean&lt;/p&gt;&lt;p&gt;[2] Savitsky-Golay&lt;/p&gt;&lt;p&gt;Default: 1&lt;/p&gt;&lt;p&gt;Vector coastline smoothing algorithm.&lt;/p&gt;</dialogReference>
      </param>
      <param name="CoastSmoothWindow" displayname="Coastline Smoothing Window Size" type="Optional" direction="Output">
        <dialogReference>&lt;p&gt;Coastline Smoothing Window Size&lt;/p&gt;&lt;p&gt;Integer&lt;/p&gt;&lt;p&gt;Minimum: 1&lt;/p&gt;&lt;p&gt;Default: 30&lt;/p&gt;&lt;p&gt;Size of coastline smoothing window, resulting kernel size will be: 1 + 2 * size.&lt;/p&gt;</dialogReference>
      </param>
      <param name="SavGolCoastPoly" displayname="Polynomial Order for Savitsky-Golay" type="Optional" direction="Output">
        <dialogReference>&lt;p&gt;Polynomial Order for Savitsky-Golay&lt;/p&gt;&lt;p&gt;Integer&lt;/p&gt;&lt;p&gt;Minimum: 1&lt;/p&gt;&lt;p&gt;Maximum: 6&lt;/p&gt;&lt;p&gt;Default: 4&lt;/p&gt;&lt;p&gt;Order of coastline profile smoothing polynomial for Savitsky-Golay smoothing: usually 2 or 4, max is 6.&lt;/p&gt;</dialogReference>
      </param>
      <param name="ScaleRasterOutput" displayname="Scale Raster Output Values" type="Optional" direction="Output">
        <dialogReference>&lt;p&gt;Scale Raster Output Values&lt;/p&gt;&lt;p&gt;Boolean&lt;/p&gt;&lt;p&gt;Default: 1&lt;/p&gt;&lt;p&gt;If needed, scale GIS raster output values.&lt;/p&gt;</dialogReference>
      </param>
      <param name="RandomCoastEdgeSearch" displayname="Random Edge for Coastline Search" type="Optional" direction="Output">
        <dialogReference>&lt;p&gt;Random Edge for Coastline Search&lt;/p&gt;&lt;p&gt;Boolean&lt;/p&gt;&lt;p&gt;Default: 1&lt;/p&gt;&lt;p&gt;Random edge for coastline search.&lt;/p&gt;</dialogReference>
      </param>
      <param name="CoastNormalLength" displayname="Length of Coastline Normals" type="Optional" direction="Output">
        <dialogReference>&lt;p&gt;Length of Coastline Normals&lt;/p&gt;&lt;p&gt;Floating point&lt;/p&gt;&lt;p&gt;Minimum: 0.010000&lt;/p&gt;&lt;p&gt;Default: 500.000000&lt;/p&gt;&lt;p&gt;Length of coastline normals (m).&lt;/p&gt;</dialogReference>
      </param>
      <param name="EleTolerance" displayname="Vertical Tolerance" type="Optional" direction="Output">
        <dialogReference>&lt;p&gt;Vertical Tolerance&lt;/p&gt;&lt;p&gt;Floating point&lt;/p&gt;&lt;p&gt;Minimum: 0.010000&lt;/p&gt;&lt;p&gt;Default: 0.500000&lt;/p&gt;&lt;p&gt;Vertical tolerance to avoid false cliff tops and toes.&lt;/p&gt;</dialogReference>
      </param>
      <param name="OutPath" displayname="Main Output File Directory" type="Optional" direction="Output">
        <dialogReference>&lt;p&gt;Main Output File Directory&lt;/p&gt;&lt;p&gt;File path&lt;/p&gt;</dialogReference>
      </param>
    </parameters>
    <summary>CliffMetrics (Automatic Cliff Metrics delineation) delineates the location of the coastline, coastline normals, and cliff top and toe location along these normals. </summary>
  </tool>
  <dataIdInfo>
    <idCitation>
      <resTitle>SAGA Interface by O.Conrad (c) 2019, CliffMetrics by Payo et al. (c) 2018</resTitle>
    </idCitation>
    <idCredit>Conrad, O., Bechtel, B., Bock, M., Dietrich, H., Fischer, E., Gerlitz, L., Wehberg, J., Wichmann, V., and Boehner, J. (2015): System for Automated Geoscientific Analyses (SAGA) v. 2.1.4, Geosci. Model Dev., 8, 1991-2007, doi:10.5194/gmd-8-1991-2015. [SAGA - System for Automated Geoscientific Analyses - saga-gis.org] </idCredit>
    <searchKeys>
      <SAGA></SAGA>
    </searchKeys>
  </dataIdInfo>
</metadata>
