<?xml version="1.0" encoding="UTF-8"?>
<metadata xml:lang="en">
  <Esri>
    <CreaDate>20150910</CreaDate>
    <CreaTime>11550000</CreaTime>
    <ArcGISFormat>1.0</ArcGISFormat>
    <SyncOnce>TRUE</SyncOnce>
    <ArcGISProfile>ItemDescription</ArcGISProfile>
  </Esri>
  <tool name="tool_3" displayname="Fill Sinks (Planchon/Darboux, 2001)">
    <parameters>
      <param name="DEM" displayname="DEM" type="Required" direction="Input">
        <dialogReference>&lt;p&gt;DEM&lt;/p&gt;&lt;p&gt;Grid, input&lt;/p&gt;&lt;p&gt;digital elevation model [m]&lt;/p&gt;</dialogReference>
      </param>
      <param name="RESULT" displayname="Filled DEM" type="Required" direction="Output">
        <dialogReference>&lt;p&gt;Filled DEM&lt;/p&gt;&lt;p&gt;Grid, output&lt;/p&gt;&lt;p&gt;processed DEM&lt;/p&gt;</dialogReference>
      </param>
      <param name="MINSLOPE" displayname="Minimum Slope [Degree]" type="Optional" direction="Output">
        <dialogReference>&lt;p&gt;Minimum Slope [Degree]&lt;/p&gt;&lt;p&gt;Floating point&lt;/p&gt;&lt;p&gt;Minimum: 0.000000&lt;/p&gt;&lt;p&gt;Default: 0.010000&lt;/p&gt;&lt;p&gt;minimum slope angle preserved from one cell to the next, zero results in flat areas [Degree]&lt;/p&gt;</dialogReference>
      </param>
    </parameters>
    <summary>Depression filling algorithm after Olivier Planchon & Frederic Darboux (2001). </summary>
  </tool>
  <dataIdInfo>
    <idCitation>
      <resTitle>Volker Wichmann (c) 2003</resTitle>
    </idCitation>
    <idCredit>Conrad, O., Bechtel, B., Bock, M., Dietrich, H., Fischer, E., Gerlitz, L., Wehberg, J., Wichmann, V., and Boehner, J. (2015): System for Automated Geoscientific Analyses (SAGA) v. 2.1.4, Geosci. Model Dev., 8, 1991-2007, doi:10.5194/gmd-8-1991-2015. [SAGA - System for Automated Geoscientific Analyses - saga-gis.org] </idCredit>
    <searchKeys>
      <SAGA></SAGA>
    </searchKeys>
  </dataIdInfo>
</metadata>
