<?xml version="1.0" encoding="UTF-8"?>
<metadata xml:lang="en">
  <Esri>
    <CreaDate>20150910</CreaDate>
    <CreaTime>11550000</CreaTime>
    <ArcGISFormat>1.0</ArcGISFormat>
    <SyncOnce>TRUE</SyncOnce>
    <ArcGISProfile>ItemDescription</ArcGISProfile>
  </Esri>
  <tool name="tool_23" displayname="Morphometric Features">
    <parameters>
      <param name="DEM" displayname="Elevation" type="Required" direction="Input">
        <dialogReference>&lt;p&gt;Elevation&lt;/p&gt;&lt;p&gt;Grid, input&lt;/p&gt;</dialogReference>
      </param>
      <param name="FEATURES" displayname="Morphometric Features" type="Required" direction="Output">
        <dialogReference>&lt;p&gt;Morphometric Features&lt;/p&gt;&lt;p&gt;Grid, output&lt;/p&gt;</dialogReference>
      </param>
      <param name="ELEVATION" displayname="Generalized Surface" type="Optional" direction="Output">
        <dialogReference>&lt;p&gt;Generalized Surface&lt;/p&gt;&lt;p&gt;Grid, output, optional&lt;/p&gt;&lt;p&gt;optional&lt;/p&gt;</dialogReference>
      </param>
      <param name="SLOPE" displayname="Slope" type="Optional" direction="Output">
        <dialogReference>&lt;p&gt;Slope&lt;/p&gt;&lt;p&gt;Grid, output, optional&lt;/p&gt;&lt;p&gt;optional&lt;/p&gt;</dialogReference>
      </param>
      <param name="ASPECT" displayname="Aspect" type="Optional" direction="Output">
        <dialogReference>&lt;p&gt;Aspect&lt;/p&gt;&lt;p&gt;Grid, output, optional&lt;/p&gt;&lt;p&gt;optional&lt;/p&gt;</dialogReference>
      </param>
      <param name="PROFC" displayname="Profile Curvature" type="Optional" direction="Output">
        <dialogReference>&lt;p&gt;Profile Curvature&lt;/p&gt;&lt;p&gt;Grid, output, optional&lt;/p&gt;&lt;p&gt;optional&lt;/p&gt;</dialogReference>
      </param>
      <param name="PLANC" displayname="Plan Curvature" type="Optional" direction="Output">
        <dialogReference>&lt;p&gt;Plan Curvature&lt;/p&gt;&lt;p&gt;Grid, output, optional&lt;/p&gt;&lt;p&gt;optional&lt;/p&gt;</dialogReference>
      </param>
      <param name="LONGC" displayname="Longitudinal Curvature" type="Optional" direction="Output">
        <dialogReference>&lt;p&gt;Longitudinal Curvature&lt;/p&gt;&lt;p&gt;Grid, output, optional&lt;/p&gt;&lt;p&gt;optional&lt;/p&gt;</dialogReference>
      </param>
      <param name="CROSC" displayname="Cross-Sectional Curvature" type="Optional" direction="Output">
        <dialogReference>&lt;p&gt;Cross-Sectional Curvature&lt;/p&gt;&lt;p&gt;Grid, output, optional&lt;/p&gt;&lt;p&gt;optional&lt;/p&gt;</dialogReference>
      </param>
      <param name="MAXIC" displayname="Maximum Curvature" type="Optional" direction="Output">
        <dialogReference>&lt;p&gt;Maximum Curvature&lt;/p&gt;&lt;p&gt;Grid, output, optional&lt;/p&gt;&lt;p&gt;optional&lt;/p&gt;</dialogReference>
      </param>
      <param name="MINIC" displayname="Minimum Curvature" type="Optional" direction="Output">
        <dialogReference>&lt;p&gt;Minimum Curvature&lt;/p&gt;&lt;p&gt;Grid, output, optional&lt;/p&gt;&lt;p&gt;optional&lt;/p&gt;</dialogReference>
      </param>
      <param name="SIZE" displayname="Scale Radius (Cells)" type="Optional" direction="Output">
        <dialogReference>&lt;p&gt;Scale Radius (Cells)&lt;/p&gt;&lt;p&gt;Integer&lt;/p&gt;&lt;p&gt;Minimum: 1&lt;/p&gt;&lt;p&gt;Default: 5&lt;/p&gt;&lt;p&gt;Size of processing window (= 1 + 2 * radius) given as number of cells&lt;/p&gt;</dialogReference>
      </param>
      <param name="TOL_SLOPE" displayname="Slope Tolerance" type="Optional" direction="Output">
        <dialogReference>&lt;p&gt;Slope Tolerance&lt;/p&gt;&lt;p&gt;Floating point&lt;/p&gt;&lt;p&gt;Default: 1.000000&lt;/p&gt;&lt;p&gt;Slope tolerance that defines a 'flat' surface (degrees)&lt;/p&gt;</dialogReference>
      </param>
      <param name="TOL_CURVE" displayname="Curvature Tolerance" type="Optional" direction="Output">
        <dialogReference>&lt;p&gt;Curvature Tolerance&lt;/p&gt;&lt;p&gt;Floating point&lt;/p&gt;&lt;p&gt;Default: 0.000100&lt;/p&gt;&lt;p&gt;Curvature tolerance that defines 'planar' surface&lt;/p&gt;</dialogReference>
      </param>
      <param name="EXPONENT" displayname="Distance Weighting Exponent" type="Optional" direction="Output">
        <dialogReference>&lt;p&gt;Distance Weighting Exponent&lt;/p&gt;&lt;p&gt;Floating point&lt;/p&gt;&lt;p&gt;Minimum: 0.000000&lt;/p&gt;&lt;p&gt;Maximum: 4.000000&lt;/p&gt;&lt;p&gt;Default: 0.000000&lt;/p&gt;&lt;p&gt;Exponent for distance weighting (0.0-4.0)&lt;/p&gt;</dialogReference>
      </param>
      <param name="ZSCALE" displayname="Vertical Scaling" type="Optional" direction="Output">
        <dialogReference>&lt;p&gt;Vertical Scaling&lt;/p&gt;&lt;p&gt;Floating point&lt;/p&gt;&lt;p&gt;Default: 1.000000&lt;/p&gt;&lt;p&gt;Vertical scaling factor&lt;/p&gt;</dialogReference>
      </param>
      <param name="CONSTRAIN" displayname="Constrain" type="Optional" direction="Output">
        <dialogReference>&lt;p&gt;Constrain&lt;/p&gt;&lt;p&gt;Boolean&lt;/p&gt;&lt;p&gt;Default: 0&lt;/p&gt;&lt;p&gt;Constrain model through central window cell&lt;/p&gt;</dialogReference>
      </param>
    </parameters>
    <summary>Uses a multi-scale approach by fitting quadratic parameters to any size window (via least squares) to derive slope, aspect and curvatures (optional output) for subsequent classification of morphometric features (peaks, ridges, passes, channels, pits and planes). This is the method as proposed and implemented by Jo Wood (1996) in LandSerf and GRASS GIS (r.param.scale). 

Optional output is described in the following. Generalised elevation is the smoothed input DEM. Slope is the magnitude of maximum gradient. It is given for steepest slope angle and measured in degrees. Aspect is the direction of maximum gradient. Profile curvature is the curvature intersecting with the plane defined by the Z axis and maximum gradient direction. Positive values describe convex profile curvature, negative values concave profile. Plan curvature is the horizontal curvature, intersecting with the XY plane. Longitudinal curvature is the profile curvature intersecting with the plane defined by the surface normal and maximum gradient direction. Cross-sectional curvature is the tangential curvature intersecting with the plane defined by the surface normal and a tangent to the contour - perpendicular to maximum gradient direction. Minimum curvature is measured in direction perpendicular to the direction of of maximum curvature. The maximum curvature is measured in any direction. 

References:

Wood, J. (1996): The Geomorphological characterisation of Digital Elevation Models. Diss., Department of Geography, University of Leicester, U.K. &lt;a target="_blank" href="http://www.soi.city.ac.uk/~jwo/phd/"&gt;online&lt;/a&gt;.

Wood, J. (2009): Geomorphometry in LandSerf. In: Hengl, T. and Reuter, H.I. [Eds.]: Geomorphometry: Concepts, Software, Applications. Developments in Soil Science, Elsevier, Vol.33, 333-349.

&lt;a target="_blank" href="http://www.landserf.org/"&gt;LandSerf Homepage&lt;/a&gt;.</summary>
  </tool>
  <dataIdInfo>
    <idCitation>
      <resTitle>O.Conrad (c) 2013</resTitle>
    </idCitation>
    <idCredit>Conrad, O., Bechtel, B., Bock, M., Dietrich, H., Fischer, E., Gerlitz, L., Wehberg, J., Wichmann, V., and Boehner, J. (2015): System for Automated Geoscientific Analyses (SAGA) v. 2.1.4, Geosci. Model Dev., 8, 1991-2007, doi:10.5194/gmd-8-1991-2015. [SAGA - System for Automated Geoscientific Analyses - saga-gis.org] </idCredit>
    <searchKeys>
      <SAGA></SAGA>
    </searchKeys>
  </dataIdInfo>
</metadata>
