<?xml version="1.0" encoding="UTF-8"?>
<metadata xml:lang="en">
  <Esri>
    <CreaDate>20150910</CreaDate>
    <CreaTime>11550000</CreaTime>
    <ArcGISFormat>1.0</ArcGISFormat>
    <SyncOnce>TRUE</SyncOnce>
    <ArcGISProfile>ItemDescription</ArcGISProfile>
  </Esri>
  <tool name="tool_6" displayname="Flow Path Length">
    <parameters>
      <param name="ELEVATION" displayname="Elevation" type="Required" direction="Input">
        <dialogReference>&lt;p&gt;Elevation&lt;/p&gt;&lt;p&gt;Grid, input&lt;/p&gt;</dialogReference>
      </param>
      <param name="SEED" displayname="Seeds" type="Optional" direction="Input">
        <dialogReference>&lt;p&gt;Seeds&lt;/p&gt;&lt;p&gt;Grid, input, optional&lt;/p&gt;&lt;p&gt;optional&lt;/p&gt;</dialogReference>
      </param>
      <param name="LENGTH" displayname="Flow Path Length" type="Required" direction="Output">
        <dialogReference>&lt;p&gt;Flow Path Length&lt;/p&gt;&lt;p&gt;Grid, output&lt;/p&gt;</dialogReference>
      </param>
      <param name="SEEDS_ONLY" displayname="Seeds Only" type="Optional" direction="Output">
        <dialogReference>&lt;p&gt;Seeds Only&lt;/p&gt;&lt;p&gt;Boolean&lt;/p&gt;&lt;p&gt;Default: 0&lt;/p&gt;&lt;p&gt;Use only seed cells as starting points.&lt;/p&gt;</dialogReference>
      </param>
      <param name="METHOD" displayname="Flow Routing Algorithm" type="Optional" direction="Output">
        <dialogReference>&lt;p&gt;Flow Routing Algorithm&lt;/p&gt;&lt;p&gt;Choice&lt;/p&gt;&lt;p&gt;Available Choices:&lt;/p&gt;&lt;p&gt;[0] Deterministic 8 (D8)&lt;/p&gt;&lt;p&gt;[1] Multiple Flow Direction (FD8)&lt;/p&gt;&lt;p&gt;Default: 1&lt;/p&gt;</dialogReference>
      </param>
      <param name="CONVERGENCE" displayname="Convergence (FD8)" type="Optional" direction="Output">
        <dialogReference>&lt;p&gt;Convergence (FD8)&lt;/p&gt;&lt;p&gt;Floating point&lt;/p&gt;&lt;p&gt;Minimum: 0.001000&lt;/p&gt;&lt;p&gt;Default: 1.100000&lt;/p&gt;&lt;p&gt;Convergence factor for the 'Multiple Flow Direction' algorithm (after Freeman 1991)&lt;/p&gt;</dialogReference>
      </param>
    </parameters>
    <summary>This tool calculates the average flow path length starting from the seeds, that are given by the optional 'Seeds' grid and optionally from cells without upslope contributing areas (i.e. summits, ridges). Seeds will be all grid cells, that are not 'no data' values. If seeds are not given, only summits and ridges as given by the flow routing will be taken into account. Available flow routing methods are based on the 'Deterministic 8 (D8)' (Callaghan and Mark 1984) and the 'Multiple Flow Direction (FD8)' (Freeman 1991, Quinn et al. 1991) algorithms.</summary>
  </tool>
  <dataIdInfo>
    <idCitation>
      <resTitle>O.Conrad (c) 2005</resTitle>
    </idCitation>
    <idCredit>Conrad, O., Bechtel, B., Bock, M., Dietrich, H., Fischer, E., Gerlitz, L., Wehberg, J., Wichmann, V., and Boehner, J. (2015): System for Automated Geoscientific Analyses (SAGA) v. 2.1.4, Geosci. Model Dev., 8, 1991-2007, doi:10.5194/gmd-8-1991-2015. [SAGA - System for Automated Geoscientific Analyses - saga-gis.org] </idCredit>
    <searchKeys>
      <SAGA></SAGA>
    </searchKeys>
  </dataIdInfo>
</metadata>
