<?xml version="1.0" encoding="UTF-8"?>
<metadata xml:lang="en">
  <Esri>
    <CreaDate>20150910</CreaDate>
    <CreaTime>11550000</CreaTime>
    <ArcGISFormat>1.0</ArcGISFormat>
    <SyncOnce>TRUE</SyncOnce>
    <ArcGISProfile>ItemDescription</ArcGISProfile>
  </Esri>
  <tool name="tool_4" displayname="Curvature Classification">
    <parameters>
      <param name="DEM" displayname="Elevation" type="Required" direction="Input">
        <dialogReference>&lt;p&gt;Elevation&lt;/p&gt;&lt;p&gt;Grid, input&lt;/p&gt;</dialogReference>
      </param>
      <param name="CLASSES" displayname="Curvature Classification" type="Required" direction="Output">
        <dialogReference>&lt;p&gt;Curvature Classification&lt;/p&gt;&lt;p&gt;Grid, output&lt;/p&gt;</dialogReference>
      </param>
      <param name="STRAIGHT" displayname="Threshold Radius" type="Optional" direction="Output">
        <dialogReference>&lt;p&gt;Threshold Radius&lt;/p&gt;&lt;p&gt;Floating point&lt;/p&gt;&lt;p&gt;Minimum: 0.000010&lt;/p&gt;&lt;p&gt;Default: 2000.000000&lt;/p&gt;&lt;p&gt;Curvature radius threshold [map units] to distinct between straight and curved surfaces.&lt;/p&gt;</dialogReference>
      </param>
      <param name="VERTICAL" displayname="Vertical Curvature" type="Optional" direction="Output">
        <dialogReference>&lt;p&gt;Vertical Curvature&lt;/p&gt;&lt;p&gt;Choice&lt;/p&gt;&lt;p&gt;Available Choices:&lt;/p&gt;&lt;p&gt;[0] longitudinal curvature&lt;/p&gt;&lt;p&gt;[1] profile curvature&lt;/p&gt;&lt;p&gt;Default: 1&lt;/p&gt;</dialogReference>
      </param>
      <param name="HORIZONTAL" displayname="Horizontal Curvature" type="Optional" direction="Output">
        <dialogReference>&lt;p&gt;Horizontal Curvature&lt;/p&gt;&lt;p&gt;Choice&lt;/p&gt;&lt;p&gt;Available Choices:&lt;/p&gt;&lt;p&gt;[0] cross-sectional curvature&lt;/p&gt;&lt;p&gt;[1] tangential curvature&lt;/p&gt;&lt;p&gt;Default: 1&lt;/p&gt;</dialogReference>
      </param>
      <param name="SMOOTH" displayname="Smoothing" type="Optional" direction="Output">
        <dialogReference>&lt;p&gt;Smoothing&lt;/p&gt;&lt;p&gt;Integer&lt;/p&gt;&lt;p&gt;Minimum: 0&lt;/p&gt;&lt;p&gt;Default: 0&lt;/p&gt;&lt;p&gt;Smoothing kernel radius. No smoothing will be done, if set to zero.&lt;/p&gt;</dialogReference>
      </param>
    </parameters>
    <summary>Landform classification based on the profile and tangential (across slope) curvatures. </summary>
  </tool>
  <dataIdInfo>
    <idCitation>
      <resTitle>O.Conrad (c) 2001</resTitle>
    </idCitation>
    <idCredit>Conrad, O., Bechtel, B., Bock, M., Dietrich, H., Fischer, E., Gerlitz, L., Wehberg, J., Wichmann, V., and Boehner, J. (2015): System for Automated Geoscientific Analyses (SAGA) v. 2.1.4, Geosci. Model Dev., 8, 1991-2007, doi:10.5194/gmd-8-1991-2015. [SAGA - System for Automated Geoscientific Analyses - saga-gis.org] </idCredit>
    <searchKeys>
      <SAGA></SAGA>
    </searchKeys>
  </dataIdInfo>
</metadata>
