<?xml version="1.0" encoding="UTF-8"?>
<metadata xml:lang="en">
  <Esri>
    <CreaDate>20150910</CreaDate>
    <CreaTime>11550000</CreaTime>
    <ArcGISFormat>1.0</ArcGISFormat>
    <SyncOnce>TRUE</SyncOnce>
    <ArcGISProfile>ItemDescription</ArcGISProfile>
  </Esri>
  <tool name="tool_26" displayname="Upslope and Downslope Curvature">
    <parameters>
      <param name="DEM" displayname="Elevation" type="Required" direction="Input">
        <dialogReference>&lt;p&gt;Elevation&lt;/p&gt;&lt;p&gt;Grid, input&lt;/p&gt;</dialogReference>
      </param>
      <param name="C_LOCAL" displayname="Local Curvature" type="Required" direction="Output">
        <dialogReference>&lt;p&gt;Local Curvature&lt;/p&gt;&lt;p&gt;Grid, output&lt;/p&gt;</dialogReference>
      </param>
      <param name="C_UP" displayname="Upslope Curvature" type="Required" direction="Output">
        <dialogReference>&lt;p&gt;Upslope Curvature&lt;/p&gt;&lt;p&gt;Grid, output&lt;/p&gt;</dialogReference>
      </param>
      <param name="C_UP_LOCAL" displayname="Local Upslope Curvature" type="Required" direction="Output">
        <dialogReference>&lt;p&gt;Local Upslope Curvature&lt;/p&gt;&lt;p&gt;Grid, output&lt;/p&gt;</dialogReference>
      </param>
      <param name="C_DOWN" displayname="Downslope Curvature" type="Required" direction="Output">
        <dialogReference>&lt;p&gt;Downslope Curvature&lt;/p&gt;&lt;p&gt;Grid, output&lt;/p&gt;</dialogReference>
      </param>
      <param name="C_DOWN_LOCAL" displayname="Local Downslope Curvature" type="Required" direction="Output">
        <dialogReference>&lt;p&gt;Local Downslope Curvature&lt;/p&gt;&lt;p&gt;Grid, output&lt;/p&gt;</dialogReference>
      </param>
      <param name="WEIGHTING" displayname="Upslope Weighting" type="Optional" direction="Output">
        <dialogReference>&lt;p&gt;Upslope Weighting&lt;/p&gt;&lt;p&gt;Floating point&lt;/p&gt;&lt;p&gt;Minimum: 0.000000&lt;/p&gt;&lt;p&gt;Maximum: 1.000000&lt;/p&gt;&lt;p&gt;Default: 0.500000&lt;/p&gt;</dialogReference>
      </param>
    </parameters>
    <summary>This tool first calculates the local curvature of a cell as sum of the gradients (i.e. tangens of slope) to its neighbour cells. This is a simple estimation of the general curvature and is strongly correlated with general curvatures calculated with other methods (e.g. Zevenbergen & Thorne 1987). Then upslope curvature is calculated as the distance and flow proportional weighted average local curvature over a cell's upslope contributing area following the multiple flow direction algorithm after Freeman (1991). In a similar way the downslope curvature is calculated by summarizing the curvatures of all hydrologically downslope connected cells. The local upslope/downslope curvatures just take the immediately neighboured cells into account. </summary>
  </tool>
  <dataIdInfo>
    <idCitation>
      <resTitle>P.Gandelli, O.Conrad (c) 2015</resTitle>
    </idCitation>
    <idCredit>Conrad, O., Bechtel, B., Bock, M., Dietrich, H., Fischer, E., Gerlitz, L., Wehberg, J., Wichmann, V., and Boehner, J. (2015): System for Automated Geoscientific Analyses (SAGA) v. 2.1.4, Geosci. Model Dev., 8, 1991-2007, doi:10.5194/gmd-8-1991-2015. [SAGA - System for Automated Geoscientific Analyses - saga-gis.org] </idCredit>
    <searchKeys>
      <SAGA></SAGA>
    </searchKeys>
  </dataIdInfo>
</metadata>
