ArcGIS Pro,CitySim,GRASS GIS,Ladybug,SAGA GIS,SimStadt,Weather data,doy,month,diff_ArcGIS Pro,diff_p_ArcGIS Pro,diff_CitySim,diff_p_CitySim,diff_GRASS GIS,diff_p_GRASS GIS,diff_Ladybug,diff_p_Ladybug,diff_SAGA GIS,diff_p_SAGA GIS,diff_SimStadt,diff_p_SimStadt
4.35,5.26,2.82,5.38,7.32,4.75,5.4,1,1,1.05,-0.19,0.14,-0.03,2.58,-0.48,0.02,-0.0,1.92,0.35,0.65,-0.12
5.14,4.37,2.39,4.47,7.32,4.22,4.51,2,1,0.63,0.14,0.14,-0.03,2.12,-0.47,0.03,-0.01,2.82,0.63,0.29,-0.06
4.42,4.68,2.74,4.79,7.33,4.42,4.82,3,1,0.4,-0.08,0.13,-0.03,2.08,-0.43,0.03,-0.01,2.51,0.52,0.4,-0.08
4.13,4.96,2.73,5.01,7.34,4.54,5.02,4,1,0.9,-0.18,0.06,-0.01,2.29,-0.46,0.02,-0.0,2.31,0.46,0.49,-0.1
4.86,5.13,2.24,5.18,7.34,4.78,5.21,5,1,0.35,-0.07,0.08,-0.02,2.97,-0.57,0.03,-0.01,2.14,0.41,0.43,-0.08
4.62,5.58,2.23,5.64,7.35,4.97,5.69,6,1,1.06,-0.19,0.11,-0.02,3.45,-0.61,0.05,-0.01,1.66,0.29,0.72,-0.13
4.44,5.96,2.23,6.02,7.35,5.15,6.04,7,1,1.6,-0.26,0.08,-0.01,3.8,-0.63,0.02,-0.0,1.32,0.22,0.88,-0.15
4.82,5.34,2.23,5.41,7.36,4.61,5.41,8,1,0.6,-0.11,0.08,-0.01,3.18,-0.59,0.0,-0.0,1.95,0.36,0.8,-0.15
5.4,5.58,2.23,5.66,7.36,4.87,5.71,9,1,0.31,-0.05,0.13,-0.02,3.48,-0.61,0.05,-0.01,1.65,0.29,0.85,-0.15
6.16,5.54,1.84,5.61,7.37,4.85,5.68,10,1,0.48,0.08,0.14,-0.03,3.84,-0.68,0.08,-0.01,1.69,0.3,0.83,-0.15
5.51,5.24,1.84,5.29,7.37,4.79,5.32,11,1,0.19,0.04,0.08,-0.01,3.48,-0.65,0.02,-0.0,2.05,0.39,0.53,-0.1
5.01,4.69,2.33,4.73,7.37,4.43,4.75,12,1,0.27,0.06,0.06,-0.01,2.41,-0.51,0.02,-0.0,2.63,0.55,0.32,-0.07
5.35,4.85,1.83,4.9,7.38,4.51,4.95,13,1,0.4,0.08,0.1,-0.02,3.12,-0.63,0.05,-0.01,2.43,0.49,0.44,-0.09
4.78,4.78,2.13,4.84,7.38,4.34,4.87,14,1,0.09,-0.02,0.09,-0.02,2.74,-0.56,0.03,-0.01,2.51,0.51,0.53,-0.11
5.5,4.72,2.62,4.77,7.38,4.46,4.81,15,1,0.69,0.14,0.09,-0.02,2.19,-0.46,0.04,-0.01,2.57,0.53,0.35,-0.07
5.46,5.4,2.27,5.47,7.38,4.8,5.51,16,1,0.05,-0.01,0.11,-0.02,3.24,-0.59,0.04,-0.01,1.87,0.34,0.71,-0.13
5.47,4.87,2.27,4.91,7.38,4.52,4.96,17,1,0.51,0.1,0.09,-0.02,2.69,-0.54,0.05,-0.01,2.42,0.49,0.44,-0.09
5.46,4.95,2.27,5.07,7.38,4.58,5.08,18,1,0.38,0.07,0.13,-0.03,2.81,-0.55,0.01,-0.0,2.3,0.45,0.5,-0.1
5.47,4.86,2.27,4.91,7.36,4.63,4.95,19,1,0.52,0.1,0.09,-0.02,2.68,-0.54,0.04,-0.01,2.42,0.49,0.32,-0.06
6.16,4.52,2.26,4.56,7.36,4.3,4.58,20,1,1.58,0.34,0.07,-0.01,2.32,-0.51,0.02,-0.0,2.78,0.61,0.29,-0.06
5.43,4.5,1.77,4.6,7.36,4.29,4.63,21,1,0.81,0.17,0.13,-0.03,2.86,-0.62,0.02,-0.01,2.74,0.59,0.34,-0.07
5.42,4.27,1.77,4.31,7.36,4.11,4.33,22,1,1.09,0.25,0.06,-0.01,2.57,-0.59,0.02,-0.01,3.03,0.7,0.23,-0.05
4.7,4.63,2.2,4.69,7.36,4.18,4.68,23,1,0.02,0.0,0.05,-0.01,2.48,-0.53,0.0,0.0,2.68,0.57,0.5,-0.11
6.12,5.6,2.2,5.68,7.36,4.65,5.66,24,1,0.46,0.08,0.06,-0.01,3.46,-0.61,0.02,0.0,1.7,0.3,1.01,-0.18
5.39,5.76,2.2,5.83,7.36,4.9,5.82,25,1,0.43,-0.07,0.06,-0.01,3.62,-0.62,0.01,0.0,1.54,0.26,0.92,-0.16
5.38,4.81,2.2,4.87,7.35,4.49,4.92,26,1,0.47,0.1,0.11,-0.02,2.72,-0.55,0.05,-0.01,2.44,0.5,0.42,-0.09
4.67,4.81,2.19,4.85,7.35,4.57,4.9,27,1,0.23,-0.05,0.09,-0.02,2.71,-0.55,0.05,-0.01,2.45,0.5,0.33,-0.07
6.08,5.21,2.19,5.27,7.35,4.86,5.36,28,1,0.72,0.13,0.15,-0.03,3.17,-0.59,0.09,-0.02,1.99,0.37,0.5,-0.09
5.34,4.94,1.7,5.0,7.36,4.56,5.04,29,1,0.3,0.06,0.1,-0.02,3.35,-0.66,0.04,-0.01,2.32,0.46,0.48,-0.1
5.34,4.65,1.46,4.69,8.03,4.42,4.73,30,1,0.61,0.13,0.08,-0.02,3.27,-0.69,0.04,-0.01,3.3,0.7,0.31,-0.06
5.34,5.57,1.46,5.68,8.02,5.02,5.75,31,1,0.4,-0.07,0.18,-0.03,4.29,-0.75,0.07,-0.01,2.28,0.4,0.73,-0.13
5.31,5.93,1.63,6.01,8.0,4.94,6.02,32,2,0.71,-0.12,0.09,-0.02,4.39,-0.73,0.0,-0.0,1.98,0.33,1.08,-0.18
5.3,5.42,1.63,5.48,7.99,4.67,5.49,33,2,0.19,-0.03,0.07,-0.01,3.86,-0.7,0.0,-0.0,2.51,0.46,0.82,-0.15
5.31,5.66,1.62,5.74,7.31,4.97,5.79,34,2,0.49,-0.08,0.13,-0.02,4.17,-0.72,0.05,-0.01,1.52,0.26,0.82,-0.14
5.98,4.85,1.62,4.91,7.3,4.53,4.95,35,2,1.03,0.21,0.1,-0.02,3.33,-0.67,0.04,-0.01,2.35,0.47,0.43,-0.09
5.26,5.33,1.62,5.46,7.29,4.88,5.5,36,2,0.24,-0.04,0.16,-0.03,3.88,-0.71,0.04,-0.01,1.8,0.33,0.62,-0.11
5.26,5.1,1.92,5.15,7.28,4.65,5.18,37,2,0.08,0.02,0.08,-0.02,3.26,-0.63,0.03,-0.01,2.1,0.41,0.53,-0.1
5.93,5.52,1.91,5.59,6.59,4.82,5.65,38,2,0.29,0.05,0.13,-0.02,3.73,-0.66,0.06,-0.01,0.95,0.17,0.83,-0.15
5.21,6.19,1.91,6.28,6.59,5.06,6.29,39,2,1.08,-0.17,0.1,-0.02,4.38,-0.7,0.02,-0.0,0.29,0.05,1.23,-0.2
5.21,6.05,1.91,6.13,6.58,4.93,6.12,40,2,0.91,-0.15,0.07,-0.01,4.22,-0.69,0.0,0.0,0.45,0.07,1.19,-0.19
5.88,5.3,2.01,5.42,6.57,4.46,5.4,41,2,0.48,0.09,0.1,-0.02,3.39,-0.63,0.02,0.0,1.16,0.22,0.94,-0.17
5.16,5.35,2.01,5.41,6.55,4.38,5.4,42,2,0.24,-0.04,0.05,-0.01,3.39,-0.63,0.01,0.0,1.15,0.21,1.03,-0.19
5.16,5.37,2.01,5.44,6.54,4.52,5.47,43,2,0.31,-0.06,0.1,-0.02,3.47,-0.63,0.04,-0.01,1.07,0.2,0.95,-0.17
5.83,4.72,1.89,4.76,6.53,4.35,4.8,44,2,1.02,0.21,0.08,-0.02,2.91,-0.61,0.04,-0.01,1.73,0.36,0.45,-0.09
5.11,5.3,1.89,5.36,7.18,4.45,5.36,45,2,0.26,-0.05,0.07,-0.01,3.48,-0.65,0.01,-0.0,1.81,0.34,0.91,-0.17
5.78,4.57,1.88,4.62,7.16,4.12,4.63,46,2,1.16,0.25,0.06,-0.01,2.75,-0.59,0.01,-0.0,2.53,0.55,0.51,-0.11
5.07,5.21,1.42,5.27,7.15,4.34,5.3,47,2,0.23,-0.04,0.09,-0.02,3.89,-0.73,0.03,-0.01,1.85,0.35,0.96,-0.18
5.05,5.42,1.41,5.48,7.14,4.68,5.51,48,2,0.45,-0.08,0.09,-0.02,4.09,-0.74,0.03,-0.01,1.64,0.3,0.83,-0.15
5.72,5.29,1.89,5.34,7.13,4.59,5.37,49,2,0.35,0.07,0.08,-0.01,3.48,-0.65,0.03,-0.01,1.76,0.33,0.78,-0.15
5.01,5.96,1.93,6.02,7.1,4.5,5.97,50,2,0.96,-0.16,0.02,-0.0,4.04,-0.68,0.04,0.01,1.13,0.19,1.47,-0.25
5.01,5.85,1.93,5.92,7.09,4.25,5.93,51,2,0.93,-0.16,0.08,-0.01,4.01,-0.68,0.01,-0.0,1.15,0.19,1.68,-0.28
4.97,5.54,1.87,5.61,7.07,4.34,5.66,52,2,0.69,-0.12,0.12,-0.02,3.79,-0.67,0.05,-0.01,1.41,0.25,1.32,-0.23
4.95,5.55,2.33,5.6,7.06,4.43,5.62,53,2,0.68,-0.12,0.07,-0.01,3.3,-0.59,0.02,-0.0,1.43,0.25,1.2,-0.21
5.6,5.66,2.76,5.72,7.04,4.57,5.75,54,2,0.15,-0.03,0.09,-0.02,3.0,-0.52,0.03,-0.01,1.29,0.22,1.19,-0.21
4.9,5.03,2.75,5.08,7.02,4.14,5.08,55,2,0.18,-0.03,0.05,-0.01,2.33,-0.46,0.0,0.0,1.94,0.38,0.94,-0.19
4.9,4.97,2.74,5.03,7.0,4.4,5.07,56,2,0.17,-0.03,0.09,-0.02,2.32,-0.46,0.04,-0.01,1.94,0.38,0.67,-0.13
4.85,4.7,2.74,4.73,6.98,4.18,4.75,57,2,0.1,0.02,0.06,-0.01,2.02,-0.42,0.02,-0.0,2.23,0.47,0.58,-0.12
4.83,4.63,2.72,4.68,7.59,4.16,4.7,58,2,0.13,0.03,0.07,-0.02,1.98,-0.42,0.02,-0.0,2.89,0.61,0.54,-0.11
5.48,4.28,2.71,4.31,7.57,3.98,4.33,59,2,1.14,0.26,0.06,-0.01,1.62,-0.37,0.02,-0.01,3.23,0.75,0.36,-0.08
4.78,4.39,2.73,4.44,7.44,4.01,4.51,60,3,0.27,0.06,0.12,-0.03,1.78,-0.4,0.07,-0.02,2.93,0.65,0.5,-0.11
5.42,5.09,2.72,5.16,7.32,4.2,5.2,61,3,0.22,0.04,0.11,-0.02,2.48,-0.48,0.05,-0.01,2.11,0.41,1.01,-0.19
4.73,4.67,2.72,4.71,7.3,4.14,4.74,62,3,0.01,-0.0,0.06,-0.01,2.02,-0.43,0.03,-0.01,2.56,0.54,0.6,-0.13
4.72,5.31,2.71,5.38,7.28,4.21,5.45,63,3,0.73,-0.13,0.14,-0.03,2.74,-0.5,0.06,-0.01,1.83,0.34,1.24,-0.23
5.33,5.19,2.26,5.28,7.25,4.15,5.41,64,3,0.08,-0.01,0.22,-0.04,3.15,-0.58,0.13,-0.02,1.84,0.34,1.26,-0.23
4.65,5.14,2.25,5.19,7.23,4.06,5.17,65,3,0.51,-0.1,0.03,-0.01,2.91,-0.56,0.02,0.0,2.07,0.4,1.1,-0.21
5.28,5.2,2.25,5.26,7.21,4.08,5.26,66,3,0.01,0.0,0.06,-0.01,3.02,-0.57,0.01,-0.0,1.95,0.37,1.18,-0.22
4.6,4.77,2.24,4.82,7.19,3.95,4.86,67,3,0.26,-0.05,0.09,-0.02,2.62,-0.54,0.04,-0.01,2.33,0.48,0.91,-0.19
5.21,5.63,2.23,5.77,7.17,4.01,5.86,68,3,0.65,-0.11,0.24,-0.04,3.63,-0.62,0.09,-0.02,1.3,0.22,1.85,-0.32
4.54,5.15,1.82,5.24,7.14,4.04,5.28,69,3,0.74,-0.14,0.13,-0.02,3.47,-0.66,0.04,-0.01,1.86,0.35,1.25,-0.24
4.53,4.84,1.81,4.92,7.7,4.08,4.97,70,3,0.44,-0.09,0.13,-0.03,3.16,-0.64,0.05,-0.01,2.73,0.55,0.89,-0.18
4.48,5.22,2.18,5.34,7.67,3.9,5.46,71,3,0.98,-0.18,0.24,-0.04,3.28,-0.6,0.12,-0.02,2.22,0.41,1.56,-0.29
4.47,4.51,2.17,4.62,7.65,3.8,4.66,72,3,0.19,-0.04,0.15,-0.03,2.49,-0.53,0.04,-0.01,2.98,0.64,0.86,-0.19
5.05,4.61,2.17,4.71,6.98,3.81,4.77,73,3,0.28,0.06,0.16,-0.03,2.61,-0.55,0.07,-0.01,2.21,0.46,0.96,-0.2
4.39,4.75,2.16,4.86,6.96,4.1,4.92,74,3,0.53,-0.11,0.17,-0.03,2.76,-0.56,0.06,-0.01,2.04,0.41,0.82,-0.17
4.99,4.74,2.15,4.84,6.93,3.93,4.88,75,3,0.11,0.02,0.13,-0.03,2.72,-0.56,0.03,-0.01,2.06,0.42,0.94,-0.19
4.33,4.26,2.14,4.35,6.91,3.64,4.35,76,3,0.02,-0.0,0.09,-0.02,2.21,-0.51,0.0,-0.0,2.56,0.59,0.71,-0.16
4.92,4.37,2.14,4.48,6.88,3.72,4.53,77,3,0.39,0.09,0.16,-0.04,2.39,-0.53,0.04,-0.01,2.35,0.52,0.81,-0.18
4.27,4.2,2.13,4.32,6.86,3.74,4.36,78,3,0.09,-0.02,0.15,-0.04,2.23,-0.51,0.03,-0.01,2.5,0.57,0.61,-0.14
4.85,4.57,2.51,4.68,6.83,3.89,4.74,79,3,0.11,0.02,0.18,-0.04,2.23,-0.47,0.06,-0.01,2.09,0.44,0.86,-0.18
4.21,4.27,2.5,4.38,6.8,3.7,4.46,80,3,0.26,-0.06,0.2,-0.04,1.96,-0.44,0.08,-0.02,2.34,0.52,0.76,-0.17
4.19,4.21,2.49,4.3,6.78,3.66,4.31,81,3,0.12,-0.03,0.11,-0.02,1.82,-0.42,0.02,-0.0,2.46,0.57,0.66,-0.15
4.75,4.87,2.48,4.97,7.28,3.78,4.98,82,3,0.23,-0.05,0.11,-0.02,2.49,-0.5,0.01,-0.0,2.3,0.46,1.19,-0.24
3.54,4.91,2.47,5.09,7.24,3.78,5.18,83,3,1.65,-0.32,0.27,-0.05,2.71,-0.52,0.09,-0.02,2.06,0.4,1.4,-0.27
4.67,5.4,2.46,5.61,7.21,3.63,5.72,84,3,1.05,-0.18,0.32,-0.06,3.26,-0.57,0.12,-0.02,1.49,0.26,2.09,-0.37
4.05,5.04,2.45,5.23,7.18,3.72,5.32,85,3,1.27,-0.24,0.28,-0.05,2.87,-0.54,0.1,-0.02,1.86,0.35,1.61,-0.3
4.6,5.03,2.44,5.16,7.16,3.59,5.17,86,3,0.57,-0.11,0.14,-0.03,2.72,-0.53,0.01,-0.0,1.99,0.39,1.57,-0.3
3.98,4.55,2.43,4.7,7.13,3.62,4.76,87,3,0.77,-0.16,0.2,-0.04,2.32,-0.49,0.06,-0.01,2.37,0.5,1.14,-0.24
4.53,4.68,2.73,4.81,7.1,3.61,4.9,88,3,0.37,-0.08,0.22,-0.04,2.17,-0.44,0.09,-0.02,2.2,0.45,1.29,-0.26
3.92,4.51,2.71,4.62,7.07,3.62,4.67,89,3,0.75,-0.16,0.16,-0.03,1.95,-0.42,0.05,-0.01,2.4,0.51,1.05,-0.22
3.9,4.79,2.36,4.93,7.04,3.5,5.04,90,3,1.14,-0.23,0.25,-0.05,2.68,-0.53,0.11,-0.02,2.0,0.4,1.54,-0.31
4.42,4.99,2.35,5.16,7.01,3.31,5.29,91,4,0.87,-0.16,0.3,-0.06,2.94,-0.56,0.13,-0.02,1.72,0.33,1.98,-0.37
3.82,4.75,2.34,4.84,6.88,3.46,4.93,92,4,1.11,-0.23,0.18,-0.04,2.59,-0.53,0.09,-0.02,1.94,0.39,1.47,-0.3
4.34,4.13,2.33,4.21,6.85,3.36,4.28,93,4,0.06,0.01,0.15,-0.04,1.95,-0.46,0.07,-0.02,2.56,0.6,0.92,-0.21
3.75,4.62,2.32,4.73,7.28,3.3,4.88,94,4,1.13,-0.23,0.26,-0.05,2.57,-0.53,0.15,-0.03,2.4,0.49,1.59,-0.33
4.27,4.6,1.95,4.69,7.02,3.4,4.8,95,4,0.53,-0.11,0.2,-0.04,2.85,-0.59,0.11,-0.02,2.22,0.46,1.41,-0.29
3.68,3.79,1.94,3.86,6.99,3.12,3.91,96,4,0.23,-0.06,0.12,-0.03,1.98,-0.5,0.06,-0.01,3.08,0.79,0.79,-0.2
3.67,3.89,1.93,3.96,6.97,3.16,4.01,97,4,0.35,-0.09,0.12,-0.03,2.09,-0.52,0.05,-0.01,2.95,0.74,0.86,-0.21
3.62,3.88,1.92,3.97,6.94,3.06,4.07,98,4,0.45,-0.11,0.19,-0.05,2.15,-0.53,0.1,-0.03,2.87,0.71,1.01,-0.25
3.07,4.54,1.91,4.62,6.31,3.21,4.73,99,4,1.67,-0.35,0.19,-0.04,2.82,-0.6,0.11,-0.02,1.58,0.33,1.52,-0.32
4.08,4.53,1.9,4.61,6.28,3.17,4.67,100,4,0.6,-0.13,0.15,-0.03,2.77,-0.59,0.06,-0.01,1.61,0.34,1.5,-0.32
3.52,5.23,1.89,5.37,6.23,2.46,5.58,101,4,2.07,-0.37,0.36,-0.06,3.69,-0.66,0.22,-0.04,0.65,0.12,3.13,-0.56
4.0,4.69,1.87,4.83,6.21,2.91,4.99,102,4,0.98,-0.2,0.3,-0.06,3.12,-0.62,0.16,-0.03,1.22,0.24,2.08,-0.42
3.45,3.83,1.86,3.88,5.6,3.06,3.94,103,4,0.49,-0.13,0.11,-0.03,2.08,-0.53,0.06,-0.02,1.65,0.42,0.89,-0.23
3.43,3.59,1.85,3.7,5.57,2.79,3.85,104,4,0.41,-0.11,0.26,-0.07,1.99,-0.52,0.14,-0.04,1.73,0.45,1.06,-0.27
3.43,4.23,1.85,4.35,5.55,2.92,4.47,105,4,1.04,-0.23,0.24,-0.05,2.63,-0.59,0.12,-0.03,1.08,0.24,1.55,-0.35
2.86,4.12,2.37,4.19,5.92,2.94,4.29,106,4,1.43,-0.33,0.17,-0.04,1.92,-0.45,0.1,-0.02,1.63,0.38,1.35,-0.31
3.82,4.49,2.36,4.6,5.9,2.75,4.75,107,4,0.93,-0.2,0.26,-0.06,2.39,-0.5,0.15,-0.03,1.15,0.24,2.0,-0.42
3.29,4.82,2.35,5.01,6.07,2.44,5.21,108,4,1.92,-0.37,0.39,-0.07,2.86,-0.55,0.19,-0.04,0.86,0.17,2.77,-0.53
3.27,4.58,2.34,4.78,6.04,2.35,4.96,109,4,1.69,-0.34,0.38,-0.08,2.63,-0.53,0.18,-0.04,1.08,0.22,2.61,-0.53
3.27,4.5,2.32,4.58,6.02,2.7,4.68,110,4,1.41,-0.3,0.18,-0.04,2.36,-0.5,0.1,-0.02,1.34,0.29,1.97,-0.42
2.72,4.15,2.05,4.23,5.99,2.75,4.32,111,4,1.59,-0.37,0.17,-0.04,2.27,-0.53,0.09,-0.02,1.67,0.39,1.57,-0.36
3.64,3.78,2.04,3.85,5.96,2.69,3.9,112,4,0.26,-0.07,0.12,-0.03,1.86,-0.48,0.05,-0.01,2.06,0.53,1.21,-0.31
3.13,4.14,2.03,4.22,5.94,2.66,4.29,113,4,1.16,-0.27,0.15,-0.04,2.26,-0.53,0.07,-0.02,1.65,0.38,1.63,-0.38
2.88,4.2,2.02,4.35,5.91,2.49,4.51,114,4,1.63,-0.36,0.31,-0.07,2.49,-0.55,0.16,-0.03,1.4,0.31,2.02,-0.45
3.12,4.66,2.01,4.78,5.88,1.97,4.99,115,4,1.88,-0.38,0.33,-0.07,2.99,-0.6,0.21,-0.04,0.89,0.18,3.03,-0.61
3.04,3.77,2.0,3.82,5.86,2.65,3.92,116,4,0.89,-0.23,0.15,-0.04,1.93,-0.49,0.1,-0.03,1.93,0.49,1.27,-0.32
3.02,3.44,1.99,3.49,5.83,2.72,3.57,117,4,0.54,-0.15,0.12,-0.04,1.58,-0.44,0.08,-0.02,2.26,0.64,0.85,-0.24
2.98,3.7,1.98,3.75,5.81,2.72,3.85,118,4,0.87,-0.23,0.15,-0.04,1.88,-0.49,0.11,-0.03,1.95,0.51,1.13,-0.29
2.51,3.51,1.97,3.54,5.78,2.66,3.65,119,4,1.14,-0.31,0.15,-0.04,1.69,-0.46,0.12,-0.03,2.13,0.58,0.99,-0.27
3.37,3.89,1.96,3.98,5.75,2.61,4.14,120,4,0.77,-0.19,0.25,-0.06,2.18,-0.53,0.15,-0.04,1.61,0.39,1.53,-0.37
2.89,4.22,1.84,4.25,6.23,2.46,4.39,121,5,1.5,-0.34,0.18,-0.04,2.55,-0.58,0.14,-0.03,1.83,0.42,1.93,-0.44
2.44,4.1,1.83,4.14,6.2,2.33,4.3,122,5,1.86,-0.43,0.2,-0.05,2.46,-0.57,0.16,-0.04,1.9,0.44,1.96,-0.46
3.27,4.45,1.83,4.58,6.18,2.06,4.82,123,5,1.55,-0.32,0.37,-0.08,3.0,-0.62,0.24,-0.05,1.35,0.28,2.77,-0.57
2.81,4.32,1.82,4.45,6.15,2.16,4.67,124,5,1.87,-0.4,0.35,-0.08,2.86,-0.61,0.22,-0.05,1.48,0.32,2.51,-0.54
2.37,4.15,2.31,4.22,6.13,2.2,4.4,125,5,2.03,-0.46,0.25,-0.06,2.09,-0.47,0.18,-0.04,1.73,0.39,2.2,-0.5
2.8,4.22,2.3,4.28,6.1,2.16,4.49,126,5,1.68,-0.38,0.26,-0.06,2.19,-0.49,0.21,-0.05,1.62,0.36,2.32,-0.52
2.73,3.47,2.28,3.51,5.95,2.57,3.64,127,5,0.91,-0.25,0.16,-0.05,1.35,-0.37,0.13,-0.04,2.31,0.63,1.07,-0.29
2.3,3.47,1.99,3.51,5.92,2.52,3.63,128,5,1.33,-0.37,0.16,-0.05,1.64,-0.45,0.13,-0.03,2.29,0.63,1.12,-0.31
2.69,3.56,1.98,3.6,5.9,2.53,3.73,129,5,1.04,-0.28,0.17,-0.05,1.75,-0.47,0.13,-0.04,2.17,0.58,1.2,-0.32
2.7,3.55,1.97,3.59,5.88,2.52,3.69,130,5,0.99,-0.27,0.14,-0.04,1.72,-0.47,0.1,-0.03,2.19,0.59,1.17,-0.32
2.24,3.84,1.96,3.89,5.86,2.38,4.04,131,5,1.8,-0.45,0.2,-0.05,2.08,-0.52,0.15,-0.04,1.82,0.45,1.66,-0.41
2.22,3.61,1.95,3.65,5.84,2.55,3.74,132,5,1.53,-0.41,0.13,-0.04,1.79,-0.48,0.09,-0.02,2.1,0.56,1.19,-0.32
2.63,3.12,1.94,3.15,5.82,2.51,3.25,133,5,0.63,-0.19,0.13,-0.04,1.31,-0.4,0.1,-0.03,2.56,0.79,0.74,-0.23
2.3,3.18,1.93,3.22,5.8,2.5,3.35,134,5,1.05,-0.31,0.17,-0.05,1.42,-0.42,0.13,-0.04,2.45,0.73,0.85,-0.25
1.85,3.21,1.73,3.25,5.78,2.47,3.36,135,5,1.51,-0.45,0.15,-0.05,1.64,-0.49,0.12,-0.03,2.41,0.72,0.89,-0.26
2.18,3.59,1.72,3.61,5.76,2.41,3.77,136,5,1.59,-0.42,0.18,-0.05,2.05,-0.54,0.16,-0.04,1.99,0.53,1.36,-0.36
2.54,3.12,1.71,3.15,5.74,2.42,3.27,137,5,0.74,-0.22,0.16,-0.05,1.56,-0.48,0.13,-0.04,2.46,0.75,0.86,-0.26
2.47,2.93,1.7,2.95,5.72,2.37,3.08,138,5,0.6,-0.2,0.14,-0.05,1.37,-0.45,0.12,-0.04,2.64,0.86,0.7,-0.23
1.79,2.94,1.93,2.95,5.7,2.55,3.01,139,5,1.23,-0.41,0.07,-0.02,1.09,-0.36,0.06,-0.02,2.69,0.89,0.47,-0.15
1.73,3.68,1.92,3.7,5.68,2.32,3.92,140,5,2.19,-0.56,0.24,-0.06,2.0,-0.51,0.21,-0.05,1.77,0.45,1.6,-0.41
2.46,3.79,1.91,3.81,5.97,2.42,3.98,141,5,1.52,-0.38,0.19,-0.05,2.07,-0.52,0.17,-0.04,1.99,0.5,1.56,-0.39
2.4,3.44,1.9,3.51,5.95,2.5,3.63,142,5,1.23,-0.34,0.18,-0.05,1.73,-0.48,0.12,-0.03,2.33,0.64,1.13,-0.31
1.73,3.06,1.89,3.12,5.63,2.52,3.21,143,5,1.48,-0.46,0.15,-0.05,1.32,-0.41,0.09,-0.03,2.42,0.75,0.69,-0.22
2.0,3.05,1.88,3.12,5.62,2.39,3.26,144,5,1.25,-0.38,0.21,-0.06,1.37,-0.42,0.14,-0.04,2.36,0.72,0.86,-0.27
2.03,3.66,1.88,3.74,5.6,2.49,3.89,145,5,1.86,-0.48,0.23,-0.06,2.01,-0.52,0.15,-0.04,1.71,0.44,1.4,-0.36
2.14,3.67,1.87,3.76,5.59,2.37,3.96,146,5,1.82,-0.46,0.29,-0.07,2.09,-0.53,0.2,-0.05,1.62,0.41,1.59,-0.4
2.03,3.0,1.86,3.09,5.57,2.45,3.22,147,5,1.19,-0.37,0.22,-0.07,1.36,-0.42,0.13,-0.04,2.35,0.73,0.77,-0.24
1.67,2.88,1.86,2.96,5.56,2.41,3.07,148,5,1.4,-0.46,0.19,-0.06,1.21,-0.4,0.11,-0.04,2.49,0.81,0.66,-0.22
1.94,3.18,1.85,3.24,5.54,2.41,3.36,149,5,1.42,-0.42,0.17,-0.05,1.51,-0.45,0.12,-0.04,2.19,0.65,0.94,-0.28
1.61,2.86,1.84,2.92,5.53,2.45,3.0,150,5,1.39,-0.46,0.14,-0.05,1.16,-0.39,0.08,-0.03,2.53,0.84,0.55,-0.18
2.3,3.15,1.84,3.22,5.52,2.39,3.4,151,5,1.1,-0.32,0.25,-0.07,1.56,-0.46,0.18,-0.05,2.12,0.62,1.0,-0.3
1.71,2.88,1.97,2.95,5.13,2.4,3.06,152,6,1.35,-0.44,0.17,-0.06,1.09,-0.36,0.11,-0.04,2.07,0.68,0.66,-0.22
1.96,2.43,1.96,2.49,5.12,2.17,2.58,153,6,0.62,-0.24,0.16,-0.06,0.62,-0.24,0.09,-0.03,2.53,0.98,0.41,-0.16
1.56,2.98,1.96,3.05,5.11,2.32,3.2,154,6,1.64,-0.51,0.22,-0.07,1.24,-0.39,0.15,-0.05,1.91,0.6,0.88,-0.27
1.61,3.25,1.95,3.31,5.1,2.33,3.48,155,6,1.88,-0.54,0.24,-0.07,1.53,-0.44,0.17,-0.05,1.62,0.46,1.16,-0.33
1.87,2.82,1.95,2.87,5.09,2.31,3.0,156,6,1.13,-0.38,0.18,-0.06,1.05,-0.35,0.12,-0.04,2.09,0.7,0.69,-0.23
1.5,2.97,1.94,3.03,5.08,2.28,3.18,157,6,1.68,-0.53,0.21,-0.07,1.24,-0.39,0.15,-0.05,1.9,0.6,0.9,-0.28
1.39,3.04,1.94,3.1,5.07,2.27,3.26,158,6,1.87,-0.57,0.22,-0.07,1.32,-0.41,0.16,-0.05,1.81,0.56,0.99,-0.3
1.99,3.45,1.93,3.53,5.06,2.23,3.72,159,6,1.73,-0.47,0.27,-0.07,1.79,-0.48,0.19,-0.05,1.34,0.36,1.49,-0.4
1.65,3.06,1.93,3.14,5.06,2.23,3.29,160,6,1.63,-0.5,0.22,-0.07,1.36,-0.41,0.15,-0.05,1.77,0.54,1.06,-0.32
1.58,2.98,1.92,3.05,5.05,2.26,3.18,161,6,1.6,-0.5,0.2,-0.06,1.26,-0.4,0.13,-0.04,1.87,0.59,0.92,-0.29
1.69,3.08,1.92,3.16,5.05,2.25,3.32,162,6,1.63,-0.49,0.23,-0.07,1.4,-0.42,0.16,-0.05,1.73,0.52,1.06,-0.32
1.46,3.24,1.92,3.31,5.04,2.16,3.44,163,6,1.98,-0.58,0.21,-0.06,1.53,-0.44,0.13,-0.04,1.6,0.46,1.28,-0.37
1.5,3.34,1.91,3.42,5.04,2.15,3.6,164,6,2.1,-0.58,0.26,-0.07,1.68,-0.47,0.18,-0.05,1.44,0.4,1.45,-0.4
1.45,3.26,1.91,3.34,5.03,2.12,3.51,165,6,2.06,-0.59,0.26,-0.07,1.6,-0.46,0.18,-0.05,1.52,0.43,1.39,-0.4
1.13,2.92,1.91,2.99,4.52,2.26,3.13,166,6,2.0,-0.64,0.21,-0.07,1.22,-0.39,0.14,-0.04,1.39,0.45,0.87,-0.28
0.94,2.98,1.91,3.06,4.52,2.26,3.22,167,6,2.29,-0.71,0.24,-0.08,1.32,-0.41,0.16,-0.05,1.3,0.4,0.96,-0.3
1.07,3.36,1.9,3.45,4.52,2.07,3.64,168,6,2.57,-0.71,0.28,-0.08,1.74,-0.48,0.19,-0.05,0.88,0.24,1.57,-0.43
1.48,3.54,1.9,3.65,4.52,1.89,3.81,169,6,2.33,-0.61,0.27,-0.07,1.91,-0.5,0.17,-0.04,0.71,0.19,1.92,-0.5
0.74,3.12,1.9,3.22,4.52,2.07,3.4,170,6,2.66,-0.78,0.27,-0.08,1.5,-0.44,0.18,-0.05,1.12,0.33,1.33,-0.39
0.73,3.04,1.9,3.12,4.52,2.19,3.26,171,6,2.53,-0.78,0.22,-0.07,1.36,-0.42,0.13,-0.04,1.26,0.39,1.07,-0.33
0.73,2.75,1.9,2.83,4.52,2.18,2.94,172,6,2.22,-0.75,0.2,-0.07,1.04,-0.35,0.12,-0.04,1.57,0.54,0.76,-0.26
0.74,2.98,1.9,3.07,4.52,2.04,3.22,173,6,2.48,-0.77,0.24,-0.08,1.32,-0.41,0.15,-0.05,1.3,0.4,1.18,-0.37
1.23,3.26,1.9,3.36,4.52,2.01,3.55,174,6,2.31,-0.65,0.29,-0.08,1.65,-0.46,0.19,-0.05,0.98,0.28,1.53,-0.43
1.03,3.3,1.9,3.4,4.52,1.93,3.55,175,6,2.53,-0.71,0.26,-0.07,1.65,-0.47,0.16,-0.04,0.97,0.27,1.63,-0.46
1.03,2.74,1.9,2.81,4.53,2.2,2.91,176,6,1.89,-0.65,0.18,-0.06,1.01,-0.35,0.1,-0.03,1.61,0.55,0.72,-0.25
1.04,3.15,1.9,3.24,4.53,2.06,3.37,177,6,2.34,-0.69,0.23,-0.07,1.47,-0.44,0.13,-0.04,1.15,0.34,1.32,-0.39
1.41,3.07,1.9,3.19,4.53,2.12,3.37,178,6,1.96,-0.58,0.3,-0.09,1.46,-0.43,0.17,-0.05,1.16,0.35,1.24,-0.37
1.39,3.43,1.91,3.54,4.54,1.91,3.72,179,6,2.33,-0.63,0.28,-0.08,1.81,-0.49,0.18,-0.05,0.82,0.22,1.81,-0.49
1.2,3.43,1.91,3.52,4.54,1.94,3.69,180,6,2.49,-0.67,0.26,-0.07,1.78,-0.48,0.17,-0.04,0.85,0.23,1.74,-0.47
1.55,3.41,1.91,3.55,4.55,2.01,3.71,181,6,2.16,-0.58,0.3,-0.08,1.8,-0.49,0.16,-0.04,0.84,0.23,1.7,-0.46
1.45,3.29,1.89,3.38,4.72,2.06,3.54,182,7,2.1,-0.59,0.26,-0.07,1.66,-0.47,0.16,-0.05,1.18,0.33,1.48,-0.42
1.64,3.04,1.89,3.11,4.73,2.18,3.24,183,7,1.6,-0.49,0.2,-0.06,1.35,-0.42,0.13,-0.04,1.49,0.46,1.06,-0.33
2.01,3.17,1.9,3.23,4.73,2.09,3.34,184,7,1.34,-0.4,0.18,-0.05,1.45,-0.43,0.11,-0.03,1.39,0.42,1.26,-0.38
1.68,3.15,1.9,3.22,4.74,2.19,3.39,185,7,1.71,-0.5,0.24,-0.07,1.49,-0.44,0.17,-0.05,1.36,0.4,1.2,-0.35
1.38,3.4,1.9,3.54,4.75,2.0,3.73,186,7,2.35,-0.63,0.32,-0.09,1.82,-0.49,0.19,-0.05,1.02,0.27,1.72,-0.46
1.56,3.79,1.91,3.88,4.76,1.94,4.06,187,7,2.5,-0.62,0.27,-0.07,2.15,-0.53,0.18,-0.04,0.7,0.17,2.12,-0.52
1.61,3.41,1.91,3.48,4.77,2.18,3.61,188,7,2.0,-0.55,0.19,-0.05,1.69,-0.47,0.13,-0.04,1.16,0.32,1.43,-0.4
1.6,3.41,1.92,3.53,4.78,2.09,3.69,189,7,2.09,-0.57,0.28,-0.08,1.77,-0.48,0.15,-0.04,1.09,0.3,1.6,-0.43
1.63,3.73,1.92,3.88,4.79,1.95,4.05,190,7,2.43,-0.6,0.32,-0.08,2.13,-0.53,0.17,-0.04,0.73,0.18,2.1,-0.52
1.94,3.33,1.93,3.47,4.8,2.14,3.62,191,7,1.69,-0.47,0.29,-0.08,1.7,-0.47,0.16,-0.04,1.17,0.32,1.49,-0.41
2.08,3.2,1.93,3.32,4.81,2.26,3.46,192,7,1.38,-0.4,0.26,-0.08,1.53,-0.44,0.14,-0.04,1.35,0.39,1.2,-0.35
1.97,3.7,1.94,3.76,4.82,2.06,3.94,193,7,1.97,-0.5,0.24,-0.06,2.0,-0.51,0.18,-0.05,0.88,0.22,1.88,-0.48
1.94,3.75,1.86,3.89,4.83,2.13,4.09,194,7,2.14,-0.52,0.34,-0.08,2.23,-0.55,0.2,-0.05,0.74,0.18,1.96,-0.48
1.68,3.55,1.86,3.68,4.84,2.22,3.85,195,7,2.17,-0.56,0.3,-0.08,1.98,-0.52,0.16,-0.04,1.0,0.26,1.62,-0.42
1.69,3.34,1.87,3.45,4.85,2.31,3.59,196,7,1.9,-0.53,0.25,-0.07,1.72,-0.48,0.14,-0.04,1.26,0.35,1.28,-0.36
1.78,2.78,1.88,2.81,4.87,2.35,2.9,197,7,1.12,-0.39,0.11,-0.04,1.02,-0.35,0.08,-0.03,1.97,0.68,0.55,-0.19
2.4,3.47,1.88,3.53,5.0,2.34,3.69,198,7,1.29,-0.35,0.22,-0.06,1.8,-0.49,0.16,-0.04,1.31,0.36,1.35,-0.37
1.68,3.31,1.89,3.43,5.02,2.33,3.6,199,7,1.92,-0.53,0.3,-0.08,1.71,-0.48,0.17,-0.05,1.41,0.39,1.27,-0.35
1.74,3.5,1.9,3.63,5.03,2.4,3.79,200,7,2.05,-0.54,0.28,-0.08,1.89,-0.5,0.16,-0.04,1.24,0.33,1.38,-0.36
2.04,4.02,1.9,4.15,5.05,2.31,4.35,201,7,2.31,-0.53,0.34,-0.08,2.45,-0.56,0.2,-0.05,0.69,0.16,2.05,-0.47
1.84,3.97,1.91,4.1,5.06,2.36,4.26,202,7,2.41,-0.57,0.29,-0.07,2.34,-0.55,0.15,-0.04,0.81,0.19,1.9,-0.45
2.49,3.46,1.92,3.57,5.08,2.47,3.73,203,7,1.24,-0.33,0.27,-0.07,1.81,-0.49,0.16,-0.04,1.35,0.36,1.26,-0.34
2.09,3.34,1.93,3.45,5.64,2.5,3.59,204,7,1.5,-0.42,0.25,-0.07,1.66,-0.46,0.14,-0.04,2.05,0.57,1.09,-0.3
1.81,3.29,1.94,3.39,5.66,2.45,3.55,205,7,1.74,-0.49,0.25,-0.07,1.61,-0.45,0.15,-0.04,2.11,0.6,1.09,-0.31
2.25,3.46,1.72,3.55,5.68,2.48,3.69,206,7,1.44,-0.39,0.23,-0.06,1.97,-0.53,0.14,-0.04,1.99,0.54,1.21,-0.33
2.57,3.91,1.73,4.01,5.7,2.52,4.2,207,7,1.63,-0.39,0.29,-0.07,2.47,-0.59,0.19,-0.04,1.5,0.36,1.68,-0.4
2.17,3.99,1.74,4.04,5.71,2.42,4.25,208,7,2.08,-0.49,0.26,-0.06,2.51,-0.59,0.21,-0.05,1.47,0.35,1.83,-0.43
2.19,3.86,1.74,3.95,5.73,2.41,4.11,209,7,1.93,-0.47,0.25,-0.06,2.37,-0.58,0.16,-0.04,1.62,0.39,1.7,-0.41
2.64,3.59,1.94,3.68,5.75,2.52,3.85,210,7,1.21,-0.31,0.26,-0.07,1.91,-0.5,0.17,-0.04,1.9,0.49,1.33,-0.35
2.27,3.35,1.95,3.44,5.77,2.45,3.59,211,7,1.32,-0.37,0.24,-0.07,1.64,-0.46,0.15,-0.04,2.19,0.61,1.14,-0.32
1.92,3.31,1.96,3.41,5.79,2.5,3.54,212,7,1.62,-0.46,0.23,-0.06,1.58,-0.45,0.13,-0.04,2.25,0.64,1.05,-0.3
2.67,3.6,2.0,3.69,5.63,2.62,3.81,213,8,1.15,-0.3,0.22,-0.06,1.81,-0.48,0.12,-0.03,1.82,0.48,1.19,-0.31
2.74,3.31,2.01,3.38,5.65,2.54,3.54,214,8,0.8,-0.23,0.23,-0.06,1.53,-0.43,0.15,-0.04,2.11,0.6,1.0,-0.28
2.31,3.09,2.02,3.11,5.66,2.58,3.23,215,8,0.92,-0.28,0.13,-0.04,1.21,-0.37,0.12,-0.04,2.43,0.75,0.65,-0.2
2.74,3.75,2.03,3.83,5.68,2.6,3.98,216,8,1.24,-0.31,0.23,-0.06,1.95,-0.49,0.15,-0.04,1.7,0.43,1.38,-0.35
2.82,3.49,2.3,3.53,5.7,2.6,3.65,217,8,0.84,-0.23,0.16,-0.04,1.35,-0.37,0.12,-0.03,2.05,0.56,1.05,-0.29
2.38,4.07,2.32,4.18,5.72,2.39,4.4,218,8,2.02,-0.46,0.33,-0.08,2.09,-0.47,0.23,-0.05,1.32,0.3,2.01,-0.46
2.82,4.32,2.33,4.45,5.76,2.36,4.67,219,8,1.85,-0.4,0.34,-0.07,2.34,-0.5,0.22,-0.05,1.09,0.23,2.3,-0.49
2.9,3.98,2.02,4.09,5.78,2.54,4.26,220,8,1.36,-0.32,0.28,-0.07,2.24,-0.53,0.17,-0.04,1.52,0.36,1.73,-0.4
2.89,3.77,1.88,3.87,5.8,2.59,4.01,221,8,1.11,-0.28,0.24,-0.06,2.13,-0.53,0.13,-0.03,1.8,0.45,1.42,-0.35
2.91,3.82,1.89,3.93,5.83,2.6,4.09,222,8,1.19,-0.29,0.28,-0.07,2.21,-0.54,0.16,-0.04,1.73,0.42,1.5,-0.37
2.98,4.15,1.9,4.29,5.85,2.4,4.48,223,8,1.5,-0.33,0.33,-0.07,2.58,-0.58,0.19,-0.04,1.37,0.31,2.07,-0.46
2.53,4.62,1.91,4.83,5.87,2.29,5.03,224,8,2.51,-0.5,0.41,-0.08,3.13,-0.62,0.2,-0.04,0.84,0.17,2.74,-0.55
2.99,4.1,1.92,4.24,5.89,2.47,4.4,225,8,1.4,-0.32,0.29,-0.07,2.48,-0.56,0.15,-0.04,1.5,0.34,1.93,-0.44
3.07,3.37,1.92,3.48,5.92,2.54,3.59,226,8,0.52,-0.14,0.22,-0.06,1.66,-0.46,0.1,-0.03,2.33,0.65,1.04,-0.29
2.6,3.64,1.93,3.7,5.94,2.72,3.79,227,8,1.18,-0.31,0.14,-0.04,1.85,-0.49,0.09,-0.02,2.15,0.57,1.06,-0.28
3.08,3.85,1.94,3.98,5.94,2.57,4.12,228,8,1.04,-0.25,0.27,-0.07,2.18,-0.53,0.15,-0.04,1.82,0.44,1.56,-0.38
3.59,3.82,1.95,3.96,5.97,2.68,4.08,229,8,0.49,-0.12,0.25,-0.06,2.12,-0.52,0.12,-0.03,1.89,0.46,1.4,-0.34
2.68,3.6,1.96,3.65,5.99,2.71,3.73,230,8,1.05,-0.28,0.14,-0.04,1.77,-0.47,0.08,-0.02,2.26,0.6,1.02,-0.27
3.22,3.6,1.97,3.73,6.01,2.56,3.86,231,8,0.63,-0.16,0.26,-0.07,1.88,-0.49,0.13,-0.03,2.16,0.56,1.3,-0.34
3.22,3.27,1.98,3.38,6.04,2.69,3.46,232,8,0.23,-0.07,0.19,-0.06,1.48,-0.43,0.07,-0.02,2.58,0.75,0.77,-0.22
3.24,3.4,1.99,3.46,6.06,2.6,3.57,233,8,0.33,-0.09,0.17,-0.05,1.58,-0.44,0.11,-0.03,2.49,0.7,0.97,-0.27
3.77,3.78,2.0,3.85,6.08,2.61,3.96,234,8,0.2,-0.05,0.19,-0.05,1.96,-0.49,0.11,-0.03,2.12,0.53,1.35,-0.34
2.82,4.25,2.28,4.44,6.1,2.33,4.61,235,8,1.79,-0.39,0.36,-0.08,2.34,-0.51,0.18,-0.04,1.49,0.32,2.29,-0.5
3.38,4.54,2.29,4.7,6.13,2.18,4.87,236,8,1.48,-0.3,0.33,-0.07,2.58,-0.53,0.17,-0.03,1.26,0.26,2.69,-0.55
3.38,4.4,2.3,4.59,6.15,2.34,4.77,237,8,1.38,-0.29,0.37,-0.08,2.47,-0.52,0.17,-0.04,1.38,0.29,2.43,-0.51
3.4,4.45,2.31,4.64,5.95,2.53,4.82,238,8,1.41,-0.29,0.37,-0.08,2.5,-0.52,0.18,-0.04,1.14,0.24,2.29,-0.47
3.95,4.32,2.32,4.5,5.98,2.39,4.7,239,8,0.75,-0.16,0.38,-0.08,2.38,-0.51,0.2,-0.04,1.28,0.27,2.31,-0.49
3.47,4.59,1.8,4.77,6.0,2.31,4.98,240,8,1.52,-0.3,0.4,-0.08,3.19,-0.64,0.22,-0.04,1.01,0.2,2.67,-0.54
4.02,4.71,1.8,4.84,5.62,2.32,5.07,241,8,1.04,-0.21,0.35,-0.07,3.26,-0.64,0.23,-0.04,0.56,0.11,2.75,-0.54
3.55,4.81,1.81,5.01,5.64,2.36,5.21,242,8,1.66,-0.32,0.4,-0.08,3.4,-0.65,0.21,-0.04,0.43,0.08,2.85,-0.55
3.57,4.43,1.82,4.52,5.66,2.66,4.67,243,8,1.1,-0.24,0.24,-0.05,2.85,-0.61,0.15,-0.03,0.99,0.21,2.01,-0.43
4.13,4.83,2.06,4.98,5.01,2.43,5.16,244,9,1.02,-0.2,0.33,-0.06,3.09,-0.6,0.18,-0.04,0.15,-0.03,2.72,-0.53
3.63,4.74,2.07,4.94,6.08,2.42,5.16,245,9,1.53,-0.3,0.42,-0.08,3.08,-0.6,0.22,-0.04,0.92,0.18,2.74,-0.53
4.21,4.75,2.08,4.93,6.1,3.02,5.0,246,9,0.79,-0.16,0.25,-0.05,2.91,-0.58,0.07,-0.01,1.11,0.22,1.98,-0.4
3.7,3.58,2.09,3.65,6.13,3.02,3.69,247,9,0.01,0.0,0.11,-0.03,1.6,-0.43,0.04,-0.01,2.43,0.66,0.68,-0.18
4.29,3.94,2.1,4.09,6.15,3.02,4.2,248,9,0.09,0.02,0.25,-0.06,2.09,-0.5,0.1,-0.02,1.95,0.47,1.18,-0.28
3.78,4.02,2.11,4.18,6.34,2.91,4.31,249,9,0.53,-0.12,0.29,-0.07,2.2,-0.51,0.14,-0.03,2.03,0.47,1.4,-0.33
3.8,4.73,2.12,4.95,6.36,2.86,5.1,250,9,1.3,-0.26,0.38,-0.07,2.98,-0.58,0.15,-0.03,1.26,0.25,2.25,-0.44
4.4,4.57,2.46,4.77,6.38,2.85,4.95,251,9,0.55,-0.11,0.38,-0.08,2.49,-0.5,0.18,-0.04,1.43,0.29,2.1,-0.42
3.87,4.76,2.47,5.01,6.41,2.69,5.23,252,9,1.37,-0.26,0.47,-0.09,2.76,-0.53,0.23,-0.04,1.17,0.22,2.55,-0.49
4.47,5.18,2.48,5.4,6.43,2.54,5.66,253,9,1.19,-0.21,0.48,-0.08,3.18,-0.56,0.26,-0.05,0.76,0.13,3.12,-0.55
3.93,4.99,2.5,5.19,6.45,2.88,5.43,254,9,1.5,-0.28,0.44,-0.08,2.93,-0.54,0.24,-0.04,1.02,0.19,2.55,-0.47
4.55,5.29,2.51,5.5,6.47,2.75,5.73,255,9,1.18,-0.21,0.44,-0.08,3.22,-0.56,0.23,-0.04,0.74,0.13,2.98,-0.52
3.43,4.69,2.82,4.91,6.49,3.26,5.03,256,9,1.6,-0.32,0.35,-0.07,2.21,-0.44,0.12,-0.02,1.46,0.29,1.77,-0.35
4.62,4.12,2.84,4.3,6.09,3.26,4.41,257,9,0.21,0.05,0.29,-0.07,1.57,-0.36,0.12,-0.03,1.68,0.38,1.15,-0.26
4.08,4.48,2.58,4.64,6.11,3.17,4.8,258,9,0.72,-0.15,0.32,-0.07,2.23,-0.46,0.16,-0.03,1.3,0.27,1.64,-0.34
4.1,4.59,2.59,4.71,6.13,3.32,4.85,259,9,0.75,-0.15,0.26,-0.05,2.26,-0.47,0.14,-0.03,1.28,0.26,1.53,-0.31
4.73,4.41,2.6,4.52,6.14,3.28,4.68,260,9,0.05,0.01,0.27,-0.06,2.08,-0.44,0.16,-0.03,1.47,0.31,1.4,-0.3
4.16,4.42,2.61,4.54,6.16,3.29,4.69,261,9,0.53,-0.11,0.27,-0.06,2.08,-0.44,0.16,-0.03,1.47,0.31,1.4,-0.3
4.8,4.74,2.62,4.87,6.18,3.51,4.97,262,9,0.17,-0.03,0.23,-0.05,2.35,-0.47,0.1,-0.02,1.21,0.24,1.46,-0.29
4.22,3.32,2.63,3.37,6.2,3.14,3.39,263,9,0.84,0.25,0.06,-0.02,0.75,-0.22,0.01,-0.0,2.81,0.83,0.25,-0.07
4.87,3.47,2.64,3.56,6.22,3.13,3.65,264,9,1.22,0.34,0.18,-0.05,1.0,-0.27,0.09,-0.02,2.57,0.7,0.52,-0.14
4.29,4.33,2.65,4.47,6.23,3.41,4.58,265,9,0.3,-0.06,0.26,-0.06,1.93,-0.42,0.11,-0.02,1.65,0.36,1.17,-0.26
4.94,4.91,2.67,5.08,6.25,3.47,5.2,266,9,0.26,-0.05,0.28,-0.05,2.53,-0.49,0.12,-0.02,1.05,0.2,1.73,-0.33
4.37,3.44,2.68,3.49,6.27,3.21,3.52,267,9,0.85,0.24,0.08,-0.02,0.84,-0.24,0.03,-0.01,2.75,0.78,0.31,-0.09
4.38,3.59,2.33,3.65,6.28,3.27,3.69,268,9,0.69,0.19,0.1,-0.03,1.36,-0.37,0.04,-0.01,2.6,0.7,0.42,-0.11
4.43,3.83,2.34,3.94,6.3,3.34,4.02,269,9,0.4,0.1,0.19,-0.05,1.68,-0.42,0.09,-0.02,2.28,0.57,0.68,-0.17
4.44,4.98,2.35,5.17,6.32,3.56,5.33,270,9,0.89,-0.17,0.35,-0.07,2.98,-0.56,0.16,-0.03,0.99,0.19,1.76,-0.33
5.1,4.22,2.36,4.29,6.33,3.66,4.33,271,9,0.77,0.18,0.11,-0.03,1.98,-0.46,0.04,-0.01,2.0,0.46,0.68,-0.16
4.5,4.27,2.36,4.35,6.35,3.7,4.4,272,9,0.1,0.02,0.12,-0.03,2.03,-0.46,0.04,-0.01,1.95,0.44,0.7,-0.16
5.17,3.95,2.37,4.02,5.94,3.58,4.05,273,9,1.12,0.28,0.09,-0.02,1.67,-0.41,0.03,-0.01,1.9,0.47,0.47,-0.12
4.55,4.66,2.35,4.78,6.63,3.86,4.87,274,10,0.32,-0.07,0.22,-0.04,2.52,-0.52,0.1,-0.02,1.75,0.36,1.01,-0.21
5.23,4.48,2.36,4.61,6.64,3.71,4.72,275,10,0.51,0.11,0.24,-0.05,2.36,-0.5,0.11,-0.02,1.92,0.41,1.01,-0.21
4.63,4.16,2.02,4.23,6.66,3.67,4.3,276,10,0.33,0.08,0.14,-0.03,2.28,-0.53,0.07,-0.02,2.36,0.55,0.63,-0.15
4.64,3.83,2.4,3.92,6.67,3.46,4.03,277,10,0.61,0.15,0.2,-0.05,1.63,-0.4,0.11,-0.03,2.64,0.66,0.57,-0.14
4.68,4.85,2.41,4.96,6.69,3.9,5.03,278,10,0.35,-0.07,0.19,-0.04,2.62,-0.52,0.07,-0.01,1.65,0.33,1.14,-0.23
4.69,4.92,2.42,5.04,6.7,4.03,5.14,279,10,0.45,-0.09,0.22,-0.04,2.72,-0.53,0.1,-0.02,1.56,0.3,1.11,-0.22
5.38,4.02,2.43,4.07,6.71,3.77,4.09,280,10,1.28,0.31,0.07,-0.02,1.67,-0.41,0.02,-0.0,2.62,0.64,0.33,-0.08
4.74,4.3,2.43,4.38,6.73,3.78,4.44,281,10,0.3,0.07,0.15,-0.03,2.01,-0.45,0.06,-0.01,2.28,0.51,0.67,-0.15
5.43,4.46,2.44,4.57,6.74,3.78,4.66,282,10,0.77,0.17,0.2,-0.04,2.22,-0.48,0.1,-0.02,2.08,0.45,0.88,-0.19
5.46,5.56,2.86,5.68,6.76,4.14,5.81,283,10,0.35,-0.06,0.25,-0.04,2.95,-0.51,0.13,-0.02,0.95,0.16,1.67,-0.29
4.82,4.78,2.86,4.86,6.77,4.19,4.94,284,10,0.12,-0.02,0.16,-0.03,2.07,-0.42,0.08,-0.02,1.83,0.37,0.75,-0.15
5.52,5.35,2.87,5.47,6.78,4.24,5.5,285,10,0.01,0.0,0.15,-0.03,2.63,-0.48,0.03,-0.01,1.28,0.23,1.26,-0.23
4.87,4.62,2.88,4.67,6.8,4.15,4.69,286,10,0.18,0.04,0.07,-0.02,1.81,-0.39,0.01,-0.0,2.11,0.45,0.54,-0.11
5.57,4.78,2.89,4.87,6.81,4.2,4.95,287,10,0.62,0.13,0.17,-0.03,2.06,-0.42,0.08,-0.02,1.87,0.38,0.74,-0.15
4.91,4.13,2.9,4.18,6.82,3.86,4.23,288,10,0.69,0.16,0.1,-0.02,1.33,-0.31,0.04,-0.01,2.6,0.61,0.37,-0.09
4.94,4.27,2.91,4.32,6.28,4.0,4.34,289,10,0.59,0.14,0.07,-0.02,1.43,-0.33,0.02,-0.01,1.94,0.45,0.34,-0.08
4.98,3.96,2.92,4.02,6.29,3.66,4.07,290,10,0.91,0.22,0.1,-0.03,1.14,-0.28,0.05,-0.01,2.23,0.55,0.4,-0.1
4.98,4.59,2.93,4.67,6.31,4.13,4.7,291,10,0.28,0.06,0.1,-0.02,1.77,-0.38,0.03,-0.01,1.61,0.34,0.57,-0.12
5.69,4.59,2.94,4.66,6.32,4.18,4.7,292,10,0.99,0.21,0.11,-0.02,1.76,-0.37,0.04,-0.01,1.62,0.34,0.52,-0.11
5.02,5.13,2.55,5.21,6.33,4.47,5.27,293,10,0.25,-0.05,0.14,-0.03,2.72,-0.52,0.06,-0.01,1.06,0.2,0.8,-0.15
5.04,5.1,2.14,5.19,6.34,4.36,5.26,294,10,0.22,-0.04,0.16,-0.03,3.12,-0.59,0.07,-0.01,1.08,0.21,0.9,-0.17
5.08,4.69,2.18,4.77,6.36,4.17,4.81,295,10,0.27,0.06,0.12,-0.02,2.63,-0.55,0.04,-0.01,1.54,0.32,0.64,-0.13
5.08,4.93,2.19,5.03,6.37,4.12,5.08,296,10,0.0,0.0,0.14,-0.03,2.89,-0.57,0.05,-0.01,1.29,0.25,0.96,-0.19
5.8,4.33,1.72,4.39,6.38,3.99,4.42,297,10,1.38,0.31,0.09,-0.02,2.7,-0.61,0.03,-0.01,1.96,0.44,0.43,-0.1
5.82,4.25,1.72,4.31,6.39,3.99,4.34,298,10,1.47,0.34,0.1,-0.02,2.62,-0.6,0.03,-0.01,2.04,0.47,0.36,-0.08
5.14,5.05,2.15,5.13,6.4,4.54,5.2,299,10,0.06,-0.01,0.14,-0.03,3.05,-0.59,0.07,-0.01,1.2,0.23,0.66,-0.13
5.85,4.93,2.16,5.01,6.41,4.42,5.13,300,10,0.72,0.14,0.21,-0.04,2.98,-0.58,0.12,-0.02,1.27,0.25,0.71,-0.14
5.17,5.39,2.16,5.51,6.42,4.55,5.63,301,10,0.46,-0.08,0.24,-0.04,3.47,-0.62,0.12,-0.02,0.79,0.14,1.08,-0.19
5.19,5.67,2.17,5.77,6.43,4.58,5.87,302,10,0.68,-0.12,0.2,-0.03,3.7,-0.63,0.09,-0.02,0.56,0.1,1.29,-0.22
5.91,5.19,2.26,5.29,5.85,4.5,5.4,303,10,0.51,0.09,0.21,-0.04,3.14,-0.58,0.11,-0.02,0.45,0.08,0.9,-0.17
5.22,4.86,2.27,4.92,5.86,4.47,4.96,304,10,0.26,0.05,0.11,-0.02,2.7,-0.54,0.04,-0.01,0.9,0.18,0.49,-0.1
5.24,4.77,2.1,4.85,6.27,4.43,4.92,305,11,0.31,0.06,0.15,-0.03,2.82,-0.57,0.08,-0.02,1.35,0.27,0.5,-0.1
5.96,5.42,2.0,5.53,6.28,4.61,5.65,306,11,0.31,0.05,0.23,-0.04,3.65,-0.65,0.12,-0.02,0.63,0.11,1.04,-0.18
5.27,5.45,2.0,5.55,6.29,4.67,5.59,307,11,0.33,-0.06,0.14,-0.02,3.59,-0.64,0.05,-0.01,0.7,0.13,0.93,-0.17
5.28,4.43,2.01,4.51,6.3,4.18,4.56,308,11,0.72,0.16,0.12,-0.03,2.55,-0.56,0.05,-0.01,1.75,0.38,0.38,-0.08
6.0,4.28,2.01,4.33,6.31,4.16,4.37,309,11,1.64,0.37,0.09,-0.02,2.36,-0.54,0.04,-0.01,1.95,0.45,0.21,-0.05
5.31,3.71,1.72,3.76,6.98,3.62,3.78,310,11,1.52,0.4,0.07,-0.02,2.06,-0.54,0.02,-0.01,3.19,0.84,0.16,-0.04
5.31,4.7,1.73,4.78,6.99,4.38,4.84,311,11,0.47,0.1,0.14,-0.03,3.11,-0.64,0.06,-0.01,2.15,0.44,0.46,-0.1
6.04,4.53,1.73,4.6,7.0,4.26,4.63,312,11,1.42,0.31,0.1,-0.02,2.9,-0.63,0.03,-0.01,2.37,0.51,0.36,-0.08
4.65,5.46,1.73,5.57,7.01,4.66,5.61,313,11,0.96,-0.17,0.15,-0.03,3.88,-0.69,0.04,-0.01,1.39,0.25,0.95,-0.17
5.36,5.26,1.74,5.35,7.69,4.82,5.4,314,11,0.04,-0.01,0.14,-0.03,3.66,-0.68,0.05,-0.01,2.29,0.42,0.58,-0.11
6.08,4.84,1.57,4.91,7.7,4.5,4.93,315,11,1.15,0.23,0.09,-0.02,3.36,-0.68,0.02,-0.0,2.77,0.56,0.42,-0.09
5.4,4.19,1.58,4.25,7.71,4.04,4.27,316,11,1.12,0.26,0.08,-0.02,2.7,-0.63,0.02,-0.0,3.44,0.8,0.23,-0.05
5.39,4.78,1.8,4.86,7.7,4.5,4.92,317,11,0.47,0.1,0.14,-0.03,3.12,-0.63,0.05,-0.01,2.78,0.57,0.41,-0.08
5.4,4.37,2.28,4.46,7.07,4.21,4.55,318,11,0.85,0.19,0.17,-0.04,2.27,-0.5,0.08,-0.02,2.52,0.55,0.34,-0.07
6.13,5.07,2.28,5.16,7.08,4.82,5.25,319,11,0.87,0.17,0.19,-0.04,2.97,-0.57,0.09,-0.02,1.82,0.35,0.43,-0.08
5.13,4.95,2.28,5.04,7.09,4.73,5.1,320,11,0.04,0.01,0.15,-0.03,2.81,-0.55,0.05,-0.01,1.99,0.39,0.37,-0.07
5.42,5.2,2.29,5.3,7.1,4.87,5.39,321,11,0.03,0.01,0.19,-0.04,3.1,-0.58,0.09,-0.02,1.71,0.32,0.52,-0.1
5.44,5.7,2.29,5.78,7.11,5.04,5.81,322,11,0.37,-0.06,0.11,-0.02,3.52,-0.61,0.03,-0.01,1.3,0.22,0.77,-0.13
6.15,4.86,2.29,4.9,7.12,4.62,4.95,323,11,1.2,0.24,0.1,-0.02,2.66,-0.54,0.06,-0.01,2.16,0.44,0.34,-0.07
5.47,5.45,1.87,5.52,7.13,4.86,5.57,324,11,0.1,-0.02,0.11,-0.02,3.69,-0.66,0.04,-0.01,1.56,0.28,0.71,-0.13
5.45,5.51,1.88,5.58,7.14,5.07,5.62,325,11,0.17,-0.03,0.11,-0.02,3.75,-0.67,0.04,-0.01,1.51,0.27,0.56,-0.1
5.47,5.02,2.36,5.07,7.15,4.7,5.09,326,11,0.38,0.08,0.07,-0.01,2.73,-0.54,0.02,-0.0,2.06,0.41,0.39,-0.08
5.17,4.69,2.36,4.73,7.16,4.46,4.76,327,11,0.4,0.08,0.08,-0.02,2.41,-0.5,0.04,-0.01,2.39,0.5,0.3,-0.06
5.79,5.2,2.36,5.27,7.17,4.84,5.33,328,11,0.46,0.09,0.13,-0.02,2.97,-0.56,0.07,-0.01,1.83,0.34,0.5,-0.09
4.64,5.18,2.36,5.23,7.18,4.88,5.27,329,11,0.63,-0.12,0.09,-0.02,2.91,-0.55,0.04,-0.01,1.91,0.36,0.39,-0.07
4.79,4.68,2.37,4.72,7.21,4.47,4.76,330,11,0.03,0.01,0.08,-0.02,2.39,-0.5,0.04,-0.01,2.45,0.52,0.29,-0.06
5.18,5.0,2.7,5.05,7.22,4.76,5.11,331,11,0.07,0.01,0.11,-0.02,2.41,-0.47,0.06,-0.01,2.11,0.41,0.35,-0.07
5.37,5.52,2.23,5.58,7.33,5.16,5.66,332,11,0.28,-0.05,0.14,-0.02,3.43,-0.61,0.08,-0.01,1.68,0.3,0.5,-0.09
5.51,5.38,1.94,5.44,7.35,4.94,5.48,333,11,0.03,0.01,0.1,-0.02,3.54,-0.65,0.04,-0.01,1.86,0.34,0.55,-0.1
4.36,4.95,2.43,5.0,7.36,4.6,5.03,334,11,0.66,-0.13,0.08,-0.02,2.6,-0.52,0.03,-0.01,2.33,0.46,0.42,-0.08
4.92,5.05,1.87,5.09,7.57,4.83,5.15,335,12,0.23,-0.04,0.1,-0.02,3.28,-0.64,0.06,-0.01,2.42,0.47,0.32,-0.06
3.95,5.42,1.87,5.5,7.58,4.8,5.56,336,12,1.62,-0.29,0.14,-0.03,3.69,-0.66,0.06,-0.01,2.02,0.36,0.76,-0.14
4.22,5.41,1.87,5.49,7.59,4.78,5.5,337,12,1.28,-0.23,0.09,-0.02,3.62,-0.66,0.01,-0.0,2.1,0.38,0.72,-0.13
4.64,5.65,2.26,5.73,7.6,4.99,5.77,338,12,1.13,-0.2,0.12,-0.02,3.51,-0.61,0.04,-0.01,1.83,0.32,0.78,-0.13
5.54,5.25,2.26,5.3,7.62,4.85,5.32,339,12,0.22,0.04,0.07,-0.01,3.06,-0.57,0.02,-0.0,2.3,0.43,0.47,-0.09
4.22,5.28,2.26,5.33,7.63,4.94,5.39,340,12,1.17,-0.22,0.11,-0.02,3.12,-0.58,0.06,-0.01,2.24,0.42,0.44,-0.08
4.92,4.86,2.26,4.9,7.64,4.59,4.94,341,12,0.02,-0.0,0.08,-0.02,2.67,-0.54,0.04,-0.01,2.7,0.55,0.35,-0.07
4.5,5.38,2.27,5.44,7.65,4.93,5.5,342,12,1.0,-0.18,0.12,-0.02,3.23,-0.59,0.06,-0.01,2.15,0.39,0.56,-0.1
3.6,4.9,2.76,4.94,7.66,4.67,4.98,343,12,1.38,-0.28,0.08,-0.02,2.22,-0.45,0.04,-0.01,2.68,0.54,0.31,-0.06
3.64,4.92,2.76,4.97,7.67,4.49,5.01,344,12,1.38,-0.27,0.1,-0.02,2.25,-0.45,0.04,-0.01,2.66,0.53,0.53,-0.1
3.23,4.72,2.84,4.76,7.68,4.38,4.77,345,12,1.54,-0.32,0.05,-0.01,1.93,-0.4,0.01,-0.0,2.91,0.61,0.39,-0.08
3.82,4.86,2.35,4.89,7.02,4.59,4.92,346,12,1.11,-0.22,0.07,-0.01,2.57,-0.52,0.03,-0.01,2.1,0.43,0.33,-0.07
3.45,4.9,2.84,4.95,7.04,4.52,4.99,347,12,1.54,-0.31,0.09,-0.02,2.15,-0.43,0.04,-0.01,2.05,0.41,0.47,-0.09
2.98,4.7,2.85,4.75,7.05,4.34,4.79,348,12,1.8,-0.38,0.08,-0.02,1.94,-0.41,0.03,-0.01,2.27,0.47,0.44,-0.09
1.73,5.3,2.85,5.35,7.06,4.85,5.42,349,12,3.69,-0.68,0.12,-0.02,2.58,-0.48,0.07,-0.01,1.64,0.3,0.57,-0.1
3.61,5.43,2.85,5.49,7.07,4.89,5.54,350,12,1.93,-0.35,0.11,-0.02,2.69,-0.49,0.05,-0.01,1.53,0.28,0.65,-0.12
1.33,5.97,2.85,6.04,7.08,5.06,6.14,351,12,4.82,-0.78,0.18,-0.03,3.3,-0.54,0.1,-0.02,0.94,0.15,1.08,-0.18
1.33,5.37,2.85,5.44,7.1,4.68,5.47,352,12,4.15,-0.76,0.1,-0.02,2.63,-0.48,0.03,-0.01,1.62,0.3,0.79,-0.15
2.03,5.07,2.85,5.19,7.11,4.73,5.2,353,12,3.16,-0.61,0.13,-0.02,2.35,-0.45,0.01,-0.0,1.91,0.37,0.47,-0.09
6.29,6.05,2.85,6.13,7.12,5.12,6.2,354,12,0.09,0.01,0.14,-0.02,3.35,-0.54,0.07,-0.01,0.92,0.15,1.08,-0.17
1.33,5.38,2.85,5.45,7.13,4.69,5.47,355,12,4.15,-0.76,0.09,-0.02,2.62,-0.48,0.02,-0.0,1.65,0.3,0.78,-0.14
6.29,5.07,2.85,5.12,7.14,4.6,5.15,356,12,1.14,0.22,0.08,-0.02,2.3,-0.45,0.03,-0.01,1.98,0.38,0.56,-0.11
2.03,4.73,2.85,4.76,7.15,4.4,4.77,357,12,2.74,-0.57,0.04,-0.01,1.92,-0.4,0.01,-0.0,2.38,0.5,0.37,-0.08
1.33,5.24,2.85,5.28,7.15,4.77,5.28,358,12,3.95,-0.75,0.04,-0.01,2.42,-0.46,0.0,0.0,1.88,0.36,0.51,-0.1
2.41,5.28,2.85,5.33,7.16,4.75,5.35,359,12,2.95,-0.55,0.08,-0.01,2.5,-0.47,0.03,-0.01,1.81,0.34,0.6,-0.11
2.93,5.78,2.85,5.86,7.17,4.99,5.94,360,12,3.01,-0.51,0.16,-0.03,3.09,-0.52,0.08,-0.01,1.23,0.21,0.95,-0.16
2.67,5.3,2.85,5.34,7.18,4.8,5.38,361,12,2.72,-0.5,0.09,-0.02,2.53,-0.47,0.04,-0.01,1.8,0.33,0.58,-0.11
3.14,5.71,2.85,5.85,7.19,4.93,5.89,362,12,2.75,-0.47,0.18,-0.03,3.04,-0.52,0.05,-0.01,1.3,0.22,0.96,-0.16
2.87,5.33,2.85,5.44,7.2,4.72,5.46,363,12,2.59,-0.47,0.14,-0.02,2.61,-0.48,0.02,-0.0,1.73,0.32,0.74,-0.14
4.06,5.71,2.85,5.85,7.21,4.85,5.97,364,12,1.91,-0.32,0.25,-0.04,3.12,-0.52,0.12,-0.02,1.24,0.21,1.12,-0.19
3.83,5.73,2.36,5.79,7.21,4.96,5.81,365,12,1.98,-0.34,0.08,-0.01,3.45,-0.59,0.02,-0.0,1.41,0.24,0.85,-0.15
