ArcGISPro,CitySim,GRASS GIS,Ladybug,SAGA GIS,SimStadt,Weather data,doy,month,diff_arcgis,percentage_arcgis,diff_citysim,percentage_citysim,diff_grass,percentage_grass,diff_ladybug,percentage_ladybug,diff_saga,percentage_saga,diff_simstadt,percentage_simstadt
4354.72,5260.39,2818.22,5378.26,7318.01,4752,5402.0,1,1,-1047.28,-19.39,-141.61,-2.62,-2583.78,-47.83,-23.74,-0.44,1916.01,35.47,-650.0,-12.03
5138.48,4369.12,2387.04,4472.33,7324.92,4219,4506.8,2,1,631.68,14.02,-137.68,-3.05,-2119.76,-47.03,-34.47,-0.76,2818.12,62.53,-287.8,-6.39
4415.86,4684.87,2735.12,4793.64,7331.5,4422,4819.3,3,1,-403.44,-8.37,-134.43,-2.79,-2084.18,-43.25,-25.66,-0.53,2512.2,52.13,-397.3,-8.24
4127.39,4962.13,2734.33,5005.91,7337.76,4535,5023.7,4,1,-896.31,-17.84,-61.57,-1.23,-2289.37,-45.57,-17.79,-0.35,2314.06,46.06,-488.7,-9.73
4861.98,5130.33,2235.13,5177.24,7343.66,4781,5208.5,5,1,-346.52,-6.65,-78.17,-1.5,-2973.37,-57.09,-31.26,-0.6,2135.16,40.99,-427.5,-8.21
4623.88,5577.0,2234.19,5640.24,7349.22,4969,5687.0,6,1,-1063.12,-18.69,-110.0,-1.93,-3452.81,-60.71,-46.76,-0.82,1662.22,29.23,-718.0,-12.63
4439.57,5955.9,2233.16,6020.4,7354.42,5153,6037.8,7,1,-1598.23,-26.47,-81.9,-1.36,-3804.64,-63.01,-17.4,-0.29,1316.62,21.81,-884.8,-14.65
4816.22,5336.28,2232.05,5410.56,7359.24,4612,5413.7,8,1,-597.48,-11.04,-77.42,-1.43,-3181.65,-58.77,-3.14,-0.06,1945.54,35.94,-801.7,-14.81
5398.18,5581.18,2230.85,5657.3,7363.69,4866,5711.4,9,1,-313.22,-5.48,-130.22,-2.28,-3480.55,-60.94,-54.1,-0.95,1652.29,28.93,-845.4,-14.8
6157.59,5537.67,1837.5,5605.76,7367.76,4851,5681.0,10,1,476.59,8.39,-143.33,-2.52,-3843.5,-67.66,-75.24,-1.32,1686.76,29.69,-830.0,-14.61
5505.97,5242.13,1836.3,5294.54,7371.42,4789,5317.4,11,1,188.57,3.55,-75.27,-1.42,-3481.1,-65.47,-22.86,-0.43,2054.02,38.63,-528.4,-9.94
5014.71,4688.29,2332.96,4725.31,7374.68,4428,4745.7,12,1,269.01,5.67,-57.41,-1.21,-2412.74,-50.84,-20.39,-0.43,2628.98,55.4,-317.7,-6.69
5347.82,4851.86,1833.69,4902.2,7377.53,4508,4951.4,13,1,396.42,8.01,-99.54,-2.01,-3117.71,-62.97,-49.2,-0.99,2426.13,49.0,-443.4,-8.96
4783.47,4784.87,2128.66,4841.02,7379.96,4339,4871.9,14,1,-88.43,-1.82,-87.03,-1.79,-2743.24,-56.31,-30.88,-0.63,2508.06,51.48,-532.9,-10.94
5497.62,4718.51,2620.87,4771.4,7381.96,4462,4811.3,15,1,686.32,14.26,-92.79,-1.93,-2190.43,-45.53,-39.9,-0.83,2570.66,53.43,-349.3,-7.26
5461.08,5396.95,2272.84,5473.67,7382.14,4799,5511.8,16,1,-50.72,-0.92,-114.85,-2.08,-3238.96,-58.76,-38.13,-0.69,1870.34,33.93,-712.8,-12.93
5466.24,4866.12,2270.99,4914.72,7383.36,4521,4960.5,17,1,505.74,10.2,-94.38,-1.9,-2689.51,-54.22,-45.78,-0.92,2422.86,48.84,-439.5,-8.86
5458.5,4949.51,2269.04,5069.8,7384.12,4576,5079.5,18,1,379.0,7.46,-129.99,-2.56,-2810.46,-55.33,-9.7,-0.19,2304.62,45.37,-503.5,-9.91
5467.4,4855.48,2267.0,4905.2,7364.72,4630,4949.6,19,1,517.8,10.46,-94.12,-1.9,-2682.6,-54.2,-44.4,-0.9,2415.12,48.79,-319.6,-6.46
6160.74,4518.3,2264.86,4562.42,7364.6,4295,4584.1,20,1,1576.64,34.39,-65.8,-1.44,-2319.24,-50.59,-21.68,-0.47,2780.5,60.66,-289.1,-6.31
5433.3,4497.21,1769.7,4603.39,7364.04,4290,4626.8,21,1,806.5,17.43,-129.59,-2.8,-2857.1,-61.75,-23.41,-0.51,2737.24,59.16,-336.8,-7.28
5424.22,4270.36,1767.61,4308.59,7363.04,4105,4332.8,22,1,1091.42,25.19,-62.44,-1.44,-2565.19,-59.2,-24.21,-0.56,3030.23,69.94,-227.8,-5.26
4704.25,4630.16,2203.31,4687.09,7361.57,4182,4684.1,23,1,20.15,0.43,-53.94,-1.15,-2480.79,-52.96,2.99,0.06,2677.47,57.16,-502.1,-10.72
6121.67,5596.81,2200.73,5680.4,7359.65,4651,5658.6,24,1,463.07,8.18,-61.79,-1.09,-3457.87,-61.11,21.8,0.39,1701.05,30.06,-1007.6,-17.81
5385.17,5761.38,2198.05,5832.06,7357.26,4903,5819.5,25,1,-434.33,-7.46,-58.12,-1.0,-3621.45,-62.23,12.56,0.22,1537.76,26.42,-916.5,-15.75
5384.32,4811.03,2195.28,4865.94,7354.39,4492,4916.7,26,1,467.62,9.51,-105.67,-2.15,-2721.42,-55.35,-50.76,-1.03,2437.69,49.58,-424.7,-8.64
4666.73,4807.3,2192.4,4847.3,7351.05,4570,4898.4,27,1,-231.67,-4.73,-91.1,-1.86,-2706.0,-55.24,-51.1,-1.04,2452.65,50.07,-328.4,-6.7
6076.28,5213.66,2189.42,5271.17,7347.23,4855,5359.0,28,1,717.28,13.38,-145.34,-2.71,-3169.58,-59.15,-87.83,-1.64,1988.23,37.1,-504.0,-9.4
5342.18,4941.84,1695.92,5000.72,7360.98,4561,5041.6,29,1,300.58,5.96,-99.76,-1.98,-3345.68,-66.36,-40.88,-0.81,2319.38,46.0,-480.6,-9.53
5338.44,4649.71,1459.43,4692.36,8030.32,4425,4730.1,30,1,608.34,12.86,-80.39,-1.7,-3270.67,-69.15,-37.74,-0.8,3300.22,69.77,-305.1,-6.45
5343.2,5566.74,1457.29,5679.64,8024.38,5021,5747.5,31,1,-404.3,-7.03,-180.76,-3.14,-4290.21,-74.64,-67.86,-1.18,2276.88,39.62,-726.5,-12.64
5313.16,5926.82,1630.45,6014.03,8000.85,4936,6018.4,32,2,-705.24,-11.72,-91.58,-1.52,-4387.95,-72.91,-4.37,-0.07,1982.45,32.94,-1082.4,-17.98
5299.92,5418.29,1627.41,5484.59,7994.22,4670,5485.5,33,2,-185.58,-3.38,-67.21,-1.23,-3858.09,-70.33,-0.91,-0.02,2508.72,45.73,-815.5,-14.87
5305.13,5659.84,1624.29,5743.45,7306.9,4967,5791.4,34,2,-486.27,-8.4,-131.56,-2.27,-4167.11,-71.95,-47.95,-0.83,1515.5,26.17,-824.4,-14.23
5981.93,4852.42,1621.09,4908.54,7299.54,4527,4952.4,35,2,1029.53,20.79,-99.98,-2.02,-3331.31,-67.27,-43.86,-0.89,2347.14,47.39,-425.4,-8.59
5259.22,5330.94,1617.82,5456.32,7291.66,4878,5495.8,36,2,-236.59,-4.3,-164.86,-3.0,-3877.98,-70.56,-39.48,-0.72,1795.86,32.68,-617.8,-11.24
5261.62,5098.24,1916.41,5148.76,7283.28,4647,5180.2,37,2,81.41,1.57,-81.96,-1.58,-3263.79,-63.01,-31.44,-0.61,2103.08,40.6,-533.2,-10.29
5933.92,5517.59,1913.22,5589.49,6594.22,4817,5647.8,38,2,286.12,5.07,-130.21,-2.31,-3734.58,-66.12,-58.31,-1.03,946.42,16.76,-830.8,-14.71
5213.18,6193.82,1909.94,6276.08,6585.15,5064,6292.5,39,2,-1079.32,-17.15,-98.68,-1.57,-4382.56,-69.65,-16.42,-0.26,292.65,4.65,-1228.5,-19.52
5214.4,6050.3,1906.57,6126.62,6575.59,4929,6121.9,40,2,-907.5,-14.82,-71.6,-1.17,-4215.33,-68.86,4.72,0.08,453.69,7.41,-1192.9,-19.49
5881.74,5298.53,2014.52,5418.72,6565.52,4460,5402.5,41,2,479.24,8.87,-103.97,-1.92,-3387.98,-62.71,16.22,0.3,1163.02,21.53,-942.5,-17.45
5163.39,5350.99,2010.04,5412.16,6554.94,4376,5402.1,42,2,-238.71,-4.42,-51.11,-0.95,-3392.06,-62.79,10.06,0.19,1152.84,21.34,-1026.1,-18.99
5163.29,5370.19,2005.46,5437.86,6543.86,4520,5473.7,43,2,-310.41,-5.67,-103.51,-1.89,-3468.24,-63.36,-35.84,-0.65,1070.16,19.55,-953.7,-17.42
5825.09,4717.21,1892.23,4761.25,6532.27,4348,4801.3,44,2,1023.79,21.32,-84.09,-1.75,-2909.07,-60.59,-40.05,-0.83,1730.97,36.05,-453.3,-9.44
5109.5,5297.08,1888.43,5358.67,7175.09,4453,5364.5,45,2,-255.0,-4.75,-67.42,-1.26,-3476.07,-64.8,-5.83,-0.11,1810.59,33.75,-911.5,-16.99
5784.87,4572.64,1884.53,4617.74,7161.95,4123,4629.6,46,2,1155.27,24.95,-56.96,-1.23,-2745.07,-59.29,-11.86,-0.26,2532.35,54.7,-506.6,-10.94
5071.45,5212.22,1415.09,5270.81,7148.29,4345,5300.9,47,2,-229.45,-4.33,-88.68,-1.67,-3885.81,-73.3,-30.09,-0.57,1847.39,34.85,-955.9,-18.03
5051.79,5420.53,1411.96,5476.22,7142.35,4678,5505.8,48,2,-454.01,-8.25,-85.27,-1.55,-4093.84,-74.36,-29.58,-0.54,1636.55,29.72,-827.8,-15.04
5720.91,5289.42,1885.63,5340.7,7126.99,4587,5368.2,49,2,352.71,6.57,-78.78,-1.47,-3482.57,-64.87,-27.5,-0.51,1758.79,32.76,-781.2,-14.55
5011.14,5958.59,1933.21,6016.65,7104.17,4499,5973.8,50,2,-962.66,-16.11,-15.21,-0.25,-4040.59,-67.64,42.85,0.72,1130.37,18.92,-1474.8,-24.69
5007.65,5854.28,1927.96,5924.71,7088.43,4251,5934.4,51,2,-926.75,-15.62,-80.12,-1.35,-4006.44,-67.51,-9.69,-0.16,1154.03,19.45,-1683.4,-28.37
4968.61,5544.73,1872.63,5613.47,7072.16,4343,5660.9,52,2,-692.29,-12.23,-116.17,-2.05,-3788.27,-66.92,-47.43,-0.84,1411.26,24.93,-1317.9,-23.28
4946.71,5551.95,2327.42,5603.78,7055.38,4426,5623.6,53,2,-676.89,-12.04,-71.65,-1.27,-3296.18,-58.61,-19.82,-0.35,1431.78,25.46,-1197.6,-21.3
5604.18,5660.09,2757.14,5722.6,7038.09,4567,5752.8,54,2,-148.62,-2.58,-92.71,-1.61,-2995.66,-52.07,-30.2,-0.53,1285.29,22.34,-1185.8,-20.61
4901.66,5026.26,2750.09,5080.69,7018.91,4138,5078.0,55,2,-176.34,-3.47,-51.74,-1.02,-2327.91,-45.84,2.69,0.05,1940.91,38.22,-940.0,-18.51
4896.12,4973.32,2742.89,5027.24,7000.71,4397,5065.2,56,2,-169.08,-3.34,-91.88,-1.81,-2322.31,-45.85,-37.96,-0.75,1935.51,38.21,-668.2,-13.19
4854.94,4695.3,2735.54,4734.56,6982.01,4175,4753.5,57,2,101.44,2.13,-58.2,-1.22,-2017.96,-42.45,-18.94,-0.4,2228.51,46.88,-578.5,-12.17
4830.89,4628.4,2716.91,4677.95,7588.64,4161,4700.0,58,2,130.89,2.78,-71.6,-1.52,-1983.09,-42.19,-22.05,-0.47,2888.64,61.46,-539.0,-11.47
5475.26,4277.27,2709.98,4311.66,7568.19,3976,4333.7,59,2,1141.56,26.34,-56.43,-1.3,-1623.72,-37.47,-22.04,-0.51,3234.49,74.64,-357.7,-8.25
4781.58,4394.85,2729.91,4439.6,7444.1,4015,4512.4,60,3,269.18,5.97,-117.55,-2.61,-1782.49,-39.5,-72.8,-1.61,2931.7,64.97,-497.4,-11.02
5420.35,5092.07,2722.58,5155.5,7317.4,4198,5204.2,61,3,216.15,4.15,-112.13,-2.15,-2481.62,-47.68,-48.7,-0.94,2113.2,40.61,-1006.2,-19.33
4730.69,4672.48,2715.1,4710.57,7297.28,4135,4735.9,62,3,-5.21,-0.11,-63.42,-1.34,-2020.8,-42.67,-25.33,-0.53,2561.38,54.08,-600.9,-12.69
4722.29,5306.37,2707.48,5383.9,7275.3,4207,5447.3,63,3,-725.01,-13.31,-140.93,-2.59,-2739.82,-50.3,-63.4,-1.16,1828.0,33.56,-1240.3,-22.77
5334.56,5191.01,2259.26,5284.42,7254.36,4154,5410.7,64,3,-76.14,-1.41,-219.69,-4.06,-3151.44,-58.24,-126.28,-2.33,1843.66,34.07,-1256.7,-23.23
4651.37,5135.98,2252.84,5186.68,7232.99,4063,5166.1,65,3,-514.73,-9.96,-30.12,-0.58,-2913.26,-56.39,20.58,0.4,2066.89,40.01,-1103.1,-21.35
5275.07,5200.23,2246.3,5255.13,7211.19,4081,5263.7,66,3,11.37,0.22,-63.47,-1.21,-3017.4,-57.32,-8.57,-0.16,1947.49,37.0,-1182.7,-22.47
4596.58,4771.29,2239.65,4819.62,7188.97,3947,4856.4,67,3,-259.82,-5.35,-85.11,-1.75,-2616.75,-53.88,-36.78,-0.76,2332.57,48.03,-909.4,-18.73
5213.91,5625.3,2232.89,5771.04,7166.34,4013,5864.3,68,3,-650.39,-11.09,-239.0,-4.08,-3631.41,-61.92,-93.26,-1.59,1302.04,22.2,-1851.3,-31.57
4540.36,5152.81,1815.92,5237.29,7143.3,4035,5281.6,69,3,-741.24,-14.03,-128.79,-2.44,-3465.68,-65.62,-44.31,-0.84,1861.7,35.25,-1246.6,-23.6
4529.36,4838.83,1810.57,4921.82,7698.22,4075,4968.7,70,3,-439.34,-8.84,-129.87,-2.61,-3158.13,-63.56,-46.88,-0.94,2729.52,54.93,-893.7,-17.99
4482.76,5222.75,2180.66,5339.26,7673.45,3898,5458.1,71,3,-975.34,-17.87,-235.35,-4.31,-3277.44,-60.05,-118.84,-2.18,2215.35,40.59,-1560.1,-28.58
4471.05,4514.1,2173.49,4623.2,7648.29,3800,4663.6,72,3,-192.55,-4.13,-149.5,-3.21,-2490.11,-53.39,-40.4,-0.87,2984.69,64.0,-863.6,-18.52
5053.92,4611.44,2166.22,4705.23,6983.45,3814,4773.6,73,3,280.32,5.87,-162.16,-3.4,-2607.38,-54.62,-68.37,-1.43,2209.85,46.29,-959.6,-20.1
4393.9,4748.0,2158.84,4858.28,6958.58,4104,4919.8,74,3,-525.9,-10.69,-171.8,-3.49,-2760.96,-56.12,-61.52,-1.25,2038.78,41.44,-815.8,-16.58
4987.32,4742.03,2151.36,4842.34,6933.38,3931,4875.1,75,3,112.22,2.3,-133.07,-2.73,-2723.74,-55.87,-32.76,-0.67,2058.28,42.22,-944.1,-19.37
4333.18,4264.53,2143.79,4349.46,6907.85,3640,4351.1,76,3,-17.92,-0.41,-86.57,-1.99,-2207.31,-50.73,-1.64,-0.04,2556.75,58.76,-711.1,-16.34
4919.35,4368.19,2136.12,4484.15,6882.01,3721,4527.6,77,3,391.75,8.65,-159.41,-3.52,-2391.48,-52.82,-43.45,-0.96,2354.41,52.0,-806.6,-17.82
4271.33,4204.33,2128.35,4324.4,6855.86,3745,4358.0,78,3,-86.67,-1.99,-153.67,-3.53,-2229.65,-51.16,-33.6,-0.77,2497.86,57.32,-613.0,-14.07
4850.12,4567.27,2513.14,4678.61,6829.4,3886,4743.4,79,3,106.72,2.25,-176.13,-3.71,-2230.26,-47.02,-64.79,-1.37,2086.0,43.98,-857.4,-18.08
4208.49,4267.23,2503.32,4384.32,6802.62,3705,4463.6,80,3,-255.11,-5.72,-196.37,-4.4,-1960.28,-43.92,-79.28,-1.78,2339.02,52.4,-758.6,-17.0
4194.29,4206.82,2493.38,4298.02,6775.47,3657,4314.6,81,3,-120.31,-2.79,-107.78,-2.5,-1821.22,-42.21,-16.58,-0.38,2460.87,57.04,-657.6,-15.24
4745.71,4866.08,2483.33,4968.82,7275.78,3783,4978.0,82,3,-232.29,-4.67,-111.92,-2.25,-2494.67,-50.11,-9.18,-0.18,2297.77,46.16,-1195.0,-24.01
3535.62,4909.7,2473.18,5092.14,7238.88,3776,5180.7,83,3,-1645.08,-31.75,-271.0,-5.23,-2707.52,-52.26,-88.56,-1.71,2058.18,39.73,-1404.7,-27.11
4673.66,5404.3,2462.93,5608.77,7210.95,3632,5724.4,84,3,-1050.74,-18.36,-320.1,-5.59,-3261.47,-56.97,-115.63,-2.02,1486.55,25.97,-2092.4,-36.55
4048.96,5039.46,2452.58,5227.73,7182.74,3715,5322.9,85,3,-1273.94,-23.93,-283.44,-5.32,-2870.32,-53.92,-95.17,-1.79,1859.84,34.94,-1607.9,-30.21
4600.85,5027.18,2442.14,5157.38,7157.05,3594,5166.8,86,3,-565.95,-10.95,-139.62,-2.7,-2724.66,-52.73,-9.42,-0.18,1990.25,38.52,-1572.8,-30.44
3983.39,4552.86,2431.6,4696.12,7127.03,3621,4756.2,87,3,-772.81,-16.25,-203.34,-4.28,-2324.6,-48.88,-60.08,-1.26,2370.83,49.85,-1135.2,-23.87
4527.39,4681.13,2727.02,4813.83,7098.23,3612,4899.8,88,3,-372.41,-7.6,-218.67,-4.46,-2172.78,-44.34,-85.97,-1.75,2198.43,44.87,-1287.8,-26.28
3917.24,4510.94,2714.39,4617.02,7069.21,3620,4667.8,89,3,-750.56,-16.08,-156.86,-3.36,-1953.41,-41.85,-50.78,-1.09,2401.41,51.45,-1047.8,-22.45
3901.21,4791.74,2361.31,4929.22,7039.96,3498,5037.3,90,3,-1136.09,-22.55,-245.56,-4.87,-2675.99,-53.12,-108.08,-2.15,2002.66,39.76,-1539.3,-30.56
4415.96,4985.14,2350.52,5161.26,7010.52,3310,5288.2,91,4,-872.24,-16.49,-303.06,-5.73,-2937.68,-55.55,-126.94,-2.4,1722.32,32.57,-1978.2,-37.41
3817.33,4751.65,2339.66,4839.99,6875.1,3460,4932.0,92,4,-1114.67,-22.6,-180.35,-3.66,-2592.34,-52.56,-92.01,-1.87,1943.1,39.4,-1472.0,-29.85
4341.28,4128.48,2328.73,4211.22,6847.14,3363,4283.1,93,4,58.18,1.36,-154.62,-3.61,-1954.37,-45.63,-71.88,-1.68,2564.04,59.86,-920.1,-21.48
3750.53,4620.56,2317.74,4730.53,7284.6,3295,4884.5,94,4,-1133.97,-23.22,-263.94,-5.4,-2566.76,-52.55,-153.97,-3.15,2400.1,49.14,-1589.5,-32.54
4266.3,4599.41,1946.23,4687.27,7019.21,3395,4801.1,95,4,-534.8,-11.14,-201.69,-4.2,-2854.87,-59.46,-113.83,-2.37,2218.11,46.2,-1406.1,-29.29
3683.48,3791.87,1937.26,3856.58,6992.5,3124,3913.1,96,4,-229.62,-5.87,-121.23,-3.1,-1975.84,-50.49,-56.52,-1.44,3079.4,78.69,-789.1,-20.17
3666.97,3894.26,1928.23,3963.9,6965.67,3158,4014.0,97,4,-347.03,-8.65,-119.74,-2.98,-2085.77,-51.96,-50.1,-1.25,2951.67,73.53,-856.0,-21.33
3616.58,3882.21,1919.18,3966.52,6938.74,3058,4068.8,98,4,-452.22,-11.11,-186.59,-4.59,-2149.62,-52.83,-102.28,-2.51,2869.94,70.54,-1010.8,-24.84
3067.06,4543.54,1910.08,4622.28,6309.48,3212,4732.5,99,4,-1665.44,-35.19,-188.96,-3.99,-2822.42,-59.64,-110.22,-2.33,1576.98,33.32,-1520.5,-32.13
4078.82,4526.52,1900.96,4614.18,6284.1,3172,4674.9,100,4,-596.08,-12.75,-148.38,-3.17,-2773.94,-59.34,-60.72,-1.3,1609.2,34.42,-1502.9,-32.15
3516.62,5225.69,1891.8,5366.42,6231.76,2456,5583.3,101,4,-2066.68,-37.02,-357.61,-6.41,-3691.5,-66.12,-216.88,-3.88,648.46,11.61,-3127.3,-56.01
4004.14,4692.56,1871.79,4833.79,6207.7,2907,4989.0,102,4,-984.86,-19.74,-296.44,-5.94,-3117.21,-62.48,-155.21,-3.11,1218.7,24.43,-2082.0,-41.73
3450.38,3829.5,1863.3,3880.39,5596.59,3055,3944.4,103,4,-494.02,-12.52,-114.9,-2.91,-2081.1,-52.76,-64.01,-1.62,1652.19,41.89,-889.4,-22.55
3434.12,3585.22,1854.79,3703.91,5573.97,2789,3846.6,104,4,-412.48,-10.72,-261.38,-6.8,-1991.81,-51.78,-142.69,-3.71,1727.37,44.91,-1057.6,-27.49
3433.93,4228.12,1846.26,4349.04,5551.32,2923,4471.5,105,4,-1037.57,-23.2,-243.38,-5.44,-2625.24,-58.71,-122.46,-2.74,1079.82,24.15,-1548.5,-34.63
2864.42,4118.18,2372.78,4190.74,5920.54,2941,4289.5,106,4,-1425.08,-33.22,-171.32,-3.99,-1916.72,-44.68,-98.76,-2.3,1631.04,38.02,-1348.5,-31.44
3819.73,4485.54,2360.31,4600.51,5896.46,2751,4748.5,107,4,-928.77,-19.56,-262.96,-5.54,-2388.19,-50.29,-147.99,-3.12,1147.96,24.18,-1997.5,-42.07
3287.33,4818.08,2347.84,5014.92,6070.16,2436,5206.5,108,4,-1919.17,-36.86,-388.42,-7.46,-2858.66,-54.91,-191.58,-3.68,863.66,16.59,-2770.5,-53.21
3271.67,4580.51,2335.39,4777.98,6043.26,2350,4960.9,109,4,-1689.23,-34.05,-380.39,-7.67,-2625.51,-52.92,-182.92,-3.69,1082.36,21.82,-2610.9,-52.63
3271.9,4502.74,2322.95,4581.09,6016.41,2704,4678.6,110,4,-1406.7,-30.07,-175.86,-3.76,-2355.65,-50.35,-97.51,-2.08,1337.81,28.59,-1974.6,-42.2
2724.33,4150.1,2049.8,4230.53,5989.63,2747,4316.8,111,4,-1592.47,-36.89,-166.7,-3.86,-2267.0,-52.52,-86.27,-2.0,1672.83,38.75,-1569.8,-36.36
3640.15,3779.69,2039.36,3852.18,5962.92,2690,3903.4,112,4,-263.25,-6.74,-123.71,-3.17,-1864.04,-47.75,-51.22,-1.31,2059.52,52.76,-1213.4,-31.09
3129.31,4135.91,2028.94,4215.46,5936.31,2659,4286.3,113,4,-1156.99,-26.99,-150.39,-3.51,-2257.36,-52.66,-70.84,-1.65,1650.01,38.49,-1627.3,-37.97
2879.25,4197.87,2018.56,4352.58,5909.8,2494,4509.5,114,4,-1630.25,-36.15,-311.63,-6.91,-2490.94,-55.24,-156.92,-3.48,1400.3,31.05,-2015.5,-44.69
3115.62,4659.47,2008.21,4780.91,5883.42,1966,4993.9,115,4,-1878.28,-37.61,-334.43,-6.7,-2985.69,-59.79,-212.99,-4.26,889.52,17.81,-3027.9,-60.63
3037.65,3774.56,1997.91,3823.04,5857.18,2652,3923.7,116,4,-886.05,-22.58,-149.14,-3.8,-1925.79,-49.08,-100.66,-2.57,1933.48,49.28,-1271.7,-32.41
3023.72,3441.66,1987.65,3487.74,5831.09,2718,3566.5,117,4,-542.78,-15.22,-124.84,-3.5,-1578.85,-44.27,-78.76,-2.21,2264.59,63.5,-848.5,-23.79
2978.11,3704.92,1977.45,3745.28,5805.17,2723,3853.0,118,4,-874.89,-22.71,-148.07,-3.84,-1875.55,-48.68,-107.72,-2.8,1952.17,50.67,-1130.0,-29.33
2512.67,3505.77,1967.3,3535.88,5779.44,2663,3653.6,119,4,-1140.93,-31.23,-147.83,-4.05,-1686.3,-46.15,-117.72,-3.22,2125.84,58.18,-990.6,-27.11
3368.21,3892.55,1957.22,3984.65,5753.9,2613,4139.6,120,4,-771.39,-18.63,-247.05,-5.97,-2182.38,-52.72,-154.95,-3.74,1614.3,39.0,-1526.6,-36.88
2891.41,4216.61,1844.27,4254.71,6225.08,2464,4394.2,121,5,-1502.79,-34.2,-177.59,-4.04,-2549.93,-58.03,-139.49,-3.17,1830.88,41.67,-1930.2,-43.93
2438.26,4099.88,1834.92,4140.29,6199.93,2333,4296.8,122,5,-1858.54,-43.25,-196.92,-4.58,-2461.88,-57.3,-156.51,-3.64,1903.13,44.29,-1963.8,-45.7
3272.49,4450.45,1825.64,4583.5,6175.02,2057,4822.8,123,5,-1550.31,-32.15,-372.35,-7.72,-2997.16,-62.15,-239.3,-4.96,1352.22,28.04,-2765.8,-57.35
2809.45,4321.68,1816.44,4453.49,6150.38,2162,4674.5,124,5,-1865.05,-39.9,-352.82,-7.55,-2858.06,-61.14,-221.01,-4.73,1475.88,31.57,-2512.5,-53.75
2368.28,4150.8,2309.59,4217.05,6126.01,2198,4396.6,125,5,-2028.32,-46.13,-245.8,-5.59,-2087.01,-47.47,-179.55,-4.08,1729.41,39.34,-2198.6,-50.01
2801.81,4223.96,2297.07,4279.04,6101.92,2164,4485.4,126,5,-1683.59,-37.53,-261.44,-5.83,-2188.33,-48.79,-206.36,-4.6,1616.52,36.04,-2321.4,-51.75
2729.83,3473.05,2284.69,3510.14,5947.43,2571,3637.8,127,5,-907.97,-24.96,-164.75,-4.53,-1353.11,-37.2,-127.66,-3.51,2309.63,63.49,-1066.8,-29.33
2300.42,3469.28,1989.8,3507.3,5924.95,2518,3633.6,128,5,-1333.18,-36.69,-164.32,-4.52,-1643.8,-45.24,-126.3,-3.48,2291.35,63.06,-1115.6,-30.7
2694.36,3559.69,1979.53,3597.48,5902.77,2533,3732.2,129,5,-1037.84,-27.81,-172.51,-4.62,-1752.67,-46.96,-134.72,-3.61,2170.57,58.16,-1199.2,-32.13
2699.59,3552.5,1969.39,3590.32,5880.92,2519,3688.6,130,5,-989.01,-26.81,-136.1,-3.69,-1719.21,-46.61,-98.28,-2.66,2192.32,59.44,-1169.6,-31.71
2236.22,3842.3,1959.4,3891.32,5859.41,2380,4039.8,131,5,-1803.58,-44.65,-197.5,-4.89,-2080.4,-51.5,-148.48,-3.68,1819.61,45.04,-1659.8,-41.09
2215.62,3609.93,1949.56,3650.88,5838.25,2548,3741.2,132,5,-1525.58,-40.78,-131.27,-3.51,-1791.64,-47.89,-90.32,-2.41,2097.05,56.05,-1193.2,-31.89
2627.81,3122.99,1939.87,3151.01,5817.45,2510,3253.1,133,5,-625.29,-19.22,-130.11,-4.0,-1313.23,-40.37,-102.09,-3.14,2564.35,78.83,-743.1,-22.84
2301.53,3184.65,1930.33,3219.05,5797.03,2505,3351.4,134,5,-1049.87,-31.33,-166.75,-4.98,-1421.07,-42.4,-132.35,-3.95,2445.63,72.97,-846.4,-25.26
1847.03,3209.46,1725.78,3245.94,5775.58,2471,3361.8,135,5,-1514.77,-45.06,-152.34,-4.53,-1636.02,-48.66,-115.86,-3.45,2413.78,71.8,-890.8,-26.5
2182.11,3586.31,1717.97,3611.48,5756.0,2413,3768.3,136,5,-1586.19,-42.09,-181.99,-4.83,-2050.33,-54.41,-156.82,-4.16,1987.7,52.75,-1355.3,-35.97
2539.29,3117.72,1710.3,3145.15,5736.85,2415,3274.9,137,5,-735.61,-22.46,-157.18,-4.8,-1564.6,-47.78,-129.75,-3.96,2461.95,75.18,-859.9,-26.26
2474.41,2934.5,1702.78,2954.98,5718.12,2373,3077.1,138,5,-602.69,-19.59,-142.6,-4.63,-1374.32,-44.66,-122.12,-3.97,2641.02,85.83,-704.1,-22.88
1785.14,2941.43,1925.34,2954.1,5699.82,2546,3012.4,139,5,-1227.26,-40.74,-70.97,-2.36,-1087.06,-36.09,-58.3,-1.94,2687.42,89.21,-466.4,-15.48
1728.94,3678.27,1916.76,3701.55,5681.98,2319,3915.3,140,5,-2186.36,-55.84,-237.03,-6.05,-1998.54,-51.04,-213.75,-5.46,1766.68,45.12,-1596.3,-40.77
2459.45,3793.23,1908.38,3810.39,5972.46,2421,3982.7,141,5,-1523.25,-38.25,-189.47,-4.76,-2074.32,-52.08,-172.31,-4.33,1989.76,49.96,-1561.7,-39.21
2397.31,3444.82,1900.2,3507.86,5953.99,2499,3628.7,142,5,-1231.39,-33.93,-183.88,-5.07,-1728.5,-47.63,-120.84,-3.33,2325.29,64.08,-1129.7,-31.13
1729.8,3062.75,1892.23,3121.73,5631.28,2520,3212.7,143,5,-1482.9,-46.16,-149.95,-4.67,-1320.47,-41.1,-90.97,-2.83,2418.57,75.28,-692.7,-21.56
2004.65,3050.61,1884.48,3120.72,5615.34,2394,3258.6,144,5,-1253.95,-38.48,-207.99,-6.38,-1374.12,-42.17,-137.88,-4.23,2356.75,72.32,-864.6,-26.53
2033.41,3661.64,1876.93,3742.99,5599.92,2490,3891.3,145,5,-1857.89,-47.74,-229.66,-5.9,-2014.37,-51.77,-148.31,-3.81,1708.62,43.91,-1401.3,-36.01
2140.06,3669.31,1869.62,3760.25,5585.0,2368,3961.0,146,5,-1820.94,-45.97,-291.69,-7.36,-2091.38,-52.8,-200.75,-5.07,1624.0,41.0,-1593.0,-40.22
2032.21,3001.93,1862.52,3090.86,5570.61,2453,3223.4,147,5,-1191.19,-36.95,-221.47,-6.87,-1360.88,-42.22,-132.54,-4.11,2347.21,72.82,-770.4,-23.9
1670.39,2880.71,1855.66,2956.72,5556.75,2406,3067.4,148,5,-1397.01,-45.54,-186.69,-6.09,-1211.74,-39.5,-110.68,-3.61,2489.35,81.16,-661.4,-21.56
1937.75,3182.3,1849.03,3235.44,5543.43,2411,3355.7,149,5,-1417.95,-42.26,-173.4,-5.17,-1506.67,-44.9,-120.26,-3.58,2187.73,65.19,-944.7,-28.15
1609.23,2859.66,1842.64,2922.1,5530.65,2450,3001.3,150,5,-1392.07,-46.38,-141.64,-4.72,-1158.66,-38.61,-79.2,-2.64,2529.35,84.28,-551.3,-18.37
2300.21,3146.3,1836.49,3215.09,5518.43,2393,3397.2,151,5,-1096.99,-32.29,-250.9,-7.39,-1560.71,-45.94,-182.11,-5.36,2121.23,62.44,-1004.2,-29.56
1709.28,2884.26,1970.56,2949.74,5129.02,2397,3057.2,152,6,-1347.92,-44.09,-172.94,-5.66,-1086.64,-35.54,-107.46,-3.51,2071.82,67.77,-660.2,-21.59
1961.85,2427.83,1964.12,2494.87,5118.02,2173,2583.9,153,6,-622.05,-24.07,-156.07,-6.04,-619.78,-23.99,-89.03,-3.45,2534.12,98.07,-410.9,-15.9
1561.3,2977.45,1957.97,3050.8,5107.58,2321,3201.1,154,6,-1639.8,-51.23,-223.65,-6.99,-1243.13,-38.83,-150.3,-4.7,1906.48,59.56,-880.1,-27.49
1605.25,3246.7,1952.12,3311.9,5097.72,2325,3481.7,155,6,-1876.45,-53.89,-235.0,-6.75,-1529.58,-43.93,-169.8,-4.88,1616.02,46.41,-1156.7,-33.22
1866.1,2815.37,1946.57,2873.18,5088.44,2310,2997.2,156,6,-1131.1,-37.74,-181.83,-6.07,-1050.63,-35.05,-124.02,-4.14,2091.24,69.77,-687.2,-22.93
1500.97,2973.76,1941.31,3033.75,5079.75,2284,3183.2,157,6,-1682.23,-52.85,-209.44,-6.58,-1241.89,-39.01,-149.45,-4.69,1896.55,59.58,-899.2,-28.25
1385.93,3040.51,1936.36,3097.14,5071.65,2266,3260.1,158,6,-1874.17,-57.49,-219.59,-6.74,-1323.74,-40.6,-162.96,-5.0,1811.55,55.57,-994.1,-30.49
1988.56,3447.31,1931.72,3525.05,5064.14,2229,3719.8,159,6,-1731.24,-46.54,-272.49,-7.33,-1788.08,-48.07,-194.75,-5.24,1344.34,36.14,-1490.8,-40.08
1650.87,3062.37,1927.38,3135.88,5057.24,2228,3285.3,160,6,-1634.43,-49.75,-222.93,-6.79,-1357.92,-41.33,-149.42,-4.55,1771.94,53.94,-1057.3,-32.18
1582.43,2976.2,1923.36,3049.78,5050.93,2265,3180.8,161,6,-1598.37,-50.25,-204.6,-6.43,-1257.44,-39.53,-131.02,-4.12,1870.13,58.79,-915.8,-28.79
1687.34,3081.09,1919.65,3160.43,5045.23,2251,3315.5,162,6,-1628.16,-49.11,-234.41,-7.07,-1395.85,-42.1,-155.07,-4.68,1729.73,52.17,-1064.5,-32.11
1460.09,3236.25,1916.26,3311.35,5040.14,2165,3444.7,163,6,-1984.61,-57.61,-208.45,-6.05,-1528.44,-44.37,-133.35,-3.87,1595.44,46.32,-1279.7,-37.15
1495.31,3339.29,1913.18,3419.82,5035.66,2149,3597.8,164,6,-2102.49,-58.44,-258.51,-7.19,-1684.62,-46.82,-177.98,-4.95,1437.86,39.96,-1448.8,-40.27
1454.59,3256.55,1910.43,3335.18,5031.79,2122,3514.7,165,6,-2060.11,-58.61,-258.15,-7.34,-1604.27,-45.64,-179.52,-5.11,1517.09,43.16,-1392.7,-39.63
1125.13,2919.54,1907.99,2993.16,4524.35,2260,3130.1,166,6,-2004.97,-64.05,-210.56,-6.73,-1222.11,-39.04,-136.94,-4.38,1394.25,44.54,-870.1,-27.8
936.73,2978.56,1905.88,3063.78,4521.88,2259,3222.1,167,6,-2285.37,-70.93,-243.54,-7.56,-1316.22,-40.85,-158.32,-4.91,1299.78,40.34,-963.1,-29.89
1071.78,3364.24,1904.09,3453.6,4519.97,2073,3642.0,168,6,-2570.22,-70.57,-277.76,-7.63,-1737.91,-47.72,-188.4,-5.17,877.97,24.11,-1569.0,-43.08
1484.83,3541.64,1902.62,3645.08,4518.64,1892,3810.4,169,6,-2325.57,-61.03,-268.76,-7.05,-1907.78,-50.07,-165.32,-4.34,708.24,18.59,-1918.4,-50.35
738.78,3123.57,1901.48,3217.9,4517.87,2068,3398.1,170,6,-2659.32,-78.26,-274.53,-8.08,-1496.62,-44.04,-180.2,-5.3,1119.77,32.95,-1330.1,-39.14
725.69,3035.02,1900.66,3124.16,4517.67,2189,3257.1,171,6,-2531.41,-77.72,-222.08,-6.82,-1356.44,-41.65,-132.94,-4.08,1260.57,38.7,-1068.1,-32.79
725.73,2747.59,1900.17,2827.3,4518.03,2183,2943.2,172,6,-2217.47,-75.34,-195.61,-6.65,-1043.03,-35.44,-115.9,-3.94,1574.83,53.51,-760.2,-25.83
738.9,2980.06,1900.0,3070.14,4518.96,2044,3223.5,173,6,-2484.6,-77.08,-243.44,-7.55,-1323.5,-41.06,-153.36,-4.76,1295.46,40.19,-1179.5,-36.59
1233.32,3255.05,1900.16,3357.51,4520.44,2014,3545.3,174,6,-2311.98,-65.21,-290.25,-8.19,-1645.14,-46.4,-187.79,-5.3,975.14,27.51,-1531.3,-43.19
1026.64,3295.63,1900.64,3398.72,4522.48,1927,3553.8,175,6,-2527.16,-71.11,-258.17,-7.26,-1653.16,-46.52,-155.08,-4.36,968.68,27.26,-1626.8,-45.78
1025.67,2736.11,1901.44,2813.86,4525.08,2196,2914.3,176,6,-1888.63,-64.81,-178.19,-6.11,-1012.86,-34.75,-100.44,-3.45,1610.78,55.27,-718.3,-24.65
1037.38,3145.87,1902.57,3243.78,4528.24,2057,3373.7,177,6,-2336.32,-69.25,-227.83,-6.75,-1471.13,-43.61,-129.92,-3.85,1154.54,34.22,-1316.7,-39.03
1407.3,3071.2,1904.02,3194.97,4531.94,2124,3368.0,178,6,-1960.7,-58.22,-296.8,-8.81,-1463.98,-43.47,-173.03,-5.14,1163.94,34.56,-1244.0,-36.94
1389.36,3433.29,1905.79,3536.02,4536.18,1910,3715.2,179,6,-2325.84,-62.6,-281.91,-7.59,-1809.41,-48.7,-179.18,-4.82,820.98,22.1,-1805.2,-48.59
1201.9,3428.69,1907.88,3522.58,4540.96,1945,3687.9,180,6,-2486.0,-67.41,-259.21,-7.03,-1780.02,-48.27,-165.32,-4.48,853.06,23.13,-1742.9,-47.26
1553.17,3405.42,1910.29,3548.36,4546.28,2014,3710.2,181,6,-2157.03,-58.14,-304.78,-8.21,-1799.91,-48.51,-161.84,-4.36,836.08,22.53,-1696.2,-45.72
1448.28,3289.28,1888.73,3380.23,4720.34,2061,3544.6,182,7,-2096.32,-59.14,-255.32,-7.2,-1655.87,-46.72,-164.37,-4.64,1175.74,33.17,-1483.6,-41.86
1640.05,3042.88,1891.72,3107.88,4726.76,2176,3239.1,183,7,-1599.05,-49.37,-196.22,-6.06,-1347.38,-41.6,-131.22,-4.05,1487.66,45.93,-1063.1,-32.82
2005.14,3166.58,1895.02,3230.84,4733.7,2088,3343.9,184,7,-1338.76,-40.04,-177.32,-5.3,-1448.88,-43.33,-113.06,-3.38,1389.8,41.56,-1255.9,-37.56
1680.08,3150.09,1898.62,3218.78,4741.15,2189,3385.6,185,7,-1705.52,-50.38,-235.51,-6.96,-1486.98,-43.92,-166.82,-4.93,1355.55,40.04,-1196.6,-35.34
1380.08,3401.78,1902.52,3540.33,4749.12,2003,3726.4,186,7,-2346.32,-62.96,-324.62,-8.71,-1823.88,-48.94,-186.07,-4.99,1022.71,27.45,-1723.4,-46.25
1562.28,3793.96,1906.73,3881.44,4757.58,1945,4060.1,187,7,-2497.82,-61.52,-266.14,-6.56,-2153.37,-53.04,-178.66,-4.4,697.48,17.18,-2115.1,-52.09
1609.9,3410.65,1911.23,3475.19,4766.53,2178,3605.2,188,7,-1995.3,-55.35,-194.55,-5.4,-1693.97,-46.99,-130.01,-3.61,1161.33,32.21,-1427.2,-39.59
1602.87,3411.07,1916.02,3534.38,4775.97,2090,3687.9,189,7,-2085.03,-56.54,-276.83,-7.51,-1771.88,-48.05,-153.52,-4.16,1088.07,29.5,-1597.9,-43.33
1626.5,3730.4,1921.1,3881.03,4785.89,1949,4052.8,190,7,-2426.3,-59.87,-322.4,-7.95,-2131.7,-52.6,-171.77,-4.24,733.09,18.09,-2103.8,-51.91
1937.27,3333.31,1926.47,3466.62,4796.28,2138,3623.1,191,7,-1685.83,-46.53,-289.79,-8.0,-1696.63,-46.83,-156.48,-4.32,1173.18,32.38,-1485.1,-40.99
2081.91,3197.81,1932.12,3322.94,4807.13,2265,3461.6,192,7,-1379.69,-39.86,-263.79,-7.62,-1529.48,-44.18,-138.66,-4.01,1345.53,38.87,-1196.6,-34.57
1974.43,3695.39,1938.05,3762.03,4818.43,2055,3939.6,193,7,-1965.17,-49.88,-244.21,-6.2,-2001.55,-50.81,-177.57,-4.51,878.83,22.31,-1884.6,-47.84
1943.85,3751.62,1858.4,3890.14,4830.17,2128,4086.8,194,7,-2142.95,-52.44,-335.18,-8.2,-2228.4,-54.53,-196.66,-4.81,743.37,18.19,-1958.8,-47.93
1675.83,3549.81,1864.25,3684.83,4842.35,2221,3845.3,195,7,-2169.47,-56.42,-295.49,-7.68,-1981.05,-51.52,-160.47,-4.17,997.05,25.93,-1624.3,-42.24
1687.05,3336.92,1870.34,3450.68,4854.96,2312,3591.2,196,7,-1904.15,-53.02,-254.28,-7.08,-1720.86,-47.92,-140.52,-3.91,1263.76,35.19,-1279.2,-35.62
1778.53,2783.67,1876.66,2814.88,4867.97,2350,2896.3,197,7,-1117.77,-38.59,-112.63,-3.89,-1019.64,-35.2,-81.42,-2.81,1971.67,68.08,-546.3,-18.86
2396.93,3471.33,1883.22,3530.0,5002.51,2339,3687.6,198,7,-1290.67,-35.0,-216.27,-5.86,-1804.38,-48.93,-157.6,-4.27,1314.91,35.66,-1348.6,-36.57
1682.07,3306.74,1890.0,3432.8,5017.04,2334,3604.9,199,7,-1922.83,-53.34,-298.16,-8.27,-1714.9,-47.57,-172.1,-4.77,1412.14,39.17,-1270.9,-35.25
1736.35,3503.29,1897.01,3628.24,5031.96,2405,3787.4,200,7,-2051.05,-54.15,-284.11,-7.5,-1890.39,-49.91,-159.16,-4.2,1244.56,32.86,-1382.4,-36.5
2042.91,4016.77,1904.23,4153.68,5047.25,2305,4353.8,201,7,-2310.89,-53.08,-337.03,-7.74,-2449.57,-56.26,-200.12,-4.6,693.45,15.93,-2048.8,-47.06
1844.79,3969.09,1911.67,4103.13,5062.91,2357,4256.2,202,7,-2411.41,-56.66,-287.11,-6.75,-2344.53,-55.09,-153.07,-3.6,806.71,18.95,-1899.2,-44.62
2488.37,3456.14,1919.32,3570.64,5078.92,2466,3729.0,203,7,-1240.63,-33.27,-272.86,-7.32,-1809.68,-48.53,-158.36,-4.25,1349.92,36.2,-1263.0,-33.87
2092.85,3342.03,1927.17,3452.46,5640.79,2502,3590.2,204,7,-1497.35,-41.71,-248.17,-6.91,-1663.03,-46.32,-137.74,-3.84,2050.59,57.12,-1088.2,-30.31
1807.57,3294.7,1935.22,3394.46,5658.78,2452,3546.2,205,7,-1738.63,-49.03,-251.5,-7.09,-1610.98,-45.43,-151.74,-4.28,2112.58,59.57,-1094.2,-30.86
2253.13,3460.94,1721.7,3552.71,5677.12,2475,3690.0,206,7,-1436.87,-38.94,-229.06,-6.21,-1968.3,-53.34,-137.29,-3.72,1987.12,53.85,-1215.0,-32.93
2571.48,3906.77,1728.8,4011.46,5695.78,2523,4200.4,207,7,-1628.92,-38.78,-293.63,-6.99,-2471.6,-58.84,-188.94,-4.5,1495.38,35.6,-1677.4,-39.93
2166.06,3991.59,1736.06,4035.14,5714.75,2415,4248.7,208,7,-2082.64,-49.02,-257.11,-6.05,-2512.64,-59.14,-213.56,-5.03,1466.05,34.51,-1833.7,-43.16
2185.54,3860.56,1743.47,3950.73,5734.02,2408,4110.7,209,7,-1925.16,-46.83,-250.14,-6.09,-2367.23,-57.59,-159.97,-3.89,1623.32,39.49,-1702.7,-41.42
2639.46,3591.66,1938.66,3680.44,5753.58,2518,3849.7,210,7,-1210.24,-31.44,-258.04,-6.7,-1911.04,-49.64,-169.26,-4.4,1903.88,49.46,-1331.7,-34.59
2270.93,3351.01,1947.68,3438.98,5773.41,2448,3587.8,211,7,-1316.87,-36.7,-236.79,-6.6,-1640.12,-45.71,-148.82,-4.15,2185.61,60.92,-1139.8,-31.77
1924.33,3311.97,1956.86,3408.12,5793.51,2496,3541.6,212,7,-1617.27,-45.66,-229.63,-6.48,-1584.74,-44.75,-133.48,-3.77,2251.91,63.58,-1045.6,-29.52
2666.57,3595.16,1998.57,3691.86,5628.64,2619,3812.5,213,8,-1145.93,-30.06,-217.34,-5.7,-1813.93,-47.58,-120.64,-3.16,1816.14,47.64,-1193.5,-31.3
2737.05,3307.0,2008.24,3383.63,5649.7,2540,3535.0,214,8,-797.95,-22.57,-228.0,-6.45,-1526.76,-43.19,-151.37,-4.28,2114.7,59.82,-995.0,-28.15
2311.47,3093.03,2018.06,3111.64,5658.83,2576,3226.8,215,8,-915.33,-28.37,-133.77,-4.15,-1208.74,-37.46,-115.16,-3.57,2432.03,75.37,-650.8,-20.17
2742.82,3751.67,2028.01,3833.4,5679.8,2598,3981.2,216,8,-1238.38,-31.11,-229.53,-5.77,-1953.19,-49.06,-147.8,-3.71,1698.6,42.67,-1383.2,-34.74
2815.18,3494.6,2303.58,3527.16,5700.96,2597,3651.3,217,8,-836.12,-22.9,-156.7,-4.29,-1347.72,-36.91,-124.14,-3.4,2049.66,56.13,-1054.3,-28.87
2379.96,4071.96,2315.51,4177.06,5722.3,2389,4402.5,218,8,-2022.54,-45.94,-330.54,-7.51,-2086.99,-47.4,-225.44,-5.12,1319.8,29.98,-2013.5,-45.74
2821.74,4323.33,2327.58,4448.8,5758.46,2364,4668.2,219,8,-1846.46,-39.55,-344.87,-7.39,-2340.62,-50.14,-219.4,-4.7,1090.27,23.36,-2304.2,-49.36
2895.82,3980.4,2021.14,4089.03,5780.71,2535,4260.8,220,8,-1364.98,-32.04,-280.4,-6.58,-2239.66,-52.56,-171.77,-4.03,1519.91,35.67,-1725.8,-40.5
2893.05,3765.67,1878.47,3874.03,5803.08,2591,4006.3,221,8,-1113.25,-27.79,-240.63,-6.01,-2127.83,-53.11,-132.27,-3.3,1796.78,44.85,-1415.3,-35.33
2905.63,3817.28,1887.61,3934.1,5825.58,2596,4094.3,222,8,-1188.67,-29.03,-277.02,-6.77,-2206.69,-53.9,-160.2,-3.91,1731.28,42.29,-1498.3,-36.59
2981.35,4148.52,1896.84,4285.55,5848.19,2404,4477.3,223,8,-1495.95,-33.41,-328.78,-7.34,-2580.46,-57.63,-191.75,-4.28,1370.89,30.62,-2073.3,-46.31
2525.36,4623.34,1906.14,4827.4,5870.91,2287,5032.0,224,8,-2506.64,-49.81,-408.66,-8.12,-3125.86,-62.12,-204.6,-4.07,838.91,16.67,-2745.0,-54.55
2992.87,4100.42,1915.52,4240.58,5893.73,2468,4395.1,225,8,-1402.23,-31.9,-294.68,-6.7,-2479.58,-56.42,-154.52,-3.52,1498.63,34.1,-1927.1,-43.85
3070.12,3370.29,1924.96,3481.34,5916.62,2542,3586.2,226,8,-516.08,-14.39,-215.91,-6.02,-1661.24,-46.32,-104.86,-2.92,2330.42,64.98,-1044.2,-29.12
2603.08,3644.52,1934.47,3699.07,5939.59,2724,3785.9,227,8,-1182.82,-31.24,-141.38,-3.73,-1851.43,-48.9,-86.83,-2.29,2153.69,56.89,-1061.9,-28.05
3083.14,3853.65,1944.03,3979.36,5944.51,2569,4124.6,228,8,-1041.46,-25.25,-270.95,-6.57,-2180.57,-52.87,-145.24,-3.52,1819.91,44.12,-1555.6,-37.72
3587.55,3823.84,1953.65,3956.05,5967.15,2679,4075.5,229,8,-487.95,-11.97,-251.66,-6.17,-2121.85,-52.06,-119.45,-2.93,1891.65,46.42,-1396.5,-34.27
2683.36,3595.78,1963.32,3652.24,5989.83,2709,3732.2,230,8,-1048.84,-28.1,-136.42,-3.66,-1768.88,-47.4,-79.96,-2.14,2257.63,60.49,-1023.2,-27.42
3224.33,3597.57,1973.03,3726.28,6012.54,2557,3855.2,231,8,-630.87,-16.36,-257.63,-6.68,-1882.17,-48.82,-128.92,-3.34,2157.34,55.96,-1298.2,-33.67
3223.91,3265.69,1982.78,3384.92,6035.26,2686,3458.5,232,8,-234.59,-6.78,-192.81,-5.57,-1475.72,-42.67,-73.58,-2.13,2576.76,74.51,-772.5,-22.34
3239.3,3395.85,1992.57,3458.48,6057.99,2600,3569.0,233,8,-329.7,-9.24,-173.15,-4.85,-1576.43,-44.17,-110.52,-3.1,2488.99,69.74,-969.0,-27.15
3765.23,3776.63,2002.38,3853.34,6080.72,2611,3962.1,234,8,-196.87,-4.97,-185.47,-4.68,-1959.72,-49.46,-108.76,-2.75,2118.62,53.47,-1351.1,-34.1
2821.88,4252.1,2275.07,4435.03,6103.42,2325,4614.6,235,8,-1792.72,-38.85,-362.5,-7.86,-2339.53,-50.7,-179.57,-3.89,1488.82,32.26,-2289.6,-49.62
3384.86,4543.79,2286.82,4699.64,6126.11,2179,4868.8,236,8,-1483.94,-30.48,-325.01,-6.68,-2581.98,-53.03,-169.16,-3.47,1257.31,25.82,-2689.8,-55.25
3384.95,4395.2,2298.59,4590.66,6148.76,2339,4765.1,237,8,-1380.15,-28.96,-369.9,-7.76,-2466.51,-51.76,-174.44,-3.66,1383.66,29.04,-2426.1,-50.91
3401.06,4449.47,2310.38,4638.71,5954.47,2529,4815.0,238,8,-1413.94,-29.37,-365.53,-7.59,-2504.62,-52.02,-176.29,-3.66,1139.47,23.66,-2286.0,-47.48
3948.42,4315.9,2322.19,4497.24,5975.8,2389,4700.5,239,8,-752.08,-16.0,-384.6,-8.18,-2378.31,-50.6,-203.26,-4.32,1275.3,27.13,-2311.5,-49.18
3466.89,4588.08,1795.34,4766.89,5997.09,2312,4983.5,240,8,-1516.61,-30.43,-395.42,-7.93,-3188.16,-63.97,-216.61,-4.35,1013.59,20.34,-2671.5,-53.61
4022.77,4711.41,1803.34,4840.79,5622.23,2316,5066.2,241,8,-1043.43,-20.6,-354.79,-7.0,-3262.86,-64.4,-225.41,-4.45,556.03,10.98,-2750.2,-54.29
3550.07,4809.56,1811.34,5006.08,5640.89,2359,5212.7,242,8,-1662.63,-31.9,-403.14,-7.73,-3401.36,-65.25,-206.62,-3.96,428.19,8.21,-2853.7,-54.75
3566.54,4427.29,1819.32,4524.2,5659.46,2665,4671.1,243,8,-1104.56,-23.65,-243.81,-5.22,-2851.78,-61.05,-146.9,-3.14,988.36,21.16,-2006.1,-42.95
4134.95,4829.83,2064.61,4976.1,5008.35,2433,5156.7,244,9,-1021.75,-19.81,-326.87,-6.34,-3092.09,-59.96,-180.6,-3.5,-148.35,-2.88,-2723.7,-52.82
3633.28,4740.74,2074.64,4940.3,6082.2,2422,5159.0,245,9,-1525.72,-29.57,-418.26,-8.11,-3084.36,-59.79,-218.7,-4.24,923.2,17.89,-2737.0,-53.05
4209.97,4749.32,2084.64,4926.9,6103.91,3018,4997.9,246,9,-787.93,-15.77,-248.58,-4.97,-2913.26,-58.29,-71.0,-1.42,1106.01,22.13,-1979.9,-39.61
3700.23,3584.72,2094.62,3650.65,6125.49,3017,3694.6,247,9,5.63,0.15,-109.88,-2.97,-1599.98,-43.31,-43.95,-1.19,2430.89,65.8,-677.6,-18.34
4285.08,3941.92,2104.57,4090.92,6146.93,3017,4195.3,248,9,89.78,2.14,-253.38,-6.04,-2090.73,-49.83,-104.38,-2.49,1951.63,46.52,-1178.3,-28.09
3784.33,4019.96,2114.49,4177.64,6339.44,2909,4313.3,249,9,-528.97,-12.26,-293.34,-6.8,-2198.81,-50.98,-135.66,-3.15,2026.14,46.97,-1404.3,-32.56
3800.64,4727.03,2124.38,4948.36,6361.57,2855,5102.5,250,9,-1301.86,-25.51,-375.47,-7.36,-2978.12,-58.37,-154.14,-3.02,1259.07,24.68,-2247.5,-44.05
4397.31,4573.86,2460.08,4767.65,6383.54,2851,4950.6,251,9,-553.29,-11.18,-376.74,-7.61,-2490.52,-50.31,-182.95,-3.7,1432.94,28.94,-2099.6,-42.41
3867.34,4758.04,2471.83,5006.21,6405.34,2687,5233.0,252,9,-1365.66,-26.1,-474.96,-9.08,-2761.17,-52.76,-226.79,-4.33,1172.34,22.4,-2546.0,-48.65
4471.78,5183.02,2483.52,5403.98,6426.96,2540,5664.6,253,9,-1192.82,-21.06,-481.58,-8.5,-3181.08,-56.16,-260.62,-4.6,762.35,13.46,-3124.6,-55.16
3933.83,4991.75,2495.16,5194.02,6448.39,2880,5430.1,254,9,-1496.27,-27.56,-438.35,-8.07,-2934.94,-54.05,-236.08,-4.35,1018.29,18.75,-2550.1,-46.96
4545.81,5289.86,2506.74,5496.22,6469.63,2749,5726.9,255,9,-1181.09,-20.62,-437.04,-7.63,-3220.16,-56.23,-230.68,-4.03,742.73,12.97,-2977.9,-52.0
3434.42,4688.46,2824.83,4910.42,6490.67,3261,5034.6,256,9,-1600.18,-31.78,-346.14,-6.88,-2209.77,-43.89,-124.18,-2.47,1456.07,28.92,-1773.6,-35.23
4619.1,4119.12,2838.11,4295.67,6089.0,3258,4411.2,257,9,207.9,4.71,-292.08,-6.62,-1573.09,-35.66,-115.53,-2.62,1677.8,38.04,-1153.2,-26.14
4082.64,4483.41,2577.2,4643.06,6107.45,3167,4803.0,258,9,-720.36,-15.0,-319.59,-6.65,-2225.8,-46.34,-159.94,-3.33,1304.45,27.16,-1636.0,-34.06
4097.78,4590.0,2588.56,4708.14,6125.7,3323,4848.4,259,9,-750.62,-15.48,-258.4,-5.33,-2259.84,-46.61,-140.26,-2.89,1277.3,26.34,-1525.4,-31.46
4727.76,4408.55,2599.83,4520.66,6144.95,3277,4676.1,260,9,51.66,1.1,-267.55,-5.72,-2076.27,-44.4,-155.44,-3.32,1468.85,31.41,-1399.1,-29.92
4160.84,4418.79,2611.02,4537.06,6162.98,3289,4693.0,261,9,-532.16,-11.34,-274.21,-5.84,-2081.98,-44.36,-155.94,-3.32,1469.98,31.32,-1404.0,-29.92
4797.54,4737.32,2622.12,4866.55,6180.81,3513,4969.4,262,9,-171.85,-3.46,-232.08,-4.67,-2347.28,-47.23,-102.85,-2.07,1211.41,24.38,-1456.4,-29.31
4224.39,3324.3,2633.13,3374.86,6198.43,3137,3386.7,263,9,837.69,24.73,-62.4,-1.84,-753.57,-22.25,-11.84,-0.35,2811.73,83.02,-249.7,-7.37
4867.54,3467.25,2644.04,3559.2,6215.86,3130,3645.6,264,9,1221.94,33.52,-178.35,-4.89,-1001.56,-27.47,-86.4,-2.37,2570.26,70.5,-515.6,-14.14
4286.89,4328.1,2654.86,4472.02,6233.08,3412,4583.4,265,9,-296.51,-6.47,-255.3,-5.57,-1928.54,-42.08,-111.38,-2.43,1649.68,35.99,-1171.4,-25.56
4936.47,4914.46,2665.57,5081.05,6250.09,3470,5198.0,266,9,-261.53,-5.03,-283.54,-5.45,-2532.43,-48.72,-116.95,-2.25,1052.09,20.24,-1728.0,-33.24
4366.02,3442.85,2676.18,3489.97,6266.9,3212,3519.9,267,9,846.12,24.04,-77.05,-2.19,-843.72,-23.97,-29.93,-0.85,2747.0,78.04,-307.9,-8.75
4378.83,3587.64,2329.34,3647.81,6283.5,3268,3685.3,268,9,693.53,18.82,-97.66,-2.65,-1355.96,-36.79,-37.49,-1.02,2598.2,70.5,-417.3,-11.32
4426.49,3834.01,2338.02,3936.57,6299.9,3340,4022.6,269,9,403.89,10.04,-188.59,-4.69,-1684.58,-41.88,-86.03,-2.14,2277.3,56.61,-682.6,-16.97
4438.68,4980.05,2346.62,5168.09,6316.1,3565,5328.1,270,9,-889.42,-16.69,-348.05,-6.53,-2981.48,-55.96,-160.01,-3.0,988.0,18.54,-1763.1,-33.09
5102.93,4220.67,2355.12,4289.05,6332.08,3655,4331.0,271,9,771.93,17.82,-110.33,-2.55,-1975.88,-45.62,-41.95,-0.97,2001.08,46.2,-676.0,-15.61
4497.29,4274.84,2363.52,4351.01,6347.87,3700,4395.9,272,9,101.39,2.31,-121.05,-2.75,-2032.38,-46.23,-44.89,-1.02,1951.97,44.4,-695.9,-15.83
5166.95,3954.66,2371.83,4015.66,5944.48,3576,4045.1,273,9,1121.85,27.73,-90.44,-2.24,-1673.27,-41.37,-29.44,-0.73,1899.38,46.95,-469.1,-11.6
4554.55,4658.57,2351.33,4779.07,6625.89,3864,4874.8,274,10,-320.25,-6.57,-216.23,-4.44,-2523.47,-51.77,-95.73,-1.96,1751.09,35.92,-1010.8,-20.74
5229.35,4482.19,2359.3,4605.72,6641.09,3707,4718.9,275,10,510.45,10.82,-236.71,-5.02,-2359.6,-50.0,-113.18,-2.4,1922.19,40.73,-1011.9,-21.44
4628.04,4165.0,2022.63,4234.6,6656.11,3671,4300.1,276,10,327.94,7.63,-135.1,-3.14,-2277.47,-52.96,-65.5,-1.52,2356.01,54.79,-629.1,-14.63
4637.8,3830.56,2404.81,3924.5,6670.95,3459,4030.2,277,10,607.6,15.08,-199.64,-4.95,-1625.39,-40.33,-105.7,-2.62,2640.75,65.52,-571.2,-14.17
4682.48,4848.87,2412.5,4960.24,6685.61,3898,5034.4,278,10,-351.92,-6.99,-185.53,-3.69,-2621.9,-52.08,-74.16,-1.47,1651.21,32.8,-1136.4,-22.57
4691.49,4923.76,2420.08,5042.2,6700.09,4028,5142.6,279,10,-451.11,-8.77,-218.84,-4.26,-2722.52,-52.94,-100.4,-1.95,1557.49,30.29,-1114.6,-21.67
5377.97,4020.38,2427.55,4073.87,6714.4,3767,4093.8,280,10,1284.17,31.37,-73.42,-1.79,-1666.25,-40.7,-19.93,-0.49,2620.6,64.01,-326.8,-7.98
4743.56,4295.5,2434.92,4379.7,6728.54,3775,4444.5,281,10,299.06,6.73,-149.0,-3.35,-2009.58,-45.22,-64.8,-1.46,2284.04,51.39,-669.5,-15.06
5434.25,4462.7,2442.17,4566.12,6742.51,3783,4661.2,282,10,773.05,16.58,-198.5,-4.26,-2219.03,-47.61,-95.08,-2.04,2081.31,44.65,-878.2,-18.84
5461.71,5561.75,2855.6,5680.03,6756.31,4142,5807.9,283,10,-346.19,-5.96,-246.15,-4.24,-2952.3,-50.83,-127.87,-2.2,948.41,16.33,-1665.9,-28.68
4818.71,4777.59,2864.0,4862.13,6769.96,4192,4937.8,284,10,-119.09,-2.41,-160.21,-3.24,-2073.8,-42.0,-75.67,-1.53,1832.16,37.1,-745.8,-15.1
5515.24,5348.3,2872.26,5467.94,6783.44,4240,5502.8,285,10,12.44,0.23,-154.5,-2.81,-2630.54,-47.8,-34.86,-0.63,1280.64,23.27,-1262.8,-22.95
4866.78,4615.8,2880.39,4674.89,6797.98,4152,4687.6,286,10,179.18,3.82,-71.8,-1.53,-1807.21,-38.55,-12.71,-0.27,2110.38,45.02,-535.6,-11.43
5566.8,4777.58,2888.38,4869.17,6811.23,4204,4945.9,287,10,620.9,12.55,-168.32,-3.4,-2057.52,-41.6,-76.73,-1.55,1865.33,37.71,-741.9,-15.0
4913.08,4130.28,2896.22,4183.76,6824.34,3858,4227.7,288,10,685.38,16.21,-97.42,-2.3,-1331.48,-31.49,-43.94,-1.04,2596.64,61.42,-369.7,-8.74
4935.61,4268.65,2913.94,4320.72,6281.12,4005,4343.3,289,10,592.31,13.64,-74.65,-1.72,-1429.36,-32.91,-22.58,-0.52,1937.82,44.62,-338.3,-7.79
4975.29,3961.87,2922.36,4018.04,6292.88,3662,4065.3,290,10,909.99,22.38,-103.43,-2.54,-1142.94,-28.11,-47.26,-1.16,2227.58,54.8,-403.3,-9.92
4979.4,4594.86,2930.63,4667.4,6305.86,4126,4699.2,291,10,280.2,5.96,-104.34,-2.22,-1768.57,-37.64,-31.8,-0.68,1606.66,34.19,-573.2,-12.2
5687.21,4593.29,2938.75,4662.71,6317.55,4179,4701.6,292,10,985.61,20.96,-108.31,-2.3,-1762.85,-37.49,-38.89,-0.83,1615.95,34.37,-522.6,-11.12
5021.47,5125.51,2549.67,5210.68,6329.15,4469,5269.0,293,10,-247.53,-4.7,-143.49,-2.72,-2719.33,-51.61,-58.32,-1.11,1060.15,20.12,-800.0,-15.18
5041.79,5098.06,2136.63,5192.0,6340.64,4363,5261.5,294,10,-219.71,-4.18,-163.44,-3.11,-3124.87,-59.39,-69.5,-1.32,1079.14,20.51,-898.5,-17.08
5079.18,4691.7,2182.6,4773.01,6355.72,4170,4811.9,295,10,267.28,5.55,-120.2,-2.5,-2629.3,-54.64,-38.89,-0.81,1543.82,32.08,-641.9,-13.34
5081.12,4932.58,2188.83,5028.91,6367.29,4121,5076.9,296,10,4.22,0.08,-144.32,-2.84,-2888.07,-56.89,-47.99,-0.95,1290.39,25.42,-955.9,-18.83
5795.09,4330.55,1717.46,4387.6,6378.85,3993,4419.8,297,10,1375.29,31.12,-89.25,-2.02,-2702.34,-61.14,-32.2,-0.73,1959.05,44.32,-426.8,-9.66
5815.21,4248.95,1721.76,4312.32,6385.73,3986,4344.3,298,10,1470.91,33.86,-95.35,-2.19,-2622.54,-60.37,-31.98,-0.74,2041.43,46.99,-358.3,-8.25
5136.91,5054.5,2150.77,5131.99,6396.8,4541,5199.1,299,10,-62.19,-1.2,-144.6,-2.78,-3048.33,-58.63,-67.11,-1.29,1197.7,23.04,-658.1,-12.66
5853.99,4928.43,2155.85,5010.41,6407.79,4425,5133.5,300,10,720.49,14.04,-205.07,-3.99,-2977.65,-58.0,-123.09,-2.4,1274.29,24.82,-708.5,-13.8
5171.95,5389.73,2160.84,5507.9,6418.71,4551,5632.5,301,10,-460.55,-8.18,-242.77,-4.31,-3471.66,-61.64,-124.6,-2.21,786.21,13.96,-1081.5,-19.2
5188.76,5668.24,2165.73,5773.15,6429.56,4577,5865.4,302,10,-676.64,-11.54,-197.16,-3.36,-3699.67,-63.08,-92.25,-1.57,564.16,9.62,-1288.4,-21.97
5908.35,5192.41,2262.29,5289.31,5852.41,4502,5402.7,303,10,505.65,9.36,-210.29,-3.89,-3140.41,-58.13,-113.39,-2.1,449.71,8.32,-900.7,-16.67
5221.11,4855.19,2267.85,4921.73,5862.54,4469,4963.0,304,10,258.11,5.2,-107.81,-2.17,-2695.15,-54.3,-41.27,-0.83,899.54,18.12,-494.0,-9.95
5236.66,4769.14,2099.34,4847.96,6272.74,4427,4923.9,305,11,312.76,6.35,-154.76,-3.14,-2824.56,-57.36,-75.94,-1.54,1348.84,27.39,-496.9,-10.09
5958.43,5421.42,1999.72,5530.58,6282.91,4610,5648.1,306,11,310.33,5.49,-226.68,-4.01,-3648.38,-64.59,-117.52,-2.08,634.81,11.24,-1038.1,-18.38
5266.52,5453.33,2003.62,5546.59,6293.06,4666,5592.3,307,11,-325.78,-5.83,-138.97,-2.48,-3588.68,-64.17,-45.71,-0.82,700.76,12.53,-926.3,-16.56
5280.84,4432.61,2007.45,4505.98,6303.18,4181,4557.5,308,11,723.34,15.87,-124.89,-2.74,-2550.05,-55.95,-51.52,-1.13,1745.68,38.3,-376.5,-8.26
6004.4,4278.72,2011.19,4328.82,6313.28,4161,4367.4,309,11,1637.0,37.48,-88.68,-2.03,-2356.21,-53.95,-38.58,-0.88,1945.88,44.55,-206.4,-4.73
5306.59,3709.54,1721.35,3762.26,6975.97,3620,3781.9,310,11,1524.69,40.32,-72.36,-1.91,-2060.55,-54.48,-19.64,-0.52,3194.07,84.46,-161.9,-4.28
5312.16,4696.75,1725.11,4778.82,6986.42,4378,4837.5,311,11,474.66,9.81,-140.75,-2.91,-3112.39,-64.34,-58.68,-1.21,2148.92,44.42,-459.5,-9.5
6044.51,4525.07,1728.8,4596.55,6996.84,4262,4625.5,312,11,1419.01,30.68,-100.43,-2.17,-2896.7,-62.62,-28.95,-0.63,2371.34,51.27,-363.5,-7.86
4648.65,5463.8,1732.4,5570.56,7007.23,4662,5612.9,313,11,-964.25,-17.18,-149.1,-2.66,-3880.5,-69.14,-42.34,-0.75,1394.33,24.84,-950.9,-16.94
5356.36,5257.25,1735.94,5353.09,7685.25,4821,5399.5,314,11,-43.14,-0.8,-142.25,-2.63,-3663.56,-67.85,-46.41,-0.86,2285.75,42.33,-578.5,-10.71
6082.32,4837.57,1573.5,4907.51,7696.49,4505,4930.0,315,11,1152.32,23.37,-92.43,-1.87,-3356.5,-68.08,-22.49,-0.46,2766.49,56.12,-425.0,-8.62
5396.03,4189.03,1576.14,4250.78,7707.7,4041,4272.1,316,11,1123.93,26.31,-83.07,-1.94,-2695.96,-63.11,-21.32,-0.5,3435.6,80.42,-231.1,-5.41
5389.62,4779.37,1801.07,4864.41,7702.27,4505,4919.0,317,11,470.62,9.57,-139.63,-2.84,-3117.93,-63.39,-54.59,-1.11,2783.27,56.58,-414.0,-8.42
5399.96,4372.29,2276.95,4461.07,7065.79,4209,4545.4,318,11,854.56,18.8,-173.11,-3.81,-2268.45,-49.91,-84.33,-1.86,2520.39,55.45,-336.4,-7.4
6126.89,5065.11,2280.52,5161.32,7076.03,4825,5253.9,319,11,872.99,16.62,-188.79,-3.59,-2973.38,-56.59,-92.58,-1.76,1822.13,34.68,-428.9,-8.16
5133.26,4950.73,2284.0,5043.51,7086.25,4726,5097.5,320,11,35.76,0.7,-146.77,-2.88,-2813.5,-55.19,-53.99,-1.06,1988.75,39.01,-371.5,-7.29
5417.97,5195.19,2287.38,5295.25,7096.45,4866,5386.7,321,11,31.27,0.58,-191.51,-3.56,-3099.32,-57.54,-91.45,-1.7,1709.75,31.74,-520.7,-9.67
5437.71,5699.09,2290.66,5775.4,7106.63,5038,5806.9,322,11,-369.19,-6.36,-107.81,-1.86,-3516.24,-60.55,-31.5,-0.54,1299.73,22.38,-768.9,-13.24
6153.71,4857.87,2293.84,4896.58,7116.79,4615,4954.9,323,11,1198.81,24.19,-97.03,-1.96,-2661.06,-53.71,-58.32,-1.18,2161.89,43.63,-339.9,-6.86
5471.46,5452.92,1874.93,5523.36,7126.92,4857,5567.8,324,11,-96.34,-1.73,-114.88,-2.06,-3692.87,-66.33,-44.44,-0.8,1559.12,28.0,-710.8,-12.77
5450.3,5509.84,1877.54,5581.74,7137.02,5067,5624.8,325,11,-174.51,-3.1,-114.96,-2.04,-3747.26,-66.62,-43.06,-0.77,1512.22,26.88,-557.8,-9.92
5469.98,5017.37,2355.83,5067.93,7147.1,4695,5086.7,326,11,383.28,7.53,-69.33,-1.36,-2730.87,-53.69,-18.77,-0.37,2060.4,40.51,-391.7,-7.7
5168.26,4685.32,2358.59,4726.87,7157.15,4463,4763.6,327,11,404.66,8.49,-78.28,-1.64,-2405.01,-50.49,-36.73,-0.77,2393.55,50.25,-300.6,-6.31
5792.04,5204.26,2361.27,5265.81,7167.17,4838,5334.1,328,11,457.94,8.59,-129.84,-2.43,-2972.83,-55.73,-68.29,-1.28,1833.07,34.37,-496.1,-9.3
4637.86,5177.92,2363.84,5229.77,7177.16,4879,5270.8,329,11,-632.94,-12.01,-92.88,-1.76,-2906.96,-55.15,-41.03,-0.78,1906.36,36.17,-391.8,-7.43
4792.59,4676.36,2366.33,4716.87,7212.65,4466,4760.2,330,11,32.39,0.68,-83.84,-1.76,-2393.87,-50.29,-43.33,-0.91,2452.45,51.52,-294.2,-6.18
5177.69,5002.73,2700.89,5048.45,7223.32,4757,5109.8,331,11,67.89,1.33,-107.07,-2.1,-2408.91,-47.14,-61.35,-1.2,2113.52,41.36,-352.8,-6.9
5374.56,5517.09,2226.2,5579.83,7333.1,5158,5655.4,332,11,-280.84,-4.97,-138.31,-2.45,-3429.2,-60.64,-75.57,-1.34,1677.7,29.67,-497.4,-8.8
5514.2,5379.79,1944.71,5444.15,7345.09,4937,5482.2,333,11,32.0,0.58,-102.41,-1.87,-3537.49,-64.53,-38.05,-0.69,1862.89,33.98,-545.2,-9.94
4362.62,4947.05,2427.82,4999.79,7357.02,4603,5026.1,334,11,-663.48,-13.2,-79.05,-1.57,-2598.28,-51.7,-26.31,-0.52,2330.92,46.38,-423.1,-8.42
4917.82,5049.63,1867.83,5092.27,7567.31,4828,5147.9,335,12,-230.08,-4.47,-98.27,-1.91,-3280.07,-63.72,-55.63,-1.08,2419.41,47.0,-319.9,-6.21
3946.77,5422.33,1869.47,5500.89,7580.69,4799,5563.5,336,12,-1616.73,-29.06,-141.17,-2.54,-3694.03,-66.4,-62.61,-1.13,2017.19,36.26,-764.5,-13.74
4220.13,5410.97,1871.05,5485.02,7592.64,4778,5496.0,337,12,-1275.87,-23.21,-85.03,-1.55,-3624.95,-65.96,-10.98,-0.2,2096.64,38.15,-718.0,-13.06
4644.09,5650.79,2258.98,5727.68,7604.51,4994,5770.6,338,12,-1126.51,-19.52,-119.81,-2.08,-3511.62,-60.85,-42.92,-0.74,1833.91,31.78,-776.6,-13.46
5540.81,5248.66,2260.64,5303.12,7616.29,4847,5318.7,339,12,222.11,4.18,-70.04,-1.32,-3058.06,-57.5,-15.58,-0.29,2297.59,43.2,-471.7,-8.87
4218.09,5277.36,2262.22,5328.0,7627.99,4942,5385.6,340,12,-1167.51,-21.68,-108.24,-2.01,-3123.38,-58.0,-57.6,-1.07,2242.39,41.64,-443.6,-8.24
4917.09,4857.88,2263.71,4899.02,7639.59,4586,4935.5,341,12,-18.41,-0.37,-77.62,-1.57,-2671.79,-54.13,-36.48,-0.74,2704.09,54.79,-349.5,-7.08
4498.32,5380.67,2265.12,5440.35,7651.08,4935,5498.9,342,12,-1000.58,-18.2,-118.23,-2.15,-3233.78,-58.81,-58.55,-1.06,2152.18,39.14,-563.9,-10.25
3602.18,4898.18,2758.53,4938.58,7662.47,4673,4982.4,343,12,-1380.22,-27.7,-84.22,-1.69,-2223.87,-44.63,-43.82,-0.88,2680.07,53.79,-309.4,-6.21
3636.06,4916.81,2759.9,4972.99,7673.74,4487,5012.5,344,12,-1376.44,-27.46,-95.69,-1.91,-2252.6,-44.94,-39.51,-0.79,2661.24,53.09,-525.5,-10.48
3229.31,4716.58,2842.4,4758.44,7684.89,4383,4770.7,345,12,-1541.39,-32.31,-54.12,-1.13,-1928.3,-40.42,-12.26,-0.26,2914.19,61.09,-387.7,-8.13
3815.98,4855.44,2351.14,4894.98,7022.84,4592,4922.3,346,12,-1106.32,-22.48,-66.86,-1.36,-2571.16,-52.23,-27.32,-0.56,2100.54,42.67,-330.3,-6.71
3453.77,4901.16,2844.65,4951.56,7040.66,4524,4991.6,347,12,-1537.83,-30.81,-90.44,-1.81,-2146.95,-43.01,-40.04,-0.8,2049.06,41.05,-467.6,-9.37
2983.43,4704.18,2845.65,4753.37,7051.87,4345,4786.3,348,12,-1802.87,-37.67,-82.12,-1.72,-1940.65,-40.55,-32.93,-0.69,2265.57,47.33,-441.3,-9.22
1733.45,5300.29,2846.56,5350.42,7062.94,4854,5421.9,349,12,-3688.45,-68.03,-121.61,-2.24,-2575.34,-47.5,-71.48,-1.32,1641.04,30.27,-567.9,-10.47
3606.29,5430.72,2847.4,5488.87,7073.84,4887,5539.6,350,12,-1933.31,-34.9,-108.88,-1.97,-2692.2,-48.6,-50.73,-0.92,1534.24,27.7,-652.6,-11.78
1326.71,5967.67,2848.15,6042.33,7084.59,5064,6143.6,351,12,-4816.89,-78.4,-175.93,-2.86,-3295.45,-53.64,-101.27,-1.65,940.99,15.32,-1079.6,-17.57
1326.81,5371.34,2848.83,5444.64,7095.16,4680,5474.6,352,12,-4147.79,-75.76,-103.26,-1.89,-2625.77,-47.96,-29.96,-0.55,1620.56,29.6,-794.6,-14.51
2034.09,5071.02,2849.42,5185.82,7105.56,4730,5198.1,353,12,-3164.01,-60.87,-127.08,-2.44,-2348.68,-45.18,-12.28,-0.24,1907.46,36.7,-468.1,-9.01
6290.92,6054.1,2849.94,6127.08,7115.78,5121,6198.6,354,12,92.32,1.49,-144.5,-2.33,-3348.66,-54.02,-71.52,-1.15,917.18,14.8,-1077.6,-17.38
1326.84,5381.33,2850.37,5452.74,7125.8,4692,5472.1,355,12,-4145.26,-75.75,-90.77,-1.66,-2621.73,-47.91,-19.36,-0.35,1653.7,30.22,-780.1,-14.26
6290.74,5071.12,2850.73,5117.6,7135.61,4596,5152.1,356,12,1138.64,22.1,-80.98,-1.57,-2301.37,-44.67,-34.5,-0.67,1983.51,38.5,-556.1,-10.79
2033.98,4725.46,2851.0,4761.97,7145.22,4401,4769.4,357,12,-2735.42,-57.35,-43.94,-0.92,-1918.4,-40.22,-7.43,-0.16,2375.82,49.81,-368.4,-7.72
1326.65,5238.25,2851.2,5278.14,7154.59,4768,5275.7,358,12,-3949.05,-74.85,-37.45,-0.71,-2424.5,-45.96,2.44,0.05,1878.89,35.61,-507.7,-9.62
2407.93,5276.31,2851.31,5325.24,7163.74,4753,5354.2,359,12,-2946.27,-55.03,-77.89,-1.45,-2502.89,-46.75,-28.96,-0.54,1809.54,33.8,-601.2,-11.23
2931.32,5781.29,2851.35,5861.03,7172.64,4992,5940.5,360,12,-3009.18,-50.66,-159.21,-2.68,-3089.15,-52.0,-79.47,-1.34,1232.15,20.74,-948.5,-15.97
2665.45,5295.3,2851.3,5343.36,7181.3,4803,5380.8,361,12,-2715.35,-50.46,-85.5,-1.59,-2529.5,-47.01,-37.44,-0.7,1800.5,33.46,-577.8,-10.74
3139.77,5707.9,2851.17,5846.25,7189.69,4931,5891.9,362,12,-2752.13,-46.71,-184.0,-3.12,-3040.73,-51.61,-45.65,-0.77,1297.79,22.03,-960.9,-16.31
2872.78,5327.75,2850.95,5443.11,7197.81,4720,5464.0,363,12,-2591.22,-47.42,-136.25,-2.49,-2613.05,-47.82,-20.89,-0.38,1733.81,31.73,-744.0,-13.62
4061.23,5714.19,2850.66,5852.05,7205.65,4850,5967.3,364,12,-1906.07,-31.94,-253.11,-4.24,-3116.64,-52.23,-115.25,-1.93,1238.35,20.75,-1117.3,-18.72
3827.69,5725.67,2356.73,5785.3,7213.2,4961,5808.1,365,12,-1980.41,-34.1,-82.43,-1.42,-3451.37,-59.42,-22.8,-0.39,1405.1,24.19,-847.1,-14.58
