,G_Dh
0,0
1,0
2,0
3,0
4,0
5,0
6,0
7,0.557
8,15.947
9,44.16
10,61.211
11,75.066
12,69.696
13,53.552
14,29.14
15,3.956
16,0
17,0
18,0
19,0
20,0
21,0
22,0
23,0
24,0
25,0
26,0
27,0
28,0
29,0
30,0
31,0.526
32,16.287
33,47.741
34,71.073
35,73.721
36,66.139
37,52.892
38,28.902
39,4.153
40,0
41,0
42,0
43,0
44,0
45,0
46,0
47,0
48,0
49,0
50,0
51,0.011
52,0
53,0
54,0.006
55,0.421
56,14.734
57,38.023
58,57.26
59,64.626
60,61.285
61,51.359
62,26.17
63,4.29
64,0
65,0
66,0
67,0
68,0
69,0
70,0
71,0
72,0
73,0
74,0
75,0
76,0
77,0
78,0
79,0.379
80,15.047
81,41.271
82,59.683
83,63.844
84,64.904
85,51.137
86,23.774
87,3.294
88,0
89,0
90,0
91,0
92,0.014
93,0
94,0
95,0
96,0
97,0
98,0
99,0
100,0
101,0
102,0
103,0.589
104,17.381
105,45.027
106,64.844
107,70.709
108,61.803
109,46.118
110,28.354
111,4.058
112,0.006
113,0
114,0
115,0
116,0
117,0
118,0
119,0
120,0
121,0
122,0
123,0
124,0
125,0
126,0
127,0.474
128,20.963
129,54.201
130,72.093
131,77.706
132,73.805
133,61.473
134,33.941
135,5.244
136,0
137,0
138,0
139,0
140,0
141,0
142,0
143,0
144,0
145,0
146,0
147,0
148,0
149,0
150,0
151,0.656
152,17.829
153,49.649
154,67.599
155,69.363
156,61.357
157,52.705
158,29.98
159,4.602
160,0
161,0
162,0
163,0
164,0
165,0
166,0
167,0
168,0
169,0
170,0
171,0
172,0
173,0
174,0
175,0.909
176,17.126
177,46.966
178,68.253
179,76.294
180,70.369
181,55.812
182,31.381
183,4.531
184,0
185,0
186,0
187,0
188,0
189,0
190,0
191,0
192,0
193,0
194,0
195,0
196,0
197,0
198,0
199,0.464
200,18.339
201,46.598
202,72.637
203,80.064
204,77.228
205,63.022
206,33.22
207,6.215
208,0
209,0
210,0.028
211,0.033
212,0.033
213,0.017
214,0.028
215,0.033
216,0.028
217,0.011
218,0.006
219,0.017
220,0.028
221,0.034
222,0.017
223,0.962
224,23.437
225,53.488
226,75.09
227,87.454
228,85.879
229,67.574
230,41.649
231,7.33
232,0
233,0
234,0
235,0
236,0
237,0
238,0
239,0
240,0
241,0
242,0
243,0
244,0
245,0.006
246,0
247,0.985
248,18.699
249,42.449
250,64.073
251,71.089
252,69.225
253,57.803
254,35.148
255,7.331
256,0
257,0
258,0
259,0
260,0.006
261,0.014
262,0.028
263,0.033
264,0.017
265,0.011
266,0.033
267,0.033
268,0.033
269,0.033
270,0.033
271,1.151
272,20.403
273,46.611
274,64.345
275,77.504
276,75.758
277,58.631
278,35.125
279,7.561
280,0.017
281,0.017
282,0.011
283,0.023
284,0.028
285,0
286,0
287,0.014
288,0.017
289,0.033
290,0.033
291,0.033
292,0.033
293,0.033
294,0.033
295,1.158
296,21.406
297,53.489
298,74.91
299,84.618
300,76.946
301,66.329
302,37.944
303,8.903
304,0.011
305,0
306,0
307,0
308,0
309,0
310,0
311,0
312,0
313,0
314,0
315,0
316,0
317,0
318,0
319,0.841
320,20.624
321,52.128
322,71.396
323,81.159
324,73.155
325,60.632
326,38.168
327,8.285
328,0.006
329,0
330,0
331,0
332,0
333,0
334,0
335,0
336,0
337,0
338,0.017
339,0.033
340,0.023
341,0.033
342,0.014
343,1.294
344,22.245
345,51.22
346,65.344
347,71.819
348,72.18
349,56.881
350,34.913
351,6.781
352,0.022
353,0
354,0
355,0
356,0
357,0
358,0
359,0
360,0
361,0
362,0
363,0
364,0
365,0
366,0
367,1.631
368,25.508
369,50.946
370,70.12
371,87.863
372,89.802
373,69.077
374,40.995
375,10.068
376,0.01
377,0
378,0
379,0
380,0
381,0
382,0
383,0
384,0
385,0
386,0
387,0
388,0
389,0
390,0
391,1.599
392,24.007
393,51.465
394,73.381
395,81.282
396,77.439
397,61.081
398,41.111
399,11.729
400,0.05
401,0
402,0
403,0
404,0
405,0
406,0
407,0
408,0
409,0
410,0
411,0
412,0
413,0
414,0
415,1.635
416,24.108
417,50.403
418,74.352
419,84.116
420,76.202
421,59.761
422,37.807
423,9.318
424,0.051
425,0
426,0
427,0
428,0
429,0
430,0
431,0
432,0
433,0
434,0
435,0
436,0
437,0
438,0
439,1.315
440,20.651
441,48.707
442,67.251
443,78.157
444,64.1
445,57.367
446,39.912
447,11.912
448,0.053
449,0
450,0
451,0
452,0
453,0
454,0
455,0
456,0
457,0
458,0
459,0
460,0
461,0
462,0
463,1.75
464,25.321
465,51.659
466,72.735
467,82.506
468,80.868
469,70.132
470,43.656
471,12.043
472,0.085
473,0
474,0
475,0
476,0
477,0
478,0
479,0
480,0
481,0
482,0
483,0
484,0
485,0
486,0
487,1.56
488,25.857
489,55.308
490,80.791
491,95.436
492,91.738
493,75.365
494,45.812
495,12.77
496,0.128
497,0
498,0
499,0
500,0
501,0
502,0
503,0
504,0
505,0
506,0
507,0
508,0
509,0.024
510,0.034
511,2.239
512,24.741
513,52.463
514,81.232
515,89.283
516,86.844
517,68.707
518,46.127
519,14.972
520,0.134
521,0
522,0
523,0
524,0
525,0
526,0
527,0
528,0
529,0
530,0
531,0
532,0
533,0
534,0
535,2.454
536,27.531
537,56.112
538,75.224
539,91.266
540,87.344
541,72.456
542,43.509
543,13.689
544,0.157
545,0
546,0
547,0
548,0
549,0
550,0
551,0
552,0
553,0.018
554,0.034
555,0.014
556,0
557,0
558,0
559,2.841
560,25.262
561,51.996
562,75.358
563,93.51
564,87.359
565,74.574
566,45.547
567,15.322
568,0.172
569,0
570,0
571,0
572,0
573,0
574,0
575,0
576,0
577,0
578,0
579,0
580,0.006
581,0.006
582,0
583,3.264
584,32.096
585,65.892
586,88.82
587,96.726
588,95.566
589,74.632
590,50.405
591,16.401
592,0.313
593,0
594,0
595,0
596,0
597,0
598,0
599,0
600,0
601,0
602,0
603,0
604,0
605,0.024
606,0.034
607,4.045
608,26.59
609,61.282
610,84.016
611,96.691
612,92.618
613,69.853
614,49.372
615,17.4
616,0.359
617,0
618,0
619,0
620,0
621,0.014
622,0.006
623,0.014
624,0
625,0
626,0
627,0.011
628,0.006
629,0
630,0
631,3.28
632,27.992
633,58.575
634,84.546
635,95.394
636,95.03
637,80.736
638,50.636
639,19.449
640,0.288
641,0
642,0
643,0
644,0
645,0
646,0
647,0
648,0
649,0.011
650,0.034
651,0.034
652,0.034
653,0.034
654,0.006
655,4.178
656,30.125
657,56.572
658,77.055
659,86.752
660,85.812
661,79.753
662,56.678
663,22.877
664,0.624
665,0
666,0
667,0
668,0
669,0
670,0
671,0
672,0
673,0
674,0
675,0
676,0
677,0
678,0
679,3.747
680,32.322
681,63.147
682,84.64
683,99.001
684,91.374
685,69.941
686,51.91
687,20.371
688,0.609
689,0.006
690,0
691,0
692,0
693,0
694,0
695,0
696,0
697,0
698,0
699,0
700,0
701,0
702,0
703,4.336
704,31.822
705,71.125
706,99.613
707,107.018
708,101.704
709,86.604
710,59.987
711,27.256
712,1.313
713,0
714,0
715,0
716,0
717,0
718,0
719,0
720,0
721,0
722,0
723,0
724,0
725,0
726,0.006
727,5.945
728,36.405
729,65.458
730,88.45
731,94.366
732,98.919
733,85.684
734,55.985
735,25.979
736,1.52
737,0
738,0
739,0
740,0
741,0
742,0
743,0
744,0
745,0
746,0
747,0
748,0
749,0
750,0
751,5.469
752,32.998
753,58.458
754,86.871
755,98.231
756,91.298
757,81.421
758,50.488
759,23.333
760,1.3
761,0
762,0
763,0
764,0
765,0
766,0
767,0
768,0
769,0
770,0.006
771,0.006
772,0.006
773,0.019
774,0.025
775,5.361
776,32.858
777,64.957
778,83.184
779,92.284
780,92.804
781,76.36
782,53.737
783,25.595
784,1.559
785,0
786,0
787,0
788,0
789,0
790,0
791,0
792,0
793,0
794,0
795,0
796,0
797,0
798,0
799,8.677
800,44.707
801,74.917
802,99.97
803,113.467
804,110.224
805,97.582
806,69.021
807,29.956
808,2.318
809,0
810,0
811,0
812,0
813,0
814,0
815,0
816,0
817,0
818,0
819,0
820,0
821,0
822,0
823,6.363
824,32.28
825,66.371
826,93.764
827,95.104
828,89.353
829,81.8
830,55.469
831,27.755
832,2.292
833,0
834,0
835,0
836,0
837,0
838,0
839,0
840,0
841,0
842,0
843,0
844,0
845,0
846,0
847,7.351
848,39.955
849,72.908
850,102.779
851,110.091
852,101.639
853,94.998
854,64.001
855,32.381
856,3.155
857,0
858,0
859,0
860,0
861,0
862,0
863,0
864,0
865,0
866,0
867,0
868,0
869,0
870,0.005
871,9.556
872,38.36
873,67.412
874,86.401
875,95.786
876,93.173
877,86.135
878,67.833
879,32.94
880,3.124
881,0
882,0
883,0
884,0
885,0
886,0
887,0
888,0
889,0
890,0
891,0
892,0
893,0
894,0.011
895,11.494
896,47.696
897,82.811
898,98.596
899,101.343
900,105.486
901,89.842
902,69.493
903,36.921
904,5.115
905,0
906,0
907,0
908,0
909,0
910,0
911,0
912,0
913,0
914,0
915,0
916,0
917,0
918,0.025
919,12.653
920,46.084
921,81.659
922,102.974
923,120.608
924,112.982
925,98.773
926,72.199
927,38.84
928,4.697
929,0
930,0
931,0
932,0
933,0
934,0
935,0
936,0
937,0
938,0
939,0
940,0
941,0
942,0.064
943,12.57
944,50.668
945,79.606
946,110.643
947,120.157
948,106.466
949,99.088
950,65.978
951,34.496
952,4.52
953,0
954,0
955,0
956,0
957,0
958,0
959,0
960,0
961,0
962,0
963,0
964,0
965,0
966,0.034
967,11.425
968,48.64
969,81.459
970,104.402
971,119.395
972,112.704
973,91.933
974,59.913
975,33.5
976,4.662
977,0
978,0
979,0
980,0
981,0
982,0
983,0
984,0
985,0
986,0
987,0
988,0
989,0
990,0.049
991,14.562
992,47.495
993,80.35
994,108.211
995,123.978
996,107.761
997,93.347
998,71.468
999,37.575
1000,5.915
1001,0
1002,0
1003,0
1004,0
1005,0
1006,0
1007,0
1008,0
1009,0
1010,0
1011,0
1012,0
1013,0
1014,0.079
1015,16.088
1016,53.587
1017,85.517
1018,106.762
1019,115.437
1020,110.683
1021,94.189
1022,65.804
1023,36.695
1024,7.052
1025,0
1026,0
1027,0
1028,0
1029,0
1030,0
1031,0
1032,0
1033,0
1034,0
1035,0
1036,0
1037,0
1038,0.098
1039,15.302
1040,51.212
1041,92.004
1042,120.397
1043,130.947
1044,125.052
1045,109.053
1046,75.72
1047,43.773
1048,8.473
1049,0
1050,0
1051,0
1052,0
1053,0
1054,0
1055,0
1056,0
1057,0
1058,0
1059,0
1060,0
1061,0
1062,0.243
1063,20.47
1064,60.101
1065,92.805
1066,110.007
1067,126.242
1068,114.272
1069,105.596
1070,78.464
1071,44.822
1072,9.922
1073,0
1074,0
1075,0
1076,0
1077,0
1078,0
1079,0
1080,0
1081,0
1082,0
1083,0
1084,0
1085,0
1086,0.166
1087,21.431
1088,60.882
1089,94.369
1090,113.878
1091,110.497
1092,117.399
1093,100.238
1094,79.536
1095,47.22
1096,10.477
1097,0
1098,0
1099,0
1100,0
1101,0
1102,0
1103,0
1104,0
1105,0
1106,0
1107,0
1108,0
1109,0
1110,0.238
1111,22.88
1112,65.178
1113,107.543
1114,112.854
1115,123.993
1116,122.258
1117,104.716
1118,82.47
1119,52.458
1120,11.532
1121,0
1122,0
1123,0
1124,0
1125,0
1126,0
1127,0
1128,0
1129,0
1130,0
1131,0
1132,0
1133,0
1134,0.439
1135,21.545
1136,59.218
1137,96.775
1138,125.742
1139,131.764
1140,134.53
1141,116.327
1142,90.581
1143,59.701
1144,14.985
1145,0.005
1146,0
1147,0
1148,0
1149,0
1150,0
1151,0
1152,0
1153,0
1154,0
1155,0
1156,0
1157,0
1158,0.704
1159,22.324
1160,59.566
1161,89.907
1162,116.058
1163,130.714
1164,127.189
1165,107.035
1166,88.464
1167,55.718
1168,13.69
1169,0.016
1170,0
1171,0
1172,0
1173,0
1174,0
1175,0
1176,0
1177,0
1178,0
1179,0
1180,0
1181,0
1182,0.547
1183,22.515
1184,60.326
1185,94.843
1186,123.134
1187,144.094
1188,137.96
1189,121.053
1190,85.528
1191,50.373
1192,13.281
1193,0.034
1194,0
1195,0
1196,0
1197,0
1198,0
1199,0
1200,0
1201,0
1202,0
1203,0
1204,0
1205,0
1206,0.68
1207,28.631
1208,70.697
1209,102.497
1210,131.92
1211,143.571
1212,137.009
1213,124.066
1214,96.765
1215,57.735
1216,15.621
1217,0.045
1218,0
1219,0
1220,0
1221,0
1222,0
1223,0
1224,0
1225,0
1226,0
1227,0
1228,0
1229,0
1230,1.176
1231,29.836
1232,71.548
1233,97.587
1234,114.679
1235,118.002
1236,117.307
1237,107.962
1238,83.898
1239,50.508
1240,14.316
1241,0.069
1242,0
1243,0
1244,0
1245,0
1246,0
1247,0
1248,0
1249,0
1250,0
1251,0
1252,0
1253,0
1254,1.713
1255,27.666
1256,66.472
1257,104.18
1258,121.637
1259,134.077
1260,130.339
1261,122.836
1262,89.852
1263,52.791
1264,15.635
1265,0.06
1266,0
1267,0
1268,0
1269,0
1270,0
1271,0
1272,0
1273,0
1274,0
1275,0
1276,0
1277,0
1278,1.937
1279,32.16
1280,74.227
1281,109.539
1282,133.507
1283,135.607
1284,138.38
1285,126.193
1286,104.409
1287,65.047
1288,19.325
1289,0.187
1290,0
1291,0
1292,0
1293,0
1294,0
1295,0
1296,0
1297,0
1298,0
1299,0
1300,0
1301,0
1302,2.424
1303,32.797
1304,65.246
1305,92.778
1306,128.262
1307,134.18
1308,140.268
1309,118.909
1310,94.789
1311,60.335
1312,18.767
1313,0.193
1314,0
1315,0
1316,0
1317,0
1318,0
1319,0
1320,0
1321,0
1322,0
1323,0
1324,0
1325,0
1326,4.012
1327,38.719
1328,82.22
1329,109.525
1330,126.916
1331,138.247
1332,128.56
1333,104.724
1334,92.308
1335,57.44
1336,19.471
1337,0.281
1338,0
1339,0
1340,0
1341,0
1342,0
1343,0
1344,0
1345,0
1346,0
1347,0
1348,0
1349,0
1350,3.81
1351,32.433
1352,67.155
1353,104.987
1354,124.181
1355,139.979
1356,134.82
1357,115.971
1358,92.057
1359,62.469
1360,24.578
1361,0.486
1362,0
1363,0
1364,0
1365,0
1366,0
1367,0
1368,0
1369,0
1370,0
1371,0
1372,0
1373,0
1374,5.797
1375,43.907
1376,84.012
1377,111.761
1378,124.351
1379,145.381
1380,143.283
1381,125.127
1382,93.975
1383,59.65
1384,22.642
1385,0.395
1386,0
1387,0
1388,0
1389,0
1390,0
1391,0
1392,0
1393,0
1394,0
1395,0
1396,0
1397,0
1398,5.21
1399,41.355
1400,83.33
1401,109.811
1402,136.823
1403,146.356
1404,143.632
1405,124.756
1406,100.519
1407,64.291
1408,27.596
1409,0.725
1410,0
1411,0
1412,0
1413,0
1414,0
1415,0
1416,0
1417,0
1418,0
1419,0
1420,0
1421,0
1422,5.825
1423,51.178
1424,102.964
1425,136.811
1426,146.721
1427,169.639
1428,146.251
1429,116.395
1430,84.235
1431,56.612
1432,18.835
1433,0.524
1434,0
1435,0
1436,0
1437,0
1438,0
1439,0
1440,0
1441,0
1442,0
1443,0
1444,0
1445,0
1446,5.731
1447,41.358
1448,85.619
1449,122.719
1450,135.599
1451,139.077
1452,134.78
1453,115.518
1454,93.384
1455,64.335
1456,25.036
1457,0.806
1458,0
1459,0
1460,0
1461,0
1462,0
1463,0
1464,0
1465,0
1466,0
1467,0
1468,0
1469,0
1470,6.14
1471,44.292
1472,87.271
1473,113.433
1474,148.972
1475,150.234
1476,147.639
1477,137.935
1478,107.94
1479,73.335
1480,28.9
1481,0.893
1482,0
1483,0
1484,0
1485,0
1486,0
1487,0
1488,0
1489,0
1490,0
1491,0
1492,0
1493,0
1494,6.589
1495,45.024
1496,85.79
1497,119.185
1498,140.428
1499,151.225
1500,140.559
1501,132.314
1502,115.013
1503,74.004
1504,31.742
1505,1.345
1506,0
1507,0
1508,0
1509,0
1510,0
1511,0
1512,0
1513,0
1514,0
1515,0
1516,0
1517,0
1518,9.11
1519,52.775
1520,94.8
1521,128.899
1522,156.344
1523,160.249
1524,158.625
1525,136
1526,117.544
1527,73.572
1528,30.98
1529,1.453
1530,0
1531,0
1532,0
1533,0
1534,0
1535,0
1536,0
1537,0
1538,0
1539,0
1540,0
1541,0
1542,10.308
1543,49.291
1544,95.434
1545,132.139
1546,157.495
1547,167.267
1548,167.65
1549,147.73
1550,117.134
1551,78.105
1552,36.017
1553,2.163
1554,0
1555,0
1556,0
1557,0
1558,0
1559,0
1560,0
1561,0
1562,0
1563,0
1564,0
1565,0
1566,8.773
1567,46.475
1568,81.381
1569,119.109
1570,125.641
1571,148.446
1572,137.706
1573,127.332
1574,100.451
1575,73.771
1576,30.73
1577,3.068
1578,0
1579,0
1580,0
1581,0
1582,0
1583,0
1584,0
1585,0
1586,0
1587,0
1588,0
1589,0.005
1590,10.711
1591,50.015
1592,85.476
1593,123.131
1594,159.432
1595,172.587
1596,163.148
1597,154.471
1598,116.405
1599,77.44
1600,32.228
1601,2.593
1602,0
1603,0
1604,0
1605,0
1606,0
1607,0
1608,0
1609,0
1610,0
1611,0
1612,0
1613,0.024
1614,11.662
1615,49.712
1616,89.608
1617,123.049
1618,147.258
1619,161.977
1620,159.203
1621,131.192
1622,106.96
1623,74.245
1624,38.901
1625,3.612
1626,0
1627,0
1628,0
1629,0
1630,0
1631,0
1632,0
1633,0
1634,0
1635,0
1636,0
1637,0.025
1638,14.38
1639,56.682
1640,98.43
1641,135.522
1642,147.837
1643,141.587
1644,128.813
1645,112.96
1646,98.957
1647,75.206
1648,36.805
1649,3.804
1650,0
1651,0
1652,0
1653,0
1654,0
1655,0
1656,0
1657,0
1658,0
1659,0
1660,0
1661,0.034
1662,16.278
1663,61.091
1664,90.544
1665,115.275
1666,135.058
1667,131.893
1668,131.252
1669,117.553
1670,101.993
1671,75.93
1672,35.199
1673,4.214
1674,0
1675,0
1676,0
1677,0
1678,0
1679,0
1680,0
1681,0
1682,0
1683,0
1684,0
1685,0.021
1686,16.198
1687,62.338
1688,102.477
1689,135.748
1690,150.364
1691,160.111
1692,163.3
1693,150.602
1694,134.495
1695,92.389
1696,46.392
1697,5.371
1698,0
1699,0
1700,0
1701,0
1702,0
1703,0
1704,0
1705,0
1706,0
1707,0
1708,0
1709,0.072
1710,19.083
1711,64.292
1712,113.183
1713,145.007
1714,160.459
1715,177.422
1716,170.712
1717,152.029
1718,126.937
1719,88.423
1720,48.092
1721,6.804
1722,0
1723,0
1724,0
1725,0
1726,0
1727,0
1728,0
1729,0
1730,0
1731,0
1732,0
1733,0.13
1734,19.034
1735,66.92
1736,106.314
1737,135.325
1738,154.249
1739,164.419
1740,161.196
1741,143.349
1742,124.369
1743,91.613
1744,47.887
1745,7.288
1746,0
1747,0
1748,0
1749,0
1750,0
1751,0
1752,0
1753,0
1754,0
1755,0
1756,0
1757,0.217
1758,22.225
1759,63.834
1760,108.732
1761,140.535
1762,157.583
1763,172.549
1764,171.322
1765,148.925
1766,128.757
1767,98.181
1768,46.685
1769,7.208
1770,0
1771,0
1772,0
1773,0
1774,0
1775,0
1776,0
1777,0
1778,0
1779,0
1780,0
1781,0.387
1782,22.892
1783,67.561
1784,110.716
1785,141.642
1786,163.594
1787,176.685
1788,174.97
1789,158.704
1790,128.92
1791,88.981
1792,45.849
1793,7.187
1794,0
1795,0
1796,0
1797,0
1798,0
1799,0
1800,0
1801,0
1802,0
1803,0
1804,0
1805,0.286
1806,21.61
1807,64.235
1808,95.301
1809,138.302
1810,163.17
1811,186.837
1812,177.358
1813,149.671
1814,130.75
1815,96.784
1816,53.734
1817,8.494
1818,0
1819,0
1820,0
1821,0
1822,0
1823,0
1824,0
1825,0
1826,0
1827,0
1828,0
1829,0.446
1830,22.989
1831,66.794
1832,107.119
1833,142.758
1834,166.819
1835,188.895
1836,185.26
1837,161.377
1838,131.916
1839,90.189
1840,47.439
1841,7.696
1842,0
1843,0
1844,0
1845,0
1846,0
1847,0
1848,0
1849,0
1850,0
1851,0
1852,0
1853,0.617
1854,23.232
1855,66.655
1856,104.161
1857,126.245
1858,162.121
1859,181.115
1860,184.419
1861,168.724
1862,127.969
1863,85.414
1864,44.067
1865,8.443
1866,0
1867,0
1868,0
1869,0
1870,0
1871,0
1872,0
1873,0
1874,0
1875,0
1876,0
1877,1.39
1878,27.677
1879,71.988
1880,106.357
1881,149.523
1882,174.059
1883,181.019
1884,177.907
1885,157.822
1886,136.539
1887,93.628
1888,53.932
1889,11.229
1890,0
1891,0
1892,0
1893,0
1894,0
1895,0
1896,0
1897,0
1898,0
1899,0
1900,0
1901,2.054
1902,33.749
1903,81.5
1904,123
1905,150.689
1906,171.085
1907,185.587
1908,183.496
1909,145.885
1910,116.421
1911,90.694
1912,53.451
1913,11.625
1914,0
1915,0
1916,0
1917,0
1918,0
1919,0
1920,0
1921,0
1922,0
1923,0
1924,0
1925,2.265
1926,34.529
1927,78.318
1928,124.72
1929,160.401
1930,171.946
1931,193.112
1932,188.994
1933,172.126
1934,144.036
1935,98.117
1936,55.999
1937,14.599
1938,0
1939,0
1940,0
1941,0
1942,0
1943,0
1944,0
1945,0
1946,0
1947,0
1948,0
1949,2.647
1950,37.577
1951,86.137
1952,121.291
1953,155.584
1954,182.641
1955,190.979
1956,181.952
1957,161.774
1958,139.984
1959,100.922
1960,58.486
1961,15.196
1962,0.006
1963,0
1964,0
1965,0
1966,0
1967,0
1968,0
1969,0
1970,0
1971,0
1972,0
1973,3.75
1974,34.579
1975,81.073
1976,119.148
1977,139.536
1978,155.431
1979,171.138
1980,168.146
1981,158.148
1982,134.078
1983,102.337
1984,63.919
1985,16.221
1986,0.029
1987,0
1988,0
1989,0
1990,0
1991,0
1992,0
1993,0
1994,0
1995,0
1996,0
1997,4.486
1998,45.27
1999,91.803
2000,127.674
2001,159.324
2002,192.47
2003,207.241
2004,193.15
2005,169.134
2006,143.58
2007,97.904
2008,59.927
2009,14.481
2010,0.042
2011,0
2012,0
2013,0
2014,0
2015,0
2016,0
2017,0
2018,0
2019,0
2020,0
2021,4.729
2022,40.472
2023,83.896
2024,122.023
2025,156.277
2026,183.369
2027,189.893
2028,200.084
2029,173.762
2030,153.149
2031,116.954
2032,69.324
2033,18.203
2034,0.071
2035,0
2036,0
2037,0
2038,0
2039,0
2040,0
2041,0
2042,0
2043,0
2044,0
2045,5.266
2046,45.676
2047,99.382
2048,146.357
2049,167.348
2050,186.922
2051,191.77
2052,191.424
2053,174.834
2054,143.941
2055,105.185
2056,63.25
2057,17.469
2058,0.071
2059,0
2060,0
2061,0
2062,0
2063,0
2064,0
2065,0
2066,0
2067,0
2068,0
2069,7.62
2070,55.371
2071,97.629
2072,133.158
2073,162.47
2074,184.674
2075,208.681
2076,203.668
2077,190.852
2078,151.755
2079,123.113
2080,73.43
2081,22.817
2082,0.077
2083,0
2084,0
2085,0
2086,0
2087,0
2088,0
2089,0
2090,0
2091,0
2092,0
2093,6.711
2094,43.358
2095,92.769
2096,138.088
2097,170.574
2098,193.998
2099,195.853
2100,194.024
2101,165.171
2102,139.483
2103,106.614
2104,56.743
2105,17.207
2106,0.081
2107,0
2108,0
2109,0
2110,0
2111,0
2112,0
2113,0
2114,0
2115,0
2116,0
2117,7.638
2118,49.421
2119,108.572
2120,144.797
2121,173.215
2122,199.02
2123,193.345
2124,212.113
2125,187.57
2126,151.909
2127,120.106
2128,72.463
2129,24.216
2130,0.133
2131,0
2132,0
2133,0
2134,0
2135,0
2136,0
2137,0
2138,0
2139,0
2140,0
2141,9.456
2142,53.839
2143,108.421
2144,148.781
2145,194.748
2146,200.085
2147,224.838
2148,212.544
2149,197.445
2150,164.974
2151,118.026
2152,74.926
2153,24.434
2154,0.183
2155,0
2156,0
2157,0
2158,0
2159,0
2160,0
2161,0
2162,0
2163,0
2164,0
2165,10.236
2166,54.827
2167,98.764
2168,136.702
2169,170.94
2170,194.722
2171,210.969
2172,215.676
2173,189.01
2174,156.646
2175,120.805
2176,79.009
2177,26.149
2178,0.14
2179,0
2180,0
2181,0
2182,0
2183,0
2184,0
2185,0
2186,0
2187,0
2188,0
2189,12.57
2190,62.265
2191,110.708
2192,148.907
2193,178.93
2194,199.181
2195,189.642
2196,193.071
2197,174.88
2198,146.091
2199,118.899
2200,77.701
2201,30.034
2202,0.282
2203,0
2204,0
2205,0
2206,0
2207,0
2208,0
2209,0
2210,0
2211,0
2212,0.006
2213,15.334
2214,67.095
2215,115.408
2216,154.356
2217,186.601
2218,205.323
2219,199.857
2220,207.254
2221,197.401
2222,166.663
2223,138.172
2224,84.843
2225,29.686
2226,0.322
2227,0
2228,0
2229,0
2230,0
2231,0
2232,0
2233,0
2234,0
2235,0
2236,0.014
2237,14.855
2238,65.696
2239,108.393
2240,153.897
2241,199.908
2242,218.575
2243,224.904
2244,211.522
2245,197.895
2246,159.924
2247,127.285
2248,80.905
2249,27.646
2250,0.466
2251,0
2252,0
2253,0
2254,0
2255,0
2256,0
2257,0
2258,0
2259,0
2260,0.02
2261,12.693
2262,52.823
2263,96.688
2264,141.503
2265,174.405
2266,196.319
2267,202.283
2268,202.135
2269,197.447
2270,156.771
2271,116.808
2272,72.848
2273,27.816
2274,0.909
2275,0
2276,0
2277,0
2278,0
2279,0
2280,0
2281,0
2282,0
2283,0
2284,0.02
2285,14.664
2286,62.415
2287,107.817
2288,149.039
2289,184.362
2290,207.418
2291,228.622
2292,221.929
2293,180.952
2294,161.281
2295,119.218
2296,74.162
2297,27.128
2298,0.844
2299,0
2300,0
2301,0
2302,0
2303,0
2304,0
2305,0
2306,0
2307,0
2308,0.059
2309,21.121
2310,71.753
2311,111.094
2312,158.84
2313,178.43
2314,201.571
2315,214.066
2316,212.022
2317,194.434
2318,157.528
2319,122.875
2320,84.842
2321,34.142
2322,1.366
2323,0
2324,0
2325,0
2326,0
2327,0
2328,0
2329,0
2330,0
2331,0
2332,0.072
2333,20.846
2334,74.697
2335,130.733
2336,160.981
2337,208.987
2338,207.877
2339,226.777
2340,229.02
2341,205.651
2342,181.056
2343,129.283
2344,87.887
2345,38.251
2346,1.838
2347,0
2348,0
2349,0
2350,0
2351,0
2352,0
2353,0
2354,0
2355,0
2356,0.117
2357,22.446
2358,74.854
2359,125.299
2360,168.283
2361,199.206
2362,207.928
2363,229.476
2364,227.269
2365,220.695
2366,171.476
2367,132.946
2368,90.966
2369,41.319
2370,2.092
2371,0
2372,0
2373,0
2374,0
2375,0
2376,0
2377,0
2378,0
2379,0
2380,0.317
2381,25.354
2382,80.187
2383,125.585
2384,159.23
2385,196.877
2386,221.349
2387,237.305
2388,228.643
2389,184.42
2390,157.316
2391,111.121
2392,78.805
2393,37.247
2394,2.621
2395,0
2396,0
2397,0
2398,0
2399,0
2400,0
2401,0
2402,0
2403,0
2404,0.241
2405,23.526
2406,70.413
2407,115.181
2408,152.465
2409,184.078
2410,222.118
2411,234.137
2412,229.748
2413,194.476
2414,153.052
2415,119.692
2416,83.422
2417,37.649
2418,2.453
2419,0
2420,0
2421,0
2422,0
2423,0
2424,0
2425,0
2426,0
2427,0
2428,0.261
2429,27.19
2430,75.585
2431,129.956
2432,157.54
2433,181.705
2434,220.208
2435,223.327
2436,236.22
2437,201.787
2438,163.576
2439,128.523
2440,90.617
2441,42.298
2442,3.484
2443,0
2444,0
2445,0
2446,0
2447,0
2448,0
2449,0
2450,0
2451,0
2452,0.287
2453,30.541
2454,83.529
2455,127.434
2456,162.928
2457,202.676
2458,238.316
2459,260.742
2460,244.884
2461,232.687
2462,186.981
2463,149.367
2464,102.687
2465,47.16
2466,4.493
2467,0
2468,0
2469,0
2470,0
2471,0
2472,0
2473,0
2474,0
2475,0
2476,0.958
2477,30.296
2478,84.937
2479,129.754
2480,177.879
2481,219.684
2482,254.023
2483,254.054
2484,250.263
2485,237.491
2486,184.357
2487,142.746
2488,95.494
2489,44.951
2490,4.875
2491,0
2492,0
2493,0
2494,0
2495,0
2496,0
2497,0
2498,0
2499,0
2500,1.414
2501,30.92
2502,83.176
2503,137.896
2504,186.616
2505,223.265
2506,234.649
2507,258.525
2508,248.571
2509,234.061
2510,188.012
2511,154.105
2512,102.001
2513,50.053
2514,5.392
2515,0
2516,0
2517,0
2518,0
2519,0
2520,0
2521,0
2522,0
2523,0
2524,1.56
2525,35.359
2526,86.694
2527,124.495
2528,154.938
2529,177.381
2530,189.774
2531,210.735
2532,218.988
2533,200.558
2534,172.732
2535,130.253
2536,94.26
2537,45.62
2538,5.404
2539,0
2540,0
2541,0
2542,0
2543,0
2544,0
2545,0
2546,0
2547,0
2548,2.213
2549,38.944
2550,89.418
2551,128.755
2552,177.153
2553,203.45
2554,230.311
2555,243.74
2556,230.874
2557,218.254
2558,181.738
2559,150.956
2560,101.603
2561,51.759
2562,7.691
2563,0
2564,0
2565,0
2566,0
2567,0
2568,0
2569,0
2570,0
2571,0
2572,3.282
2573,41.717
2574,100.22
2575,141.291
2576,187.728
2577,203.686
2578,224.056
2579,234.582
2580,239.191
2581,219.61
2582,190.94
2583,140.28
2584,93.419
2585,49.737
2586,6.641
2587,0
2588,0
2589,0
2590,0
2591,0
2592,0
2593,0
2594,0
2595,0
2596,3.4
2597,42.715
2598,91.241
2599,127.764
2600,165.204
2601,204.26
2602,228.125
2603,241.956
2604,229.579
2605,209.899
2606,187.922
2607,152.299
2608,98.145
2609,53.082
2610,8.129
2611,0
2612,0
2613,0
2614,0
2615,0
2616,0
2617,0
2618,0
2619,0
2620,4.799
2621,48.973
2622,109.824
2623,140.779
2624,173.958
2625,211.417
2626,234.377
2627,238.164
2628,221.804
2629,199.475
2630,184.606
2631,145.722
2632,102.258
2633,50.51
2634,8.887
2635,0
2636,0
2637,0
2638,0
2639,0
2640,0
2641,0
2642,0
2643,0
2644,5.638
2645,49.577
2646,97.68
2647,137.044
2648,169.08
2649,202.002
2650,229.249
2651,226.655
2652,235.319
2653,213.163
2654,179.091
2655,142.623
2656,105.507
2657,58.544
2658,9.933
2659,0
2660,0
2661,0
2662,0
2663,0
2664,0
2665,0
2666,0
2667,0
2668,6.923
2669,50.482
2670,99.974
2671,140.767
2672,169.322
2673,192.764
2674,218.958
2675,216.968
2676,207.078
2677,195.227
2678,176.118
2679,144.817
2680,104.817
2681,62.215
2682,10.586
2683,0
2684,0
2685,0
2686,0
2687,0
2688,0
2689,0
2690,0
2691,0
2692,7.257
2693,54.631
2694,100.591
2695,143.472
2696,177.881
2697,214.896
2698,240.189
2699,228.844
2700,227.688
2701,219.337
2702,197.439
2703,158.581
2704,103.887
2705,56.668
2706,10.964
2707,0
2708,0
2709,0
2710,0
2711,0
2712,0
2713,0
2714,0
2715,0
2716,7.214
2717,51.733
2718,100.659
2719,137.144
2720,174.513
2721,192.659
2722,225.992
2723,233.245
2724,225.909
2725,219.103
2726,193.741
2727,155.184
2728,104.49
2729,55.981
2730,10.797
2731,0
2732,0
2733,0
2734,0
2735,0
2736,0
2737,0
2738,0
2739,0
2740,8.146
2741,52.428
2742,104.207
2743,147.277
2744,189.655
2745,209.606
2746,236.76
2747,253.319
2748,251.453
2749,236.017
2750,202.702
2751,165.513
2752,102.761
2753,56.008
2754,11.513
2755,0
2756,0
2757,0
2758,0
2759,0
2760,0
2761,0
2762,0
2763,0
2764,8.894
2765,54.244
2766,107.191
2767,160.071
2768,194.958
2769,221.339
2770,222.347
2771,233.873
2772,229.325
2773,233.085
2774,188.77
2775,154.613
2776,104.576
2777,59.69
2778,12.654
2779,0
2780,0
2781,0
2782,0
2783,0
2784,0
2785,0
2786,0
2787,0
2788,7.537
2789,50.791
2790,101.397
2791,150.541
2792,188.965
2793,205.823
2794,236.47
2795,245.315
2796,226.609
2797,217.315
2798,184.421
2799,138.875
2800,100.551
2801,56.139
2802,12.662
2803,0.005
2804,0
2805,0
2806,0
2807,0
2808,0
2809,0
2810,0
2811,0
2812,9.689
2813,51.138
2814,102.449
2815,150.632
2816,194.364
2817,214.072
2818,242.683
2819,267.226
2820,255.922
2821,233.43
2822,196.128
2823,170.804
2824,115.066
2825,62.171
2826,14.32
2827,0.014
2828,0
2829,0
2830,0
2831,0
2832,0
2833,0
2834,0
2835,0
2836,9.909
2837,54.342
2838,96.947
2839,145.342
2840,173.865
2841,203.162
2842,233.311
2843,236.193
2844,230.006
2845,221.446
2846,197.683
2847,152.578
2848,103.831
2849,55.284
2850,14.388
2851,0.042
2852,0
2853,0
2854,0
2855,0
2856,0
2857,0
2858,0
2859,0.011
2860,10.255
2861,49.827
2862,98.556
2863,147.894
2864,180.544
2865,203.183
2866,221.93
2867,248.091
2868,265.846
2869,227.552
2870,185.58
2871,152.696
2872,107.991
2873,60.766
2874,15.55
2875,0.03
2876,0
2877,0
2878,0
2879,0
2880,0
2881,0
2882,0
2883,0.011
2884,12.654
2885,58.51
2886,112.429
2887,150.712
2888,199.378
2889,214.545
2890,235.359
2891,232.694
2892,236.423
2893,218.556
2894,188.869
2895,154.723
2896,110.696
2897,64.003
2898,19.3
2899,0.011
2900,0
2901,0
2902,0
2903,0
2904,0
2905,0
2906,0
2907,0.02
2908,14.375
2909,60.349
2910,108.528
2911,146.446
2912,205.693
2913,225.336
2914,248.779
2915,251.062
2916,246.843
2917,231.037
2918,191.465
2919,153.436
2920,112.256
2921,67.163
2922,20.2
2923,0.158
2924,0
2925,0
2926,0
2927,0
2928,0
2929,0
2930,0
2931,0.019
2932,16.151
2933,59.381
2934,102.993
2935,139.333
2936,161.388
2937,189.057
2938,219.239
2939,233.664
2940,235.949
2941,215.459
2942,180.815
2943,150.664
2944,112.207
2945,69.918
2946,20.841
2947,0.129
2948,0
2949,0
2950,0
2951,0
2952,0
2953,0
2954,0
2955,0.025
2956,17.524
2957,62.52
2958,103.866
2959,139.686
2960,178.831
2961,192.04
2962,219.956
2963,230.631
2964,227.518
2965,220.253
2966,181.141
2967,145.174
2968,114.517
2969,64.904
2970,20.411
2971,0.104
2972,0
2973,0
2974,0
2975,0
2976,0
2977,0
2978,0
2979,0.039
2980,18.762
2981,66.851
2982,112.81
2983,169.492
2984,195.506
2985,227.08
2986,243.67
2987,252.256
2988,244.243
2989,217.317
2990,194.784
2991,161.496
2992,109.444
2993,69.995
2994,24.623
2995,0.21
2996,0
2997,0
2998,0
2999,0
3000,0
3001,0
3002,0
3003,0.054
3004,19.867
3005,68.814
3006,113.905
3007,149.805
3008,185.753
3009,230.803
3010,247.901
3011,243.698
3012,220.175
3013,199.512
3014,185.58
3015,154.557
3016,114.314
3017,70.974
3018,24.31
3019,0.264
3020,0
3021,0
3022,0
3023,0
3024,0
3025,0
3026,0
3027,0.133
3028,20.409
3029,65.985
3030,107.19
3031,142.917
3032,172.582
3033,200.877
3034,226.976
3035,241.058
3036,234.345
3037,214.518
3038,186.879
3039,143.774
3040,113.571
3041,67.473
3042,21.261
3043,0.257
3044,0
3045,0
3046,0
3047,0
3048,0
3049,0
3050,0
3051,0.206
3052,19.607
3053,65.132
3054,109.795
3055,153.097
3056,173.139
3057,201.208
3058,235.812
3059,238.862
3060,222.51
3061,223.575
3062,186.466
3063,154.276
3064,117.714
3065,71.562
3066,24.476
3067,0.546
3068,0
3069,0
3070,0
3071,0
3072,0
3073,0
3074,0
3075,0.165
3076,24.089
3077,75.765
3078,124.024
3079,170.79
3080,203.241
3081,218.24
3082,243.821
3083,244.602
3084,242.104
3085,217.636
3086,172.046
3087,154.265
3088,108.541
3089,73.673
3090,25.172
3091,0.607
3092,0
3093,0
3094,0
3095,0
3096,0
3097,0
3098,0
3099,0.166
3100,22.281
3101,66.159
3102,108.043
3103,141.734
3104,192.381
3105,236.617
3106,259.367
3107,272.553
3108,254.886
3109,211.545
3110,202.996
3111,165.135
3112,122.374
3113,74.525
3114,27.066
3115,0.317
3116,0
3117,0
3118,0
3119,0
3120,0
3121,0
3122,0
3123,0.346
3124,24.605
3125,68.688
3126,109.768
3127,156.208
3128,208.648
3129,235.935
3130,251.536
3131,267.869
3132,268.29
3133,239.623
3134,206.248
3135,165.463
3136,111.389
3137,73.498
3138,27.818
3139,0.714
3140,0
3141,0
3142,0
3143,0
3144,0
3145,0
3146,0
3147,0.138
3148,22.859
3149,68.401
3150,109.257
3151,158.501
3152,191.734
3153,218.177
3154,241.481
3155,235.222
3156,244.937
3157,228.925
3158,194.84
3159,166.132
3160,120.1
3161,78.976
3162,28.436
3163,1.087
3164,0
3165,0
3166,0
3167,0
3168,0
3169,0
3170,0
3171,0.467
3172,27.506
3173,72.525
3174,114.557
3175,143.066
3176,192.151
3177,232.534
3178,251.034
3179,269.963
3180,272.228
3181,231.86
3182,211.469
3183,168.497
3184,125.421
3185,75.09
3186,29.756
3187,1.543
3188,0
3189,0
3190,0
3191,0
3192,0
3193,0
3194,0
3195,0.706
3196,32.356
3197,81.167
3198,128.034
3199,155.061
3200,199.51
3201,227.7
3202,260.276
3203,255.395
3204,250.929
3205,241.792
3206,218.619
3207,170.058
3208,126.115
3209,83.506
3210,34.614
3211,1.993
3212,0
3213,0
3214,0
3215,0
3216,0
3217,0
3218,0
3219,1.01
3220,29.813
3221,76.364
3222,127.628
3223,169.598
3224,203.58
3225,240.393
3226,258.688
3227,276.488
3228,263.433
3229,248.862
3230,209.752
3231,171.585
3232,122.709
3233,83.555
3234,40.507
3235,7.013
3236,0
3237,0
3238,0
3239,0
3240,0
3241,0
3242,0
3243,0.95
3244,27.385
3245,72.566
3246,117.94
3247,164.706
3248,202.63
3249,245.388
3250,263.959
3251,267.765
3252,256.58
3253,246.999
3254,216.055
3255,182.395
3256,120.081
3257,74.738
3258,33.732
3259,2.391
3260,0
3261,0
3262,0
3263,0
3264,0
3265,0
3266,0
3267,1.094
3268,29.363
3269,75.579
3270,109.336
3271,149.551
3272,194.228
3273,221.462
3274,243.761
3275,254.225
3276,272.165
3277,239.623
3278,200.452
3279,158.787
3280,126.819
3281,77.35
3282,32.014
3283,2.254
3284,0
3285,0
3286,0
3287,0
3288,0
3289,0
3290,0
3291,1.214
3292,26.016
3293,64.608
3294,101.928
3295,154.802
3296,204.353
3297,229.506
3298,247.54
3299,254.926
3300,238.31
3301,236.724
3302,212.782
3303,173.048
3304,124.966
3305,84.754
3306,38.231
3307,2.853
3308,0
3309,0
3310,0
3311,0
3312,0
3313,0
3314,0
3315,1.949
3316,33.849
3317,79.408
3318,121.941
3319,162.016
3320,219.234
3321,261.99
3322,275.888
3323,285.368
3324,290.128
3325,236.961
3326,210.6
3327,162.345
3328,125.924
3329,81.487
3330,38.563
3331,3.604
3332,0
3333,0
3334,0
3335,0
3336,0
3337,0
3338,0
3339,1.804
3340,32.323
3341,84.864
3342,131.779
3343,177.447
3344,214.093
3345,243.143
3346,254.834
3347,277.364
3348,278.98
3349,224.01
3350,203.732
3351,178.118
3352,128.457
3353,89.011
3354,41.639
3355,3.535
3356,0
3357,0
3358,0
3359,0
3360,0
3361,0
3362,0
3363,2.335
3364,35.2
3365,83.54
3366,119.902
3367,164.261
3368,179.362
3369,236.204
3370,265.717
3371,301.885
3372,267.39
3373,236.172
3374,214.301
3375,174.707
3376,125.808
3377,84.937
3378,36.454
3379,3.407
3380,0
3381,0
3382,0
3383,0
3384,0
3385,0
3386,0
3387,2.682
3388,35.327
3389,87.137
3390,134.863
3391,178.819
3392,206.536
3393,239.43
3394,271.242
3395,272.809
3396,273.811
3397,246.82
3398,192.012
3399,164.905
3400,119.645
3401,84.88
3402,41.017
3403,3.958
3404,0
3405,0
3406,0
3407,0
3408,0
3409,0
3410,0
3411,2.856
3412,34.513
3413,72.183
3414,117.11
3415,170.647
3416,197.525
3417,221.546
3418,255.476
3419,266.268
3420,269.244
3421,234.079
3422,203.54
3423,161.527
3424,123.066
3425,80.604
3426,39.68
3427,5.952
3428,0
3429,0
3430,0
3431,0
3432,0
3433,0
3434,0
3435,3.329
3436,37.142
3437,78.705
3438,116.965
3439,156.77
3440,197.368
3441,219.729
3442,259.253
3443,262.124
3444,269.631
3445,249.583
3446,213.286
3447,167.606
3448,134.021
3449,87.411
3450,41.613
3451,4.941
3452,0
3453,0
3454,0
3455,0
3456,0
3457,0
3458,0
3459,3.622
3460,40.276
3461,85.718
3462,123.716
3463,161.97
3464,197.429
3465,231.165
3466,250.987
3467,248.959
3468,242.988
3469,238.267
3470,206.299
3471,163.993
3472,115.735
3473,76.74
3474,38.01
3475,4.925
3476,0
3477,0
3478,0
3479,0
3480,0
3481,0
3482,0
3483,3.688
3484,30.174
3485,77.473
3486,125.115
3487,162.869
3488,198.219
3489,235.215
3490,260.321
3491,274.569
3492,263.04
3493,245.292
3494,222.098
3495,187.405
3496,124.362
3497,81.452
3498,43.349
3499,6.172
3500,0
3501,0
3502,0
3503,0
3504,0
3505,0
3506,0
3507,4.485
3508,40.722
3509,93.004
3510,134.973
3511,172.841
3512,218.614
3513,244.571
3514,272.044
3515,279.153
3516,262.554
3517,243.202
3518,209.463
3519,181.019
3520,132.021
3521,79.954
3522,37.118
3523,5.624
3524,0
3525,0
3526,0
3527,0
3528,0
3529,0
3530,0
3531,4.341
3532,38.439
3533,81.584
3534,124.135
3535,166.017
3536,196.419
3537,233.276
3538,247.735
3539,264.557
3540,234.715
3541,239.061
3542,206.516
3543,159.852
3544,131.764
3545,83.546
3546,41.665
3547,6.813
3548,0
3549,0
3550,0
3551,0
3552,0
3553,0
3554,0
3555,4.191
3556,38.677
3557,87.171
3558,133.16
3559,165.103
3560,205.144
3561,236.745
3562,247.235
3563,287.618
3564,263.431
3565,247.779
3566,214.61
3567,160.916
3568,126.559
3569,83.146
3570,45.54
3571,8.222
3572,0
3573,0
3574,0
3575,0
3576,0
3577,0
3578,0
3579,4.818
3580,39.84
3581,85.054
3582,126.432
3583,164.412
3584,212.141
3585,243.717
3586,241.641
3587,246.823
3588,264.647
3589,243.02
3590,223.964
3591,177.923
3592,129.504
3593,88.94
3594,45.112
3595,7.704
3596,0
3597,0
3598,0
3599,0
3600,0
3601,0
3602,0
3603,5.739
3604,44.905
3605,94.878
3606,139.585
3607,172.175
3608,216.329
3609,254.54
3610,274.631
3611,277.898
3612,274.858
3613,258.973
3614,213.37
3615,164.077
3616,130.707
3617,94.846
3618,47.105
3619,9.147
3620,0
3621,0
3622,0
3623,0
3624,0
3625,0
3626,0
3627,4.829
3628,43.034
3629,89.708
3630,120.703
3631,166.192
3632,207.511
3633,225.859
3634,267.988
3635,261.84
3636,269.38
3637,245.829
3638,207.296
3639,165.496
3640,140.953
3641,98.474
3642,53.022
3643,10.227
3644,0
3645,0
3646,0
3647,0
3648,0
3649,0
3650,0
3651,5.948
3652,44.122
3653,86.927
3654,132.202
3655,178.428
3656,219.489
3657,268.82
3658,261.363
3659,286.213
3660,277.768
3661,262.597
3662,222.937
3663,180.165
3664,134.116
3665,98.107
3666,54.786
3667,10.401
3668,0
3669,0
3670,0
3671,0
3672,0
3673,0
3674,0
3675,6.85
3676,45.714
3677,87.261
3678,127.871
3679,171.068
3680,205.728
3681,244.519
3682,246.021
3683,241.14
3684,233.033
3685,228.306
3686,180.472
3687,155.628
3688,129.961
3689,89.779
3690,49.985
3691,9.997
3692,0
3693,0
3694,0
3695,0
3696,0
3697,0
3698,0
3699,6.311
3700,43.193
3701,91.43
3702,136.513
3703,172.043
3704,222.879
3705,266.695
3706,292.131
3707,299.162
3708,278.06
3709,269.292
3710,222.169
3711,171.326
3712,135.512
3713,89.917
3714,44.517
3715,9.366
3716,0
3717,0
3718,0
3719,0
3720,0
3721,0
3722,0
3723,5.728
3724,40.818
3725,88.766
3726,127.588
3727,178.63
3728,205.528
3729,252.242
3730,282.515
3731,288.531
3732,266.402
3733,234.432
3734,69.741
3735,168.481
3736,138.367
3737,96.754
3738,49.452
3739,10.599
3740,0.02
3741,0
3742,0
3743,0
3744,0
3745,0
3746,0
3747,6.812
3748,44.216
3749,84.513
3750,129.11
3751,179.14
3752,222.511
3753,246.466
3754,286.038
3755,274.649
3756,280.429
3757,243.966
3758,207.089
3759,163.521
3760,129.936
3761,94.577
3762,51.208
3763,10.388
3764,0.033
3765,0
3766,0
3767,0
3768,0
3769,0
3770,0
3771,6.266
3772,38.561
3773,81.872
3774,126.869
3775,168.885
3776,200.981
3777,223.78
3778,239.77
3779,258.716
3780,269.728
3781,249.51
3782,210.884
3783,180.239
3784,134.444
3785,99.704
3786,54.202
3787,10.682
3788,0.024
3789,0
3790,0
3791,0
3792,0
3793,0
3794,0
3795,7.677
3796,46.283
3797,93.288
3798,137.454
3799,171.342
3800,207.036
3801,220.173
3802,251.421
3803,276.203
3804,270.299
3805,248.6
3806,225.038
3807,176.101
3808,127.269
3809,94.978
3810,51.954
3811,11.559
3812,0.034
3813,0
3814,0
3815,0
3816,0
3817,0
3818,0
3819,6.998
3820,47.946
3821,100.626
3822,140.524
3823,177.81
3824,227.012
3825,248.329
3826,258.864
3827,278.364
3828,251.454
3829,238.706
3830,215.952
3831,180.52
3832,133.162
3833,98.812
3834,53.122
3835,11.916
3836,0.01
3837,0
3838,0
3839,0
3840,0
3841,0
3842,0
3843,7.502
3844,44.861
3845,92.625
3846,128.383
3847,172.397
3848,219.836
3849,260.875
3850,260.801
3851,270.389
3852,264.072
3853,248.936
3854,210.519
3855,177.219
3856,141.056
3857,92.962
3858,53.264
3859,12.025
3860,0.019
3861,0
3862,0
3863,0
3864,0
3865,0
3866,0
3867,6.973
3868,41.957
3869,87.703
3870,141.118
3871,184.574
3872,221.599
3873,267.463
3874,299.282
3875,284.05
3876,276.649
3877,258.93
3878,218.476
3879,170.5
3880,144.538
3881,97.624
3882,53.12
3883,12.412
3884,0.046
3885,0
3886,0
3887,0
3888,0
3889,0
3890,0
3891,7.09
3892,43.233
3893,86.843
3894,137.932
3895,174.327
3896,218.223
3897,237.088
3898,273.883
3899,282.166
3900,287.413
3901,245.366
3902,223.269
3903,180.304
3904,133.785
3905,101.804
3906,52.096
3907,14.217
3908,0.063
3909,0
3910,0
3911,0
3912,0
3913,0
3914,0
3915,7.761
3916,44.832
3917,87.966
3918,130.814
3919,180.763
3920,216.903
3921,239.362
3922,269.688
3923,264.162
3924,252.564
3925,255.962
3926,227.999
3927,199.064
3928,150.846
3929,97.378
3930,54.914
3931,14.208
3932,0.028
3933,0
3934,0
3935,0
3936,0
3937,0
3938,0
3939,7.103
3940,44.07
3941,90.107
3942,123.923
3943,182.149
3944,230.283
3945,255.148
3946,296.409
3947,303.946
3948,301.913
3949,263.466
3950,232.708
3951,180.414
3952,151.881
3953,102.87
3954,56.171
3955,13.199
3956,0.005
3957,0
3958,0
3959,0
3960,0
3961,0
3962,0
3963,7.092
3964,38.078
3965,86.675
3966,135.032
3967,179.016
3968,204.398
3969,249.932
3970,281
3971,287.108
3972,277.292
3973,243.79
3974,219.953
3975,180.094
3976,136.979
3977,91.304
3978,51.247
3979,14.427
3980,0.145
3981,0
3982,0
3983,0
3984,0
3985,0
3986,0
3987,8.002
3988,43.899
3989,88.972
3990,118.321
3991,161.038
3992,213.926
3993,230.739
3994,261.232
3995,265.257
3996,247.996
3997,253.555
3998,229.578
3999,191.582
4000,137.816
4001,98.65
4002,59.413
4003,15.052
4004,0.034
4005,0
4006,0
4007,0
4008,0
4009,0
4010,0
4011,9.507
4012,49.331
4013,97.596
4014,134.656
4015,171.981
4016,212.748
4017,248.468
4018,266.487
4019,278.945
4020,275.127
4021,267.583
4022,231.102
4023,186.115
4024,130.159
4025,95.554
4026,56.519
4027,15.912
4028,0.033
4029,0
4030,0
4031,0
4032,0
4033,0
4034,0
4035,8.846
4036,48.285
4037,95.645
4038,136.415
4039,180.368
4040,214.707
4041,242.137
4042,259.405
4043,280.724
4044,260.09
4045,248.365
4046,219.935
4047,182.283
4048,145.645
4049,100.503
4050,52.51
4051,13.993
4052,0.061
4053,0
4054,0
4055,0
4056,0
4057,0
4058,0
4059,7.62
4060,44.079
4061,94.327
4062,134.848
4063,181.81
4064,232.751
4065,274.872
4066,285.48
4067,288.95
4068,292.779
4069,259.026
4070,222.671
4071,187.343
4072,138.435
4073,100.113
4074,56.088
4075,12.522
4076,0.043
4077,0
4078,0
4079,0
4080,0
4081,0
4082,0
4083,7.614
4084,46.743
4085,93.415
4086,138.498
4087,159.849
4088,200.881
4089,231.784
4090,250.581
4091,286.17
4092,274.708
4093,276.577
4094,240.731
4095,192.704
4096,156.704
4097,110.239
4098,62.255
4099,15.32
4100,0.09
4101,0
4102,0
4103,0
4104,0
4105,0
4106,0
4107,6.654
4108,42.388
4109,89.387
4110,135.916
4111,183.849
4112,220.731
4113,261.064
4114,271.62
4115,293.331
4116,274.249
4117,234.466
4118,219.889
4119,191.067
4120,135.107
4121,95.138
4122,57.885
4123,14.082
4124,0.104
4125,0
4126,0
4127,0
4128,0
4129,0
4130,0
4131,6.512
4132,40.395
4133,88.427
4134,134.624
4135,182.502
4136,210.42
4137,256.54
4138,274.093
4139,287.437
4140,290.241
4141,267.478
4142,232.422
4143,200.023
4144,140.424
4145,91.586
4146,54.915
4147,14.593
4148,0.142
4149,0
4150,0
4151,0
4152,0
4153,0
4154,0
4155,6.987
4156,40.321
4157,91.113
4158,145.588
4159,183.88
4160,241.706
4161,280.698
4162,293.152
4163,311.618
4164,306.08
4165,263.966
4166,246.527
4167,193.646
4168,150.063
4169,110.394
4170,60.626
4171,15.161
4172,0.161
4173,0
4174,0
4175,0
4176,0
4177,0
4178,0
4179,7.667
4180,48.057
4181,91.265
4182,141.666
4183,195.346
4184,220.052
4185,250.986
4186,260.51
4187,262.328
4188,281.22
4189,245.186
4190,208.244
4191,167.443
4192,138.218
4193,95.811
4194,55.076
4195,13.88
4196,0.034
4197,0
4198,0
4199,0
4200,0
4201,0
4202,0
4203,6.766
4204,39.591
4205,79.641
4206,128.307
4207,159.757
4208,199.634
4209,240.19
4210,247.553
4211,279.504
4212,286.895
4213,290.853
4214,250.963
4215,195.577
4216,162.405
4217,100.714
4218,58.896
4219,16.115
4220,0.114
4221,0
4222,0
4223,0
4224,0
4225,0
4226,0
4227,7.599
4228,45.535
4229,91.104
4230,134.954
4231,173.981
4232,211.522
4233,241.228
4234,251.353
4235,276.504
4236,263.149
4237,247.028
4238,210.019
4239,180.162
4240,136.178
4241,100.913
4242,61.844
4243,16.676
4244,0.067
4245,0
4246,0
4247,0
4248,0
4249,0
4250,0
4251,6.696
4252,44.513
4253,94.717
4254,142.455
4255,177.718
4256,209.617
4257,234.701
4258,278.72
4259,278.057
4260,273.934
4261,254.702
4262,198.127
4263,185.049
4264,142.523
4265,106.797
4266,60.474
4267,16.857
4268,0.1
4269,0
4270,0
4271,0
4272,0
4273,0
4274,0
4275,6.366
4276,40.034
4277,87.037
4278,132.331
4279,185.767
4280,230.275
4281,255.301
4282,244.078
4283,285.768
4284,290.468
4285,265.372
4286,212.879
4287,182.363
4288,143.166
4289,108.984
4290,61.195
4291,16.728
4292,0.076
4293,0
4294,0
4295,0
4296,0
4297,0
4298,0
4299,6.838
4300,47.238
4301,95.296
4302,141.156
4303,188.005
4304,218.629
4305,246.46
4306,286.574
4307,301.223
4308,286.28
4309,273.727
4310,231.234
4311,190.499
4312,145.761
4313,107.561
4314,58.835
4315,15.586
4316,0.063
4317,0
4318,0
4319,0
4320,0
4321,0
4322,0
4323,6.406
4324,43.853
4325,87.453
4326,135.781
4327,177.509
4328,215.574
4329,246.941
4330,276.703
4331,277.245
4332,258.543
4333,241.648
4334,229.412
4335,189.308
4336,128.66
4337,101.608
4338,56.316
4339,15.862
4340,0.052
4341,0
4342,0
4343,0
4344,0
4345,0
4346,0
4347,6.563
4348,40.72
4349,80.222
4350,118.927
4351,162.665
4352,178.286
4353,238.113
4354,275.383
4355,256.298
4356,273.962
4357,253.022
4358,227.463
4359,170.502
4360,138.895
4361,87.133
4362,51.716
4363,13.848
4364,0.067
4365,0
4366,0
4367,0
4368,0
4369,0
4370,0
4371,5.571
4372,40.59
4373,86.614
4374,130.207
4375,170.793
4376,225.328
4377,262.782
4378,273.205
4379,282.129
4380,268.496
4381,250.689
4382,216.988
4383,179.713
4384,137.149
4385,104.416
4386,59.61
4387,17.467
4388,0.086
4389,0
4390,0
4391,0
4392,0
4393,0
4394,0
4395,6.626
4396,46.245
4397,90.61
4398,133.257
4399,176.64
4400,220.674
4401,267.225
4402,288.512
4403,293.057
4404,309.741
4405,286.956
4406,238.572
4407,189.907
4408,148.406
4409,97.516
4410,51.482
4411,12.369
4412,0.062
4413,0
4414,0
4415,0
4416,0
4417,0
4418,0
4419,5.506
4420,40.069
4421,88.113
4422,126.96
4423,171.699
4424,217.067
4425,248.03
4426,246.495
4427,278.131
4428,263.558
4429,221.296
4430,197.929
4431,177.66
4432,135.008
4433,97.418
4434,51.577
4435,12.405
4436,0.062
4437,0
4438,0
4439,0
4440,0
4441,0
4442,0
4443,5.263
4444,40.142
4445,88.878
4446,131.078
4447,170.334
4448,207.737
4449,248.913
4450,254.59
4451,252.804
4452,259.86
4453,260.591
4454,222.185
4455,177.36
4456,136.348
4457,89.418
4458,48.258
4459,13.893
4460,0.052
4461,0
4462,0
4463,0
4464,0
4465,0
4466,0
4467,4.952
4468,39.184
4469,83.978
4470,124.892
4471,164.874
4472,197.074
4473,241.452
4474,269.863
4475,291.73
4476,285.784
4477,281.981
4478,227.902
4479,181.129
4480,143.588
4481,108.172
4482,53.368
4483,14.812
4484,0.086
4485,0
4486,0
4487,0
4488,0
4489,0
4490,0
4491,4.197
4492,40.712
4493,88.119
4494,128.663
4495,176.892
4496,218.677
4497,247.472
4498,270.703
4499,313.989
4500,297.636
4501,260.091
4502,230.943
4503,176.444
4504,136.256
4505,100.592
4506,54.756
4507,15.189
4508,0.101
4509,0
4510,0
4511,0
4512,0
4513,0
4514,0
4515,5.211
4516,42.405
4517,86.583
4518,126.574
4519,173.391
4520,224.777
4521,247.898
4522,272.665
4523,299.339
4524,273.72
4525,294.685
4526,248.43
4527,217.022
4528,156.77
4529,97.623
4530,57.582
4531,13.415
4532,0.034
4533,0
4534,0
4535,0
4536,0
4537,0
4538,0
4539,4.396
4540,38.01
4541,78.394
4542,120.506
4543,157.005
4544,198.533
4545,232.912
4546,253.891
4547,297.014
4548,259.405
4549,259.139
4550,231.703
4551,183.184
4552,150.995
4553,99.429
4554,53.121
4555,13.837
4556,0.124
4557,0
4558,0
4559,0
4560,0
4561,0
4562,0
4563,3.631
4564,32.477
4565,75.277
4566,123.288
4567,164.441
4568,215.113
4569,261.385
4570,279.183
4571,285.133
4572,288.89
4573,241.47
4574,215.96
4575,191.299
4576,142.906
4577,93.141
4578,54.093
4579,13.178
4580,0.038
4581,0
4582,0
4583,0
4584,0
4585,0
4586,0
4587,4.085
4588,36.189
4589,84.627
4590,136.133
4591,169.575
4592,195.036
4593,229.736
4594,262.611
4595,271.975
4596,276.104
4597,255.625
4598,236.289
4599,188.456
4600,149.523
4601,99.737
4602,54.158
4603,11.997
4604,0.046
4605,0
4606,0
4607,0
4608,0
4609,0
4610,0
4611,3.272
4612,35.053
4613,87.756
4614,134.336
4615,188.099
4616,229.366
4617,243.283
4618,279.697
4619,287.329
4620,290.59
4621,274.673
4622,237.652
4623,194.383
4624,156.088
4625,108.322
4626,58.228
4627,13.707
4628,0.014
4629,0
4630,0
4631,0
4632,0
4633,0
4634,0
4635,3.076
4636,34.302
4637,82.745
4638,130.163
4639,184.971
4640,219.482
4641,246.446
4642,255.177
4643,228.735
4644,258.14
4645,261.699
4646,230.511
4647,183.928
4648,138.906
4649,89.309
4650,47.552
4651,11.356
4652,0.024
4653,0
4654,0
4655,0
4656,0
4657,0
4658,0
4659,2.615
4660,31.752
4661,78.041
4662,127.118
4663,171.416
4664,204.762
4665,237.917
4666,248.468
4667,246.923
4668,255.235
4669,260.879
4670,227.063
4671,186.909
4672,133.282
4673,95.861
4674,50.819
4675,10.636
4676,0.019
4677,0
4678,0
4679,0
4680,0
4681,0
4682,0
4683,2.225
4684,30.088
4685,73.603
4686,114.566
4687,155.828
4688,210.797
4689,239.406
4690,257.788
4691,256.545
4692,268.175
4693,229.676
4694,219.422
4695,180.1
4696,128.71
4697,88.031
4698,48.582
4699,11.328
4700,0.019
4701,0
4702,0
4703,0
4704,0
4705,0
4706,0
4707,2.856
4708,34.178
4709,81.811
4710,132.395
4711,179.789
4712,225.776
4713,264.973
4714,282.871
4715,288.071
4716,269.142
4717,248.768
4718,199.428
4719,169.085
4720,135.852
4721,101.704
4722,54.201
4723,10.146
4724,0.023
4725,0
4726,0
4727,0
4728,0
4729,0
4730,0
4731,1.934
4732,28.501
4733,72.861
4734,114.227
4735,167.765
4736,206.032
4737,247.947
4738,273.548
4739,304.385
4740,295.41
4741,279.972
4742,239.22
4743,190.795
4744,138.119
4745,102.704
4746,51.076
4747,10.116
4748,0
4749,0
4750,0
4751,0
4752,0
4753,0
4754,0
4755,1.82
4756,30.779
4757,80.938
4758,131.965
4759,185.008
4760,222.9
4761,249.565
4762,258.166
4763,270.534
4764,268.832
4765,245.648
4766,207.105
4767,174.051
4768,137.083
4769,93.202
4770,50.285
4771,10.271
4772,0
4773,0
4774,0
4775,0
4776,0
4777,0
4778,0
4779,2.1
4780,32.906
4781,81.72
4782,123.813
4783,165.132
4784,200.392
4785,221.013
4786,263.84
4787,269.195
4788,272.525
4789,246.358
4790,212.084
4791,192.293
4792,141.445
4793,96.963
4794,48.734
4795,8.913
4796,0
4797,0
4798,0
4799,0
4800,0
4801,0
4802,0
4803,1.646
4804,33.862
4805,81.481
4806,125.793
4807,166.606
4808,202.746
4809,228.054
4810,247.282
4811,281.413
4812,273.387
4813,261.056
4814,233.831
4815,209.163
4816,158.987
4817,102.725
4818,53.594
4819,8.966
4820,0
4821,0
4822,0
4823,0
4824,0
4825,0
4826,0
4827,1.496
4828,32.276
4829,79.055
4830,133.867
4831,174.661
4832,226.958
4833,248.284
4834,261.531
4835,284.523
4836,267.128
4837,265.604
4838,204.864
4839,182.123
4840,136.825
4841,90.328
4842,48.73
4843,8.052
4844,0
4845,0
4846,0
4847,0
4848,0
4849,0
4850,0
4851,1.343
4852,31.717
4853,83.866
4854,134.814
4855,177.465
4856,207.112
4857,231.449
4858,259.712
4859,254.711
4860,225.934
4861,242.478
4862,204.596
4863,167.487
4864,137.034
4865,88.082
4866,47.259
4867,7.442
4868,0
4869,0
4870,0
4871,0
4872,0
4873,0
4874,0
4875,0.977
4876,26.44
4877,73.567
4878,128.701
4879,169.739
4880,210.167
4881,234.208
4882,272.427
4883,303.617
4884,299.034
4885,262.846
4886,229.653
4887,182.997
4888,150.934
4889,96.785
4890,51.942
4891,7.83
4892,0
4893,0
4894,0
4895,0
4896,0
4897,0
4898,0
4899,0.669
4900,25.976
4901,72.802
4902,121.105
4903,164.558
4904,208.498
4905,231.984
4906,245.923
4907,265.479
4908,265.682
4909,255.336
4910,222.377
4911,179.126
4912,131.352
4913,88.641
4914,45.621
4915,6.697
4916,0
4917,0
4918,0
4919,0
4920,0
4921,0
4922,0
4923,0.785
4924,24.529
4925,71.038
4926,123.065
4927,171.438
4928,206.293
4929,229.654
4930,220.254
4931,286.95
4932,288.152
4933,258.84
4934,212.642
4935,179.181
4936,138.136
4937,87.941
4938,44.414
4939,6.817
4940,0
4941,0
4942,0
4943,0
4944,0
4945,0
4946,0
4947,0.625
4948,25.984
4949,74.867
4950,123.001
4951,169.835
4952,212.305
4953,219.179
4954,254.279
4955,243.862
4956,265.999
4957,235.2
4958,203.569
4959,169.904
4960,120.804
4961,86.554
4962,43.674
4963,5.453
4964,0
4965,0
4966,0
4967,0
4968,0
4969,0
4970,0
4971,0.303
4972,23.516
4973,73.212
4974,126.095
4975,167.981
4976,204.167
4977,214.931
4978,235.016
4979,256.473
4980,272.195
4981,251.438
4982,229.133
4983,183.611
4984,140.93
4985,94.112
4986,41.502
4987,6.711
4988,0
4989,0
4990,0
4991,0
4992,0
4993,0
4994,0
4995,0.352
4996,21.115
4997,68.101
4998,118.83
4999,171.752
5000,207.469
5001,246.085
5002,272.796
5003,256.514
5004,276.198
5005,236.721
5006,208.075
5007,173.557
5008,124.418
5009,81.896
5010,37.206
5011,4.495
5012,0
5013,0
5014,0
5015,0
5016,0
5017,0
5018,0
5019,0.377
5020,22.083
5021,68.927
5022,115.483
5023,161.861
5024,205.436
5025,240.698
5026,278.667
5027,279.138
5028,263.041
5029,247.652
5030,216.025
5031,184.248
5032,141.22
5033,88.305
5034,42.722
5035,4.843
5036,0
5037,0
5038,0
5039,0
5040,0
5041,0
5042,0
5043,0.104
5044,20.659
5045,71.593
5046,118.724
5047,161.605
5048,202.265
5049,232.863
5050,271.804
5051,264.887
5052,275.218
5053,242.011
5054,220.862
5055,182.932
5056,149.379
5057,91.554
5058,41.455
5059,4.302
5060,0
5061,0
5062,0
5063,0
5064,0
5065,0
5066,0
5067,0.155
5068,22.181
5069,73.229
5070,117.656
5071,163.322
5072,194.489
5073,225.483
5074,252.642
5075,264.364
5076,252.838
5077,236.667
5078,207.598
5079,160.69
5080,118.059
5081,83.593
5082,37.465
5083,3.098
5084,0
5085,0
5086,0
5087,0
5088,0
5089,0
5090,0
5091,0.208
5092,21.012
5093,67.014
5094,118.751
5095,154.984
5096,199.742
5097,230.711
5098,273.282
5099,278.226
5100,268.829
5101,232.836
5102,218.821
5103,165.708
5104,133.149
5105,88.738
5106,42.882
5107,4.079
5108,0
5109,0
5110,0
5111,0
5112,0
5113,0
5114,0
5115,0.064
5116,17.981
5117,67.841
5118,124.163
5119,174.65
5120,209.709
5121,238.944
5122,228.519
5123,257.18
5124,276.761
5125,263.394
5126,223.892
5127,183.958
5128,138.636
5129,89.275
5130,37.165
5131,3.116
5132,0
5133,0
5134,0
5135,0
5136,0
5137,0
5138,0
5139,0.087
5140,19.06
5141,67.272
5142,119.201
5143,164.944
5144,198.447
5145,215.963
5146,232.918
5147,242.929
5148,241.303
5149,235.067
5150,216.434
5151,179.032
5152,135.345
5153,89.598
5154,38.13
5155,2.836
5156,0
5157,0
5158,0
5159,0
5160,0
5161,0
5162,0
5163,0.105
5164,19.077
5165,70.075
5166,117.036
5167,167.721
5168,200.645
5169,229.222
5170,232.65
5171,267.399
5172,262.997
5173,232.819
5174,214.425
5175,166.649
5176,132.389
5177,90.127
5178,36.365
5179,1.53
5180,0
5181,0
5182,0
5183,0
5184,0
5185,0
5186,0
5187,0.046
5188,16.211
5189,67.096
5190,111.499
5191,165.644
5192,201.843
5193,232.712
5194,239.18
5195,251.901
5196,252.818
5197,240.371
5198,204.293
5199,186.854
5200,131.225
5201,94.462
5202,37.048
5203,1.588
5204,0
5205,0
5206,0
5207,0
5208,0
5209,0
5210,0
5211,0.01
5212,15.93
5213,64.439
5214,104.748
5215,145.624
5216,199.764
5217,230.439
5218,237.787
5219,248.469
5220,256.019
5221,223.796
5222,197.707
5223,172.059
5224,130.483
5225,85.755
5226,35.847
5227,1.29
5228,0
5229,0
5230,0
5231,0
5232,0
5233,0
5234,0
5235,0.023
5236,15.931
5237,65.176
5238,107.658
5239,154.006
5240,191.318
5241,231.764
5242,256.685
5243,252.36
5244,255.981
5245,231.092
5246,200.996
5247,164.901
5248,128.065
5249,77.971
5250,32.857
5251,1.387
5252,0
5253,0
5254,0
5255,0
5256,0
5257,0
5258,0
5259,0.019
5260,15.503
5261,64.181
5262,114.483
5263,159.864
5264,197.922
5265,220.163
5266,250.894
5267,249.968
5268,233.713
5269,217.912
5270,188.925
5271,153.492
5272,113.425
5273,73.429
5274,27.248
5275,0.6
5276,0
5277,0
5278,0
5279,0
5280,0
5281,0
5282,0
5283,0.018
5284,10.36
5285,57.292
5286,108.551
5287,161.982
5288,209.97
5289,260.7
5290,271.247
5291,273.866
5292,272.207
5293,247.198
5294,210.428
5295,169.141
5296,122.793
5297,75.56
5298,26.716
5299,0.467
5300,0
5301,0
5302,0
5303,0
5304,0
5305,0
5306,0
5307,0.022
5308,11.639
5309,56.422
5310,103.213
5311,150.151
5312,182.995
5313,219.828
5314,239.169
5315,237.843
5316,231.787
5317,227.704
5318,200.005
5319,158.542
5320,122.424
5321,73.728
5322,25.542
5323,0.461
5324,0
5325,0
5326,0
5327,0
5328,0
5329,0
5330,0
5331,0
5332,10.267
5333,52.342
5334,102.323
5335,147.926
5336,188.254
5337,224.876
5338,247.555
5339,273.623
5340,255.515
5341,221.513
5342,208.257
5343,159.555
5344,115.113
5345,65.598
5346,24.637
5347,0.273
5348,0
5349,0
5350,0
5351,0
5352,0
5353,0
5354,0
5355,0
5356,9.139
5357,53.342
5358,108.223
5359,156.399
5360,183.641
5361,236.13
5362,254.707
5363,256.352
5364,244.462
5365,223.731
5366,203.126
5367,164.051
5368,115.109
5369,72.185
5370,21.548
5371,0.144
5372,0
5373,0
5374,0
5375,0
5376,0
5377,0
5378,0
5379,0
5380,9.034
5381,49.909
5382,99.076
5383,145.229
5384,179.171
5385,200.842
5386,219.231
5387,227.784
5388,221.615
5389,203.514
5390,184.441
5391,146.36
5392,120.417
5393,68.762
5394,21.037
5395,0.128
5396,0
5397,0
5398,0
5399,0
5400,0
5401,0
5402,0
5403,0
5404,9.097
5405,55.402
5406,103.603
5407,149.041
5408,174.793
5409,216.243
5410,251.871
5411,275.341
5412,256.335
5413,230.042
5414,198.607
5415,164.324
5416,117.354
5417,71.377
5418,21.222
5419,0.144
5420,0
5421,0
5422,0
5423,0
5424,0
5425,0
5426,0
5427,0
5428,7.638
5429,50.589
5430,104.639
5431,148.283
5432,184.538
5433,223.594
5434,233.112
5435,251.735
5436,249.685
5437,247.869
5438,220.421
5439,178.883
5440,115.445
5441,66.413
5442,18.827
5443,0.064
5444,0
5445,0
5446,0
5447,0
5448,0
5449,0
5450,0
5451,0
5452,6.167
5453,44.377
5454,95.619
5455,138.227
5456,198.401
5457,243.393
5458,280.265
5459,276.499
5460,276.656
5461,250.267
5462,230.054
5463,168.55
5464,121.48
5465,65.913
5466,17.174
5467,0.462
5468,0
5469,0
5470,0
5471,0
5472,0
5473,0
5474,0
5475,0
5476,6.03
5477,48.916
5478,96.437
5479,138.311
5480,173.079
5481,212.603
5482,252.289
5483,263.796
5484,258.63
5485,232.689
5486,206.113
5487,159.974
5488,117.187
5489,64.068
5490,18.002
5491,0.045
5492,0
5493,0
5494,0
5495,0
5496,0
5497,0
5498,0
5499,0
5500,5.54
5501,50.703
5502,103.844
5503,150.442
5504,185.408
5505,209.891
5506,233.598
5507,236.704
5508,233.695
5509,217.91
5510,175.513
5511,147.776
5512,109.02
5513,58.698
5514,15.878
5515,0.065
5516,0
5517,0
5518,0
5519,0
5520,0
5521,0
5522,0
5523,0
5524,4.826
5525,43.272
5526,87.348
5527,127.058
5528,157.474
5529,198.606
5530,220.638
5531,247.467
5532,250.078
5533,228.884
5534,206.97
5535,169.669
5536,114.787
5537,64.483
5538,16.58
5539,0.022
5540,0
5541,0
5542,0
5543,0
5544,0
5545,0
5546,0
5547,0
5548,4.658
5549,47.485
5550,94.714
5551,145.202
5552,181.39
5553,200.028
5554,244.336
5555,253.158
5556,266.295
5557,246.76
5558,200.671
5559,158.361
5560,110.275
5561,57.038
5562,13.217
5563,0.011
5564,0
5565,0
5566,0
5567,0
5568,0
5569,0
5570,0
5571,0
5572,4.765
5573,46.117
5574,104.814
5575,149.944
5576,196.209
5577,219.719
5578,246.804
5579,254.035
5580,235.777
5581,230.662
5582,193.879
5583,163.609
5584,111.655
5585,58.112
5586,13.097
5587,0
5588,0
5589,0
5590,0
5591,0
5592,0
5593,0
5594,0
5595,0
5596,4.513
5597,42.96
5598,96.303
5599,141.271
5600,176.39
5601,220.989
5602,247.87
5603,272.111
5604,253.449
5605,225.267
5606,202.588
5607,167.08
5608,108.256
5609,57.318
5610,11.321
5611,0
5612,0
5613,0
5614,0
5615,0
5616,0
5617,0
5618,0
5619,0
5620,3.294
5621,39.134
5622,94.249
5623,145.75
5624,189.325
5625,216.558
5626,230.235
5627,236.103
5628,230.639
5629,211.108
5630,185.665
5631,150.215
5632,104.241
5633,57.765
5634,11.214
5635,0
5636,0
5637,0
5638,0
5639,0
5640,0
5641,0
5642,0
5643,0
5644,3.389
5645,41.47
5646,93.545
5647,142.517
5648,177.943
5649,212.747
5650,224.348
5651,239.263
5652,240.218
5653,240.814
5654,183.425
5655,151.675
5656,109.596
5657,54.604
5658,9.939
5659,0
5660,0
5661,0
5662,0
5663,0
5664,0
5665,0
5666,0
5667,0
5668,3.118
5669,41.109
5670,95.158
5671,142.382
5672,179.298
5673,213.361
5674,242.91
5675,255.637
5676,237.817
5677,231.89
5678,193.46
5679,147.975
5680,101.939
5681,50.493
5682,7.393
5683,0
5684,0
5685,0
5686,0
5687,0
5688,0
5689,0
5690,0
5691,0
5692,2.602
5693,34.82
5694,85.333
5695,136.54
5696,171.138
5697,218.412
5698,239.987
5699,246.8
5700,249.824
5701,225.255
5702,194.084
5703,135.119
5704,88.683
5705,48.702
5706,5.699
5707,0
5708,0
5709,0
5710,0
5711,0
5712,0
5713,0
5714,0
5715,0
5716,2.046
5717,35.455
5718,86.074
5719,126.278
5720,167.183
5721,193.812
5722,224.281
5723,227.045
5724,233.38
5725,208.684
5726,187.273
5727,146.364
5728,94.545
5729,47.404
5730,5.621
5731,0
5732,0
5733,0
5734,0
5735,0
5736,0
5737,0
5738,0
5739,0
5740,1.419
5741,31.119
5742,83.478
5743,133.347
5744,177.642
5745,202.653
5746,212.535
5747,215.299
5748,211.264
5749,212.778
5750,181.564
5751,138.543
5752,91.295
5753,40.086
5754,5.406
5755,0
5756,0
5757,0
5758,0
5759,0
5760,0
5761,0
5762,0
5763,0
5764,1.568
5765,30.324
5766,80.523
5767,130.543
5768,170.688
5769,212.102
5770,223.79
5771,246.675
5772,249.031
5773,223.619
5774,190.106
5775,138.285
5776,94.926
5777,47.517
5778,5.812
5779,0
5780,0
5781,0
5782,0
5783,0
5784,0
5785,0
5786,0
5787,0
5788,1.18
5789,33.944
5790,84.899
5791,128.507
5792,171.927
5793,205.278
5794,242.928
5795,251.846
5796,252.435
5797,209.9
5798,174.203
5799,136.809
5800,95.542
5801,48.575
5802,4.018
5803,0
5804,0
5805,0
5806,0
5807,0
5808,0
5809,0
5810,0
5811,0
5812,1.069
5813,34.851
5814,84.561
5815,127.915
5816,170.591
5817,198.257
5818,230.312
5819,230.207
5820,225.216
5821,209.92
5822,185.443
5823,142.846
5824,93.512
5825,42.612
5826,3.53
5827,0
5828,0
5829,0
5830,0
5831,0
5832,0
5833,0
5834,0
5835,0
5836,0.729
5837,33.973
5838,88.296
5839,130.506
5840,173.505
5841,200.117
5842,229.116
5843,231.528
5844,230.626
5845,209.528
5846,174.357
5847,133.086
5848,88.394
5849,42.415
5850,3.42
5851,0
5852,0
5853,0
5854,0
5855,0
5856,0
5857,0
5858,0
5859,0
5860,0.701
5861,28.051
5862,78.535
5863,128.586
5864,171.871
5865,207.098
5866,247.73
5867,253.526
5868,235.949
5869,213.586
5870,175.52
5871,131.149
5872,83.482
5873,33.914
5874,2.508
5875,0
5876,0
5877,0
5878,0
5879,0
5880,0
5881,0
5882,0
5883,0
5884,0.705
5885,26.342
5886,76.921
5887,122.19
5888,157.377
5889,189.321
5890,200.994
5891,209.372
5892,215.876
5893,192.122
5894,165.611
5895,116.933
5896,86.409
5897,35.186
5898,2.186
5899,0
5900,0
5901,0
5902,0
5903,0
5904,0
5905,0
5906,0
5907,0
5908,0.272
5909,26.911
5910,74.913
5911,120.159
5912,157.128
5913,200.527
5914,193.352
5915,206.088
5916,230.596
5917,206.852
5918,172.54
5919,129.399
5920,88.022
5921,35.884
5922,1.531
5923,0
5924,0
5925,0
5926,0
5927,0
5928,0
5929,0
5930,0
5931,0
5932,0.188
5933,27.557
5934,79.163
5935,122.547
5936,170.761
5937,192.136
5938,221.037
5939,240.509
5940,227.286
5941,214.972
5942,172.4
5943,128.931
5944,89.982
5945,37.894
5946,0.961
5947,0
5948,0
5949,0
5950,0
5951,0
5952,0
5953,0
5954,0
5955,0
5956,0.114
5957,27.851
5958,84.619
5959,129.546
5960,165.436
5961,194.32
5962,213.741
5963,208.962
5964,204.331
5965,182.546
5966,156.801
5967,128.087
5968,85.759
5969,32.897
5970,0.721
5971,0
5972,0
5973,0
5974,0
5975,0
5976,0
5977,0
5978,0
5979,0
5980,0.156
5981,22.658
5982,77.032
5983,126.957
5984,171.326
5985,199.136
5986,213.461
5987,219.779
5988,235.938
5989,197.833
5990,151.83
5991,121.519
5992,80.048
5993,25.462
5994,0.368
5995,0
5996,0
5997,0
5998,0
5999,0
6000,0
6001,0
6002,0
6003,0
6004,0.086
6005,19.753
6006,61.865
6007,120.436
6008,168.919
6009,188.503
6010,219.379
6011,221.214
6012,225.972
6013,197.231
6014,160.133
6015,122.661
6016,75.394
6017,28.107
6018,0.136
6019,0
6020,0
6021,0
6022,0
6023,0
6024,0
6025,0
6026,0
6027,0
6028,0.057
6029,17.654
6030,65.078
6031,101.883
6032,133.841
6033,166.175
6034,188.441
6035,209.318
6036,199.786
6037,182.383
6038,151.768
6039,119.684
6040,76.752
6041,25.9
6042,0.188
6043,0
6044,0
6045,0
6046,0
6047,0
6048,0
6049,0
6050,0
6051,0
6052,0.05
6053,20.269
6054,72.014
6055,114.703
6056,149.178
6057,195.919
6058,200.358
6059,218.615
6060,210.363
6061,183.804
6062,144.651
6063,121.087
6064,74.443
6065,22.417
6066,0.317
6067,0
6068,0
6069,0
6070,0
6071,0
6072,0
6073,0
6074,0
6075,0
6076,0.028
6077,15.903
6078,60.166
6079,110.965
6080,152.691
6081,197.966
6082,224.092
6083,225.14
6084,217.71
6085,190.958
6086,152.28
6087,116.898
6088,74.895
6089,20.163
6090,0.091
6091,0
6092,0
6093,0
6094,0
6095,0
6096,0
6097,0
6098,0
6099,0
6100,0.028
6101,16.332
6102,70.516
6103,116.883
6104,155.382
6105,188.014
6106,200.254
6107,210.833
6108,201.029
6109,184.805
6110,159.539
6111,112.884
6112,66.657
6113,18.947
6114,0.09
6115,0
6116,0
6117,0
6118,0
6119,0
6120,0
6121,0
6122,0
6123,0
6124,0.032
6125,16.924
6126,66.499
6127,115.579
6128,158.8
6129,189.788
6130,209.606
6131,210.044
6132,194.548
6133,182.597
6134,153.61
6135,107.722
6136,66.074
6137,19.769
6138,0.019
6139,0
6140,0
6141,0
6142,0
6143,0
6144,0
6145,0
6146,0
6147,0
6148,0.01
6149,14.849
6150,62.657
6151,112.569
6152,156.659
6153,192.058
6154,212.376
6155,213.966
6156,213.913
6157,183.187
6158,135.284
6159,108.002
6160,68.113
6161,17.757
6162,0.006
6163,0
6164,0
6165,0
6166,0
6167,0
6168,0
6169,0
6170,0
6171,0
6172,0.009
6173,13.554
6174,58.132
6175,101.042
6176,141.902
6177,158.612
6178,184.303
6179,191.654
6180,189.099
6181,177.23
6182,133.94
6183,103.689
6184,59.409
6185,13.832
6186,0.006
6187,0
6188,0
6189,0
6190,0
6191,0
6192,0
6193,0
6194,0
6195,0
6196,0
6197,14.222
6198,60.698
6199,105.02
6200,141.319
6201,174.026
6202,200.402
6203,213.228
6204,202.708
6205,180.275
6206,157.518
6207,107.665
6208,55.029
6209,11.734
6210,0
6211,0
6212,0
6213,0
6214,0
6215,0
6216,0
6217,0
6218,0
6219,0
6220,0
6221,12.106
6222,57.572
6223,104.486
6224,142.504
6225,184.45
6226,208.842
6227,214.838
6228,206.164
6229,193.694
6230,151.881
6231,107.894
6232,62.255
6233,13.586
6234,0
6235,0
6236,0
6237,0
6238,0
6239,0
6240,0
6241,0
6242,0
6243,0
6244,0
6245,12.845
6246,60.739
6247,107.567
6248,151.451
6249,170.808
6250,204.32
6251,205.265
6252,185.607
6253,162.712
6254,130.612
6255,94.057
6256,52.277
6257,10.04
6258,0
6259,0
6260,0
6261,0
6262,0
6263,0
6264,0
6265,0
6266,0
6267,0
6268,0
6269,10.557
6270,57.024
6271,109.243
6272,149.917
6273,173.689
6274,189.947
6275,208.205
6276,199.012
6277,177.139
6278,153.574
6279,109.925
6280,56.677
6281,10.585
6282,0
6283,0
6284,0
6285,0
6286,0
6287,0
6288,0
6289,0
6290,0
6291,0
6292,0
6293,11.122
6294,62.473
6295,103.343
6296,142.939
6297,175.71
6298,211.714
6299,219.415
6300,195.912
6301,176.655
6302,137.267
6303,104.064
6304,58.28
6305,9.085
6306,0
6307,0
6308,0
6309,0
6310,0
6311,0
6312,0
6313,0
6314,0
6315,0
6316,0
6317,8.459
6318,55.69
6319,104.43
6320,143.908
6321,160.256
6322,186.264
6323,188.481
6324,164.18
6325,154.522
6326,128.889
6327,85.952
6328,48.622
6329,7.407
6330,0
6331,0
6332,0
6333,0
6334,0
6335,0
6336,0
6337,0
6338,0
6339,0
6340,0
6341,8.339
6342,53.535
6343,103.26
6344,148.868
6345,165.981
6346,193.752
6347,205.412
6348,201.087
6349,171.353
6350,146.201
6351,102.047
6352,53.862
6353,6.271
6354,0
6355,0
6356,0
6357,0
6358,0
6359,0
6360,0
6361,0
6362,0
6363,0
6364,0
6365,7.789
6366,54.998
6367,106.003
6368,146.32
6369,172.929
6370,180.964
6371,172.043
6372,180.413
6373,155.679
6374,134.803
6375,95.348
6376,46.817
6377,5.35
6378,0
6379,0
6380,0
6381,0
6382,0
6383,0
6384,0
6385,0
6386,0
6387,0
6388,0
6389,6.041
6390,47.85
6391,98.386
6392,132.839
6393,176.933
6394,200.489
6395,208.592
6396,188.258
6397,170.907
6398,139.719
6399,90.909
6400,41.272
6401,4.032
6402,0
6403,0
6404,0
6405,0
6406,0
6407,0
6408,0
6409,0
6410,0
6411,0
6412,0
6413,5.305
6414,45.847
6415,92.066
6416,132.296
6417,157.734
6418,193.563
6419,201.249
6420,171.94
6421,159.683
6422,131.238
6423,86.1
6424,42.257
6425,3.912
6426,0
6427,0
6428,0
6429,0
6430,0
6431,0
6432,0
6433,0
6434,0
6435,0
6436,0
6437,5.706
6438,50.69
6439,95.847
6440,129.105
6441,164.626
6442,193.601
6443,197.774
6444,194.572
6445,160.58
6446,130.36
6447,84.099
6448,40.348
6449,2.949
6450,0
6451,0
6452,0
6453,0
6454,0
6455,0
6456,0
6457,0
6458,0
6459,0
6460,0
6461,4.222
6462,39.488
6463,84.3
6464,123.428
6465,149.263
6466,170.192
6467,195.888
6468,175.982
6469,159.311
6470,132.46
6471,85.249
6472,35.973
6473,2.68
6474,0
6475,0
6476,0
6477,0
6478,0
6479,0
6480,0
6481,0
6482,0
6483,0
6484,0
6485,4.372
6486,39.93
6487,90.245
6488,131.481
6489,155.968
6490,177.522
6491,186.83
6492,165.585
6493,143.425
6494,119.883
6495,84.393
6496,36.222
6497,1.826
6498,0
6499,0
6500,0
6501,0
6502,0
6503,0
6504,0
6505,0
6506,0
6507,0
6508,0
6509,3.104
6510,40.26
6511,94.356
6512,133.31
6513,163.904
6514,192.471
6515,189.21
6516,174.873
6517,150.224
6518,116.448
6519,83.117
6520,35.516
6521,1.6
6522,0
6523,0
6524,0
6525,0
6526,0
6527,0
6528,0
6529,0
6530,0
6531,0
6532,0
6533,2.641
6534,33.478
6535,79.281
6536,121.475
6537,157.871
6538,169.306
6539,169.336
6540,163.543
6541,144.47
6542,110.6
6543,72.614
6544,30.851
6545,1.396
6546,0
6547,0
6548,0
6549,0
6550,0
6551,0
6552,0
6553,0
6554,0
6555,0
6556,0
6557,2.835
6558,39.983
6559,92.102
6560,133.067
6561,155.907
6562,170.625
6563,185.184
6564,183.67
6565,135.779
6566,116.473
6567,76.13
6568,30.077
6569,0.481
6570,0
6571,0
6572,0
6573,0
6574,0
6575,0
6576,0
6577,0
6578,0
6579,0
6580,0
6581,1.569
6582,30.923
6583,78.288
6584,117.346
6585,153.297
6586,167.59
6587,163.478
6588,163.43
6589,143.496
6590,102.64
6591,70.097
6592,25.412
6593,0.44
6594,0
6595,0
6596,0
6597,0
6598,0
6599,0
6600,0
6601,0
6602,0
6603,0
6604,0
6605,1.554
6606,33.06
6607,81.397
6608,117.362
6609,144.03
6610,176.392
6611,176.227
6612,165.09
6613,151.173
6614,110.773
6615,68.525
6616,26.043
6617,0.679
6618,0
6619,0
6620,0
6621,0
6622,0
6623,0
6624,0
6625,0
6626,0
6627,0
6628,0
6629,1.384
6630,28.749
6631,70.619
6632,112.538
6633,146.827
6634,170.814
6635,182.01
6636,158.63
6637,129.702
6638,98.266
6639,65.865
6640,22.711
6641,0.379
6642,0
6643,0
6644,0
6645,0
6646,0
6647,0
6648,0
6649,0
6650,0
6651,0
6652,0
6653,0.966
6654,29.42
6655,76.183
6656,118.881
6657,156.984
6658,181.141
6659,183.621
6660,182.542
6661,151.36
6662,114.259
6663,76.166
6664,24.787
6665,0.186
6666,0
6667,0
6668,0
6669,0
6670,0
6671,0
6672,0
6673,0
6674,0
6675,0
6676,0
6677,0.661
6678,25.645
6679,72.164
6680,112.458
6681,131.925
6682,159.622
6683,174.223
6684,162.994
6685,132.835
6686,101.52
6687,59.962
6688,19.186
6689,0.272
6690,0
6691,0
6692,0
6693,0
6694,0
6695,0
6696,0
6697,0
6698,0
6699,0
6700,0
6701,0.677
6702,26.394
6703,67.034
6704,101.803
6705,133.902
6706,162.665
6707,169.51
6708,159.067
6709,132.375
6710,102.182
6711,70.055
6712,19.54
6713,0.053
6714,0
6715,0
6716,0
6717,0
6718,0
6719,0
6720,0
6721,0
6722,0
6723,0
6724,0
6725,0.329
6726,27.902
6727,70.442
6728,113.945
6729,151.922
6730,173.305
6731,180.373
6732,165.26
6733,127.969
6734,103.645
6735,62.032
6736,19.117
6737,0.076
6738,0
6739,0
6740,0
6741,0
6742,0
6743,0
6744,0
6745,0
6746,0
6747,0
6748,0
6749,0.147
6750,25.772
6751,72.092
6752,115.068
6753,140.132
6754,149.779
6755,160.194
6756,144.827
6757,120.868
6758,95.102
6759,57.469
6760,15.913
6761,0.043
6762,0
6763,0
6764,0
6765,0
6766,0
6767,0
6768,0
6769,0
6770,0
6771,0
6772,0
6773,0.26
6774,25.381
6775,73.84
6776,115.079
6777,143.128
6778,165.466
6779,170.97
6780,153.331
6781,132.19
6782,96.534
6783,59.88
6784,14.881
6785,0.006
6786,0
6787,0
6788,0
6789,0
6790,0
6791,0
6792,0
6793,0
6794,0
6795,0
6796,0
6797,0.175
6798,24.468
6799,75.442
6800,112.049
6801,138.993
6802,160.493
6803,168.912
6804,155.462
6805,133.862
6806,101.211
6807,60.512
6808,13.969
6809,0.006
6810,0
6811,0
6812,0
6813,0
6814,0
6815,0
6816,0
6817,0
6818,0
6819,0
6820,0
6821,0.229
6822,22.814
6823,63.48
6824,99.215
6825,117.54
6826,132.54
6827,144.72
6828,135.393
6829,122.284
6830,92.266
6831,55.598
6832,13.039
6833,0
6834,0
6835,0
6836,0
6837,0
6838,0
6839,0
6840,0
6841,0
6842,0
6843,0
6844,0
6845,0.187
6846,18.648
6847,61.995
6848,99.323
6849,136.547
6850,152.052
6851,159.541
6852,159.06
6853,125.562
6854,92.277
6855,51.852
6856,10.582
6857,0
6858,0
6859,0
6860,0
6861,0
6862,0
6863,0
6864,0
6865,0
6866,0
6867,0
6868,0
6869,0.076
6870,19.398
6871,64.249
6872,103.297
6873,133.088
6874,139.687
6875,152.266
6876,147.44
6877,123.071
6878,91.977
6879,51.787
6880,11.148
6881,0
6882,0
6883,0
6884,0
6885,0
6886,0
6887,0
6888,0
6889,0
6890,0
6891,0
6892,0
6893,0.076
6894,15.874
6895,56.593
6896,104.64
6897,133.425
6898,148.763
6899,151.095
6900,136.233
6901,120.689
6902,90.831
6903,51.114
6904,8.992
6905,0
6906,0
6907,0
6908,0
6909,0
6910,0
6911,0
6912,0
6913,0
6914,0
6915,0
6916,0
6917,0.033
6918,16.076
6919,58.342
6920,98.606
6921,128.191
6922,137.832
6923,141.002
6924,120.661
6925,109.452
6926,89.564
6927,46.964
6928,8.535
6929,0
6930,0
6931,0
6932,0
6933,0
6934,0
6935,0
6936,0
6937,0
6938,0
6939,0
6940,0
6941,0.037
6942,17.575
6943,59.766
6944,93.169
6945,122.685
6946,150.088
6947,147.555
6948,135.328
6949,119.251
6950,88.48
6951,50.205
6952,7.363
6953,0
6954,0
6955,0
6956,0
6957,0
6958,0
6959,0
6960,0
6961,0
6962,0
6963,0
6964,0
6965,0.015
6966,17.681
6967,64.779
6968,98.683
6969,121.153
6970,136.056
6971,138.608
6972,132.497
6973,120.473
6974,93.897
6975,52.106
6976,8.013
6977,0
6978,0
6979,0
6980,0
6981,0
6982,0
6983,0
6984,0
6985,0
6986,0
6987,0
6988,0
6989,0.028
6990,16.408
6991,59.98
6992,97.022
6993,125.62
6994,143.19
6995,149.288
6996,139.71
6997,110.36
6998,86.356
6999,44.888
7000,7.181
7001,0
7002,0
7003,0
7004,0
7005,0
7006,0
7007,0
7008,0
7009,0
7010,0
7011,0
7012,0
7013,0.056
7014,13.598
7015,58.372
7016,95.43
7017,125.092
7018,142.543
7019,146.873
7020,142.928
7021,111.528
7022,85.663
7023,42.973
7024,5.309
7025,0
7026,0
7027,0
7028,0
7029,0
7030,0
7031,0
7032,0
7033,0
7034,0
7035,0
7036,0
7037,0
7038,12.271
7039,55.776
7040,88.672
7041,114.423
7042,116.516
7043,139.683
7044,120.903
7045,107.438
7046,84.303
7047,40.431
7048,3.51
7049,0
7050,0
7051,0
7052,0
7053,0
7054,0
7055,0
7056,0
7057,0
7058,0
7059,0
7060,0
7061,0
7062,9.164
7063,46.714
7064,84.189
7065,118.071
7066,134.088
7067,139.559
7068,121.998
7069,104.172
7070,77.945
7071,34.132
7072,3.78
7073,0
7074,0
7075,0
7076,0
7077,0
7078,0
7079,0
7080,0
7081,0
7082,0
7083,0
7084,0
7085,0
7086,9.969
7087,54.326
7088,97.467
7089,120.661
7090,142.126
7091,141.872
7092,129.933
7093,109.972
7094,72.174
7095,36.931
7096,3.157
7097,0
7098,0
7099,0
7100,0
7101,0
7102,0
7103,0
7104,0
7105,0
7106,0
7107,0
7108,0
7109,0
7110,8.706
7111,45.161
7112,85.46
7113,111.627
7114,133.043
7115,135.633
7116,129.307
7117,110.268
7118,73.355
7119,35.686
7120,2.166
7121,0
7122,0
7123,0
7124,0
7125,0
7126,0
7127,0
7128,0
7129,0
7130,0
7131,0
7132,0
7133,0
7134,6.718
7135,44.395
7136,83.957
7137,111.98
7138,117.48
7139,127.537
7140,119.901
7141,99.419
7142,70.184
7143,30.718
7144,1.445
7145,0
7146,0
7147,0
7148,0
7149,0
7150,0
7151,0
7152,0
7153,0
7154,0
7155,0
7156,0
7157,0
7158,5.957
7159,41.497
7160,80.334
7161,111.817
7162,123.937
7163,122.819
7164,114.515
7165,97.392
7166,61.348
7167,29.201
7168,1.531
7169,0
7170,0
7171,0
7172,0
7173,0
7174,0
7175,0
7176,0
7177,0
7178,0
7179,0
7180,0
7181,0
7182,5.835
7183,45.534
7184,87.792
7185,119.48
7186,128.697
7187,145.551
7188,128.97
7189,100.782
7190,71.905
7191,27.725
7192,1.135
7193,0
7194,0
7195,0
7196,0
7197,0
7198,0
7199,0
7200,0
7201,0
7202,0
7203,0
7204,0
7205,0
7206,4.866
7207,39.141
7208,79.005
7209,103.798
7210,117.682
7211,117.984
7212,111.636
7213,89.236
7214,62.458
7215,26.996
7216,0.764
7217,0
7218,0
7219,0
7220,0
7221,0
7222,0
7223,0
7224,0
7225,0
7226,0
7227,0
7228,0
7229,0
7230,4.458
7231,37.504
7232,74.641
7233,105.607
7234,122.491
7235,128.311
7236,119.744
7237,96.949
7238,66.04
7239,27.022
7240,0.733
7241,0
7242,0
7243,0
7244,0
7245,0
7246,0
7247,0
7248,0
7249,0
7250,0
7251,0
7252,0
7253,0
7254,4.267
7255,40.572
7256,78.371
7257,103.36
7258,118.895
7259,123.351
7260,117.623
7261,98.694
7262,62.977
7263,24.207
7264,0.56
7265,0
7266,0
7267,0
7268,0
7269,0
7270,0
7271,0
7272,0
7273,0
7274,0
7275,0
7276,0
7277,0
7278,3.888
7279,34.318
7280,75.101
7281,102.194
7282,117.054
7283,119.213
7284,115.883
7285,99.468
7286,66.315
7287,21.678
7288,0.278
7289,0
7290,0
7291,0
7292,0
7293,0
7294,0
7295,0
7296,0
7297,0
7298,0
7299,0
7300,0
7301,0
7302,3.494
7303,34.606
7304,71.968
7305,103.388
7306,119.627
7307,122.92
7308,114.6
7309,93.067
7310,58.804
7311,21.926
7312,0.179
7313,0
7314,0
7315,0
7316,0
7317,0
7318,0
7319,0
7320,0
7321,0
7322,0
7323,0
7324,0
7325,0
7326,2.169
7327,30.573
7328,67.955
7329,93.625
7330,114.388
7331,109.197
7332,97.524
7333,74.804
7334,49.279
7335,15.964
7336,0.086
7337,0
7338,0
7339,0
7340,0
7341,0
7342,0
7343,0
7344,0
7345,0
7346,0
7347,0
7348,0
7349,0
7350,2.518
7351,30.684
7352,69.325
7353,90.887
7354,109.701
7355,120.736
7356,105.079
7357,85.625
7358,50.54
7359,16.685
7360,0.226
7361,0
7362,0
7363,0
7364,0
7365,0
7366,0
7367,0
7368,0
7369,0
7370,0
7371,0
7372,0
7373,0
7374,1.697
7375,28.483
7376,71.032
7377,96.752
7378,115.162
7379,117.765
7380,108.718
7381,91.639
7382,55.673
7383,17.72
7384,0.029
7385,0
7386,0
7387,0
7388,0
7389,0
7390,0
7391,0
7392,0
7393,0
7394,0
7395,0
7396,0
7397,0
7398,1.718
7399,31.385
7400,65.685
7401,93.409
7402,102.28
7403,113.131
7404,99.856
7405,79.572
7406,52.806
7407,16.681
7408,0.066
7409,0
7410,0
7411,0
7412,0
7413,0
7414,0
7415,0
7416,0
7417,0
7418,0
7419,0
7420,0
7421,0
7422,1.11
7423,25.931
7424,65.386
7425,95.78
7426,112.199
7427,119.474
7428,109.75
7429,84.23
7430,52.301
7431,14.237
7432,0.061
7433,0
7434,0
7435,0
7436,0
7437,0
7438,0
7439,0
7440,0
7441,0
7442,0
7443,0
7444,0
7445,0
7446,1.224
7447,25.047
7448,59.935
7449,88.3
7450,118.12
7451,116.671
7452,114.176
7453,83.913
7454,54.002
7455,15.397
7456,0.034
7457,0
7458,0
7459,0
7460,0
7461,0
7462,0
7463,0
7464,0
7465,0
7466,0
7467,0
7468,0
7469,0
7470,0.473
7471,20.742
7472,52.675
7473,79.559
7474,92.371
7475,94.779
7476,89.322
7477,69.907
7478,46.653
7479,10.22
7480,0.015
7481,0
7482,0
7483,0
7484,0
7485,0
7486,0
7487,0
7488,0
7489,0
7490,0
7491,0
7492,0
7493,0
7494,0.713
7495,24.362
7496,66.013
7497,90.203
7498,101.979
7499,112.719
7500,97.146
7501,74.325
7502,47.734
7503,11.359
7504,0.024
7505,0
7506,0
7507,0
7508,0
7509,0
7510,0
7511,0
7512,0
7513,0
7514,0
7515,0
7516,0
7517,0
7518,0.65
7519,21.785
7520,64.371
7521,92.705
7522,109.983
7523,109.09
7524,101.01
7525,80.456
7526,49.555
7527,11.859
7528,0.02
7529,0
7530,0
7531,0
7532,0
7533,0
7534,0
7535,0
7536,0
7537,0
7538,0
7539,0
7540,0
7541,0
7542,0.477
7543,18.888
7544,52.215
7545,74.234
7546,91.282
7547,96.007
7548,87.415
7549,59.887
7550,36.642
7551,7.517
7552,0
7553,0
7554,0
7555,0
7556,0
7557,0
7558,0
7559,0
7560,0
7561,0
7562,0
7563,0
7564,0
7565,0
7566,0.25
7567,16.672
7568,50.894
7569,81.989
7570,98.582
7571,101.914
7572,91.102
7573,69.125
7574,38.904
7575,8.144
7576,0
7577,0
7578,0
7579,0
7580,0
7581,0
7582,0
7583,0
7584,0
7585,0
7586,0
7587,0
7588,0
7589,0
7590,0.168
7591,18.084
7592,56.033
7593,81.518
7594,101.573
7595,107.298
7596,99.607
7597,76.73
7598,42.692
7599,8.229
7600,0
7601,0
7602,0
7603,0
7604,0
7605,0
7606,0
7607,0
7608,0
7609,0
7610,0
7611,0
7612,0
7613,0
7614,0.183
7615,16.301
7616,50.81
7617,77.681
7618,91.9
7619,95.175
7620,91.153
7621,71.024
7622,42.265
7623,7.39
7624,0
7625,0
7626,0
7627,0
7628,0
7629,0
7630,0
7631,0
7632,0
7633,0
7634,0
7635,0
7636,0
7637,0
7638,0.188
7639,14.203
7640,45.649
7641,71.729
7642,93.986
7643,91.927
7644,84.161
7645,67.62
7646,38.105
7647,5.659
7648,0
7649,0
7650,0
7651,0
7652,0
7653,0
7654,0
7655,0
7656,0
7657,0
7658,0
7659,0
7660,0
7661,0
7662,0.149
7663,13.339
7664,44.056
7665,63.822
7666,76.876
7667,81.692
7668,75.524
7669,62.17
7670,33.789
7671,5.837
7672,0
7673,0
7674,0
7675,0
7676,0
7677,0
7678,0
7679,0
7680,0
7681,0
7682,0
7683,0
7684,0
7685,0
7686,0.034
7687,12.991
7688,44.327
7689,75.39
7690,90.376
7691,97.865
7692,88.793
7693,68.252
7694,36.661
7695,5.159
7696,0
7697,0
7698,0
7699,0
7700,0
7701,0
7702,0
7703,0
7704,0
7705,0
7706,0
7707,0
7708,0
7709,0
7710,0.024
7711,12.474
7712,44.928
7713,73.723
7714,97.505
7715,108.361
7716,92.002
7717,73.394
7718,38.472
7719,6.109
7720,0
7721,0
7722,0
7723,0
7724,0
7725,0
7726,0
7727,0
7728,0
7729,0
7730,0
7731,0
7732,0
7733,0
7734,0.024
7735,12.08
7736,37.955
7737,64.236
7738,77.006
7739,79.787
7740,69.5
7741,55.251
7742,34.507
7743,4.846
7744,0
7745,0
7746,0
7747,0
7748,0
7749,0
7750,0
7751,0
7752,0
7753,0
7754,0
7755,0
7756,0
7757,0
7758,0.024
7759,9.881
7760,40.019
7761,68.029
7762,86.557
7763,97.375
7764,89.133
7765,65.598
7766,36.631
7767,5.326
7768,0
7769,0
7770,0
7771,0
7772,0
7773,0
7774,0
7775,0
7776,0
7777,0
7778,0
7779,0
7780,0
7781,0
7782,0.02
7783,9.058
7784,36.472
7785,70.161
7786,83.926
7787,87.055
7788,78.217
7789,52.989
7790,27.439
7791,3.868
7792,0
7793,0
7794,0
7795,0
7796,0
7797,0
7798,0
7799,0
7800,0
7801,0
7802,0
7803,0
7804,0
7805,0
7806,0.015
7807,9.943
7808,41.042
7809,72.428
7810,87.413
7811,95.344
7812,88.156
7813,67.381
7814,34.67
7815,4.493
7816,0
7817,0
7818,0
7819,0
7820,0
7821,0
7822,0
7823,0
7824,0
7825,0
7826,0
7827,0
7828,0
7829,0
7830,0.025
7831,9.172
7832,44.523
7833,75.88
7834,95.569
7835,95.365
7836,82.12
7837,65.185
7838,35.185
7839,4.866
7840,0
7841,0
7842,0
7843,0
7844,0
7845,0
7846,0
7847,0
7848,0
7849,0
7850,0
7851,0
7852,0
7853,0
7854,0
7855,8.21
7856,36.146
7857,59.258
7858,77.503
7859,83.287
7860,76.751
7861,61.754
7862,31.537
7863,3.961
7864,0
7865,0
7866,0
7867,0
7868,0
7869,0
7870,0
7871,0
7872,0
7873,0
7874,0
7875,0
7876,0
7877,0
7878,0.006
7879,6.061
7880,32.501
7881,63.136
7882,82.85
7883,87.613
7884,78.463
7885,59.198
7886,28.22
7887,3.112
7888,0
7889,0
7890,0
7891,0
7892,0
7893,0
7894,0
7895,0
7896,0
7897,0
7898,0
7899,0
7900,0
7901,0
7902,0.006
7903,6.879
7904,36.731
7905,63.523
7906,81.113
7907,86.757
7908,75.858
7909,57.275
7910,31.261
7911,3.843
7912,0
7913,0
7914,0
7915,0
7916,0
7917,0
7918,0
7919,0
7920,0
7921,0
7922,0
7923,0
7924,0
7925,0
7926,0
7927,5.937
7928,36.298
7929,66.619
7930,83.863
7931,91.78
7932,84.082
7933,60.358
7934,26.73
7935,2.164
7936,0
7937,0
7938,0
7939,0
7940,0
7941,0
7942,0
7943,0
7944,0
7945,0
7946,0
7947,0
7948,0
7949,0
7950,0
7951,4.593
7952,28.803
7953,58.794
7954,79.201
7955,81.105
7956,73.639
7957,52.62
7958,27.433
7959,2.474
7960,0
7961,0
7962,0
7963,0
7964,0
7965,0
7966,0
7967,0
7968,0
7969,0
7970,0
7971,0
7972,0
7973,0
7974,0
7975,5.076
7976,33.896
7977,60.773
7978,78.167
7979,88.719
7980,81.322
7981,57.437
7982,25.512
7983,2.092
7984,0
7985,0
7986,0
7987,0
7988,0
7989,0
7990,0
7991,0
7992,0
7993,0
7994,0
7995,0
7996,0
7997,0
7998,0.017
7999,3.865
8000,26.516
8001,52.175
8002,67.37
8003,73.045
8004,63.137
8005,48.645
8006,22.363
8007,2.278
8008,0.034
8009,0.034
8010,0.018
8011,0.011
8012,0.014
8013,0.011
8014,0.014
8015,0
8016,0
8017,0
8018,0
8019,0
8020,0
8021,0
8022,0
8023,4.012
8024,28.138
8025,51.801
8026,70.332
8027,73.328
8028,63.241
8029,48.22
8030,22.4
8031,2.182
8032,0
8033,0
8034,0
8035,0
8036,0
8037,0.014
8038,0.029
8039,0
8040,0
8041,0
8042,0.011
8043,0.006
8044,0.017
8045,0.023
8046,0.033
8047,3.609
8048,32.766
8049,63.491
8050,83.739
8051,88.056
8052,78.019
8053,58.29
8054,25.274
8055,2.352
8056,0
8057,0
8058,0
8059,0
8060,0
8061,0
8062,0
8063,0
8064,0.028
8065,0.023
8066,0.011
8067,0.028
8068,0.023
8069,0.033
8070,0.033
8071,4.006
8072,29.974
8073,58.341
8074,76.035
8075,78.237
8076,69.77
8077,50.621
8078,22.451
8079,1.732
8080,0.033
8081,0.033
8082,0.033
8083,0.033
8084,0.033
8085,0.033
8086,0.033
8087,0.017
8088,0.017
8089,0.033
8090,0.006
8091,0
8092,0
8093,0.028
8094,0.033
8095,2.984
8096,24.867
8097,52.851
8098,70.125
8099,68.517
8100,64.947
8101,46.413
8102,21.916
8103,1.476
8104,0
8105,0
8106,0
8107,0
8108,0
8109,0
8110,0
8111,0
8112,0
8113,0
8114,0
8115,0
8116,0
8117,0
8118,0
8119,2.735
8120,26.565
8121,54.789
8122,71.103
8123,73.303
8124,60.995
8125,45.009
8126,21.785
8127,2.168
8128,0
8129,0
8130,0
8131,0
8132,0
8133,0
8134,0
8135,0
8136,0
8137,0
8138,0
8139,0
8140,0
8141,0
8142,0
8143,2.408
8144,24.348
8145,49.157
8146,67.726
8147,79.211
8148,65.304
8149,49.239
8150,19.105
8151,1.384
8152,0
8153,0
8154,0
8155,0
8156,0
8157,0
8158,0
8159,0
8160,0
8161,0
8162,0
8163,0
8164,0
8165,0
8166,0
8167,2.09
8168,24.762
8169,47.149
8170,67.026
8171,68.532
8172,62.856
8173,45.345
8174,18.525
8175,1.75
8176,0
8177,0
8178,0
8179,0
8180,0
8181,0
8182,0
8183,0
8184,0
8185,0
8186,0
8187,0
8188,0
8189,0
8190,0
8191,2.214
8192,22.796
8193,45.052
8194,62.788
8195,67.326
8196,59.613
8197,46.521
8198,21.342
8199,1.368
8200,0
8201,0
8202,0
8203,0
8204,0
8205,0
8206,0
8207,0
8208,0
8209,0
8210,0
8211,0
8212,0
8213,0
8214,0
8215,1.821
8216,21.897
8217,47.595
8218,67.159
8219,76.995
8220,70.142
8221,46.758
8222,23.224
8223,1.65
8224,0
8225,0.011
8226,0.017
8227,0
8228,0
8229,0
8230,0
8231,0
8232,0
8233,0
8234,0
8235,0
8236,0
8237,0
8238,0
8239,1.978
8240,23.313
8241,49.044
8242,72.431
8243,77.445
8244,69.221
8245,50.828
8246,21.343
8247,1.339
8248,0
8249,0
8250,0
8251,0
8252,0
8253,0
8254,0.011
8255,0.006
8256,0
8257,0
8258,0
8259,0
8260,0
8261,0
8262,0
8263,1.82
8264,23.276
8265,46.494
8266,61.156
8267,63.801
8268,60.687
8269,45.002
8270,20.588
8271,1.285
8272,0.048
8273,0.04
8274,0.031
8275,0.023
8276,0.028
8277,0.028
8278,0
8279,0.017
8280,0
8281,0
8282,0.006
8283,0
8284,0
8285,0
8286,0
8287,0.979
8288,16.908
8289,39.163
8290,55.187
8291,63.238
8292,58.352
8293,43.014
8294,19.388
8295,1.473
8296,0.028
8297,0.006
8298,0.011
8299,0.017
8300,0
8301,0
8302,0
8303,0.011
8304,0.033
8305,0.006
8306,0
8307,0
8308,0
8309,0
8310,0
8311,1.601
8312,19.159
8313,43.872
8314,64.516
8315,70.732
8316,64.806
8317,47.795
8318,20.488
8319,1.218
8320,0
8321,0
8322,0
8323,0
8324,0.006
8325,0
8326,0
8327,0
8328,0
8329,0
8330,0
8331,0
8332,0
8333,0
8334,0
8335,1.012
8336,20.72
8337,41.529
8338,60.539
8339,73.198
8340,69.261
8341,49.627
8342,20.146
8343,1.287
8344,0
8345,0.006
8346,0
8347,0
8348,0
8349,0
8350,0
8351,0
8352,0
8353,0
8354,0
8355,0
8356,0
8357,0
8358,0
8359,1.112
8360,20.14
8361,48.943
8362,72.029
8363,81.222
8364,78.296
8365,55.348
8366,24.496
8367,1.606
8368,0
8369,0
8370,0
8371,0
8372,0
8373,0
8374,0
8375,0
8376,0
8377,0
8378,0
8379,0
8380,0
8381,0
8382,0
8383,0.801
8384,18.446
8385,44.243
8386,59.724
8387,65.883
8388,65.622
8389,47.768
8390,21.565
8391,1.475
8392,0
8393,0
8394,0
8395,0
8396,0
8397,0.014
8398,0
8399,0.011
8400,0.028
8401,0.006
8402,0
8403,0
8404,0
8405,0
8406,0
8407,0.924
8408,18.906
8409,42.93
8410,61.792
8411,72.244
8412,62.616
8413,48.759
8414,19.991
8415,1.538
8416,0
8417,0
8418,0
8419,0
8420,0
8421,0
8422,0
8423,0
8424,0
8425,0
8426,0
8427,0
8428,0
8429,0
8430,0
8431,0.71
8432,17.649
8433,44.416
8434,60.161
8435,66.562
8436,57.309
8437,44.778
8438,21.823
8439,1.61
8440,0
8441,0
8442,0
8443,0
8444,0
8445,0
8446,0
8447,0.014
8448,0.017
8449,0.033
8450,0.033
8451,0.033
8452,0.033
8453,0.033
8454,0.033
8455,1.043
8456,19.905
8457,45.472
8458,61.541
8459,73.412
8460,66.324
8461,45.605
8462,19.819
8463,1.231
8464,0.033
8465,0.017
8466,0.023
8467,0.023
8468,0.017
8469,0.023
8470,0.033
8471,0.011
8472,0
8473,0.006
8474,0.011
8475,0.006
8476,0.011
8477,0.033
8478,0.033
8479,0.682
8480,17.307
8481,44.257
8482,62.361
8483,66.39
8484,65.035
8485,46.992
8486,20.974
8487,1.758
8488,0
8489,0
8490,0.006
8491,0.022
8492,0.023
8493,0.023
8494,0.011
8495,0.006
8496,0.033
8497,0.033
8498,0.014
8499,0.017
8500,0.033
8501,0.011
8502,0.032
8503,0.571
8504,17.695
8505,42.51
8506,59.099
8507,67.058
8508,62.45
8509,47.843
8510,22.684
8511,1.631
8512,0.033
8513,0.033
8514,0.023
8515,0
8516,0
8517,0
8518,0
8519,0
8520,0.018
8521,0.032
8522,0.033
8523,0.033
8524,0.033
8525,0.023
8526,0.028
8527,0.623
8528,18.044
8529,41.18
8530,61.083
8531,63.502
8532,58.424
8533,41.112
8534,19.648
8535,1.577
8536,0.011
8537,0
8538,0.006
8539,0.028
8540,0.033
8541,0.033
8542,0.033
8543,0.033
8544,0
8545,0
8546,0
8547,0
8548,0
8549,0
8550,0
8551,0.293
8552,15.285
8553,38.642
8554,52.856
8555,62.325
8556,56.355
8557,39.683
8558,19.105
8559,1.23
8560,0.023
8561,0.023
8562,0.028
8563,0.023
8564,0.033
8565,0.033
8566,0.033
8567,0.033
8568,0.033
8569,0.033
8570,0.011
8571,0
8572,0
8573,0
8574,0
8575,0.321
8576,13.635
8577,35.139
8578,50.774
8579,60.642
8580,57.088
8581,45.201
8582,19.804
8583,1.561
8584,0
8585,0
8586,0
8587,0
8588,0
8589,0
8590,0
8591,0
8592,0
8593,0
8594,0
8595,0
8596,0
8597,0
8598,0
8599,0.291
8600,12.786
8601,34.564
8602,51.945
8603,56.395
8604,59.147
8605,43.8
8606,21.865
8607,2.046
8608,0
8609,0
8610,0
8611,0
8612,0
8613,0
8614,0
8615,0
8616,0
8617,0
8618,0
8619,0
8620,0
8621,0
8622,0
8623,0.458
8624,16.198
8625,44.63
8626,59.296
8627,63.436
8628,61.451
8629,48.194
8630,23.449
8631,2.23
8632,0
8633,0
8634,0
8635,0
8636,0
8637,0
8638,0
8639,0
8640,0
8641,0
8642,0
8643,0
8644,0
8645,0
8646,0
8647,0.431
8648,18.212
8649,46.11
8650,65.612
8651,75.741
8652,68.239
8653,53.402
8654,25.029
8655,2.616
8656,0
8657,0
8658,0
8659,0
8660,0
8661,0
8662,0
8663,0
8664,0
8665,0
8666,0
8667,0
8668,0
8669,0
8670,0
8671,0.471
8672,15.585
8673,40.52
8674,56.791
8675,62.407
8676,53.928
8677,37.472
8678,17.446
8679,1.427
8680,0
8681,0
8682,0
8683,0
8684,0
8685,0
8686,0
8687,0
8688,0
8689,0
8690,0
8691,0
8692,0
8693,0
8694,0
8695,0.48
8696,16.744
8697,40.671
8698,65.802
8699,67.019
8700,64.516
8701,49.237
8702,25.476
8703,2.792
8704,0
8705,0
8706,0
8707,0
8708,0
8709,0
8710,0
8711,0
8712,0
8713,0
8714,0
8715,0
8716,0
8717,0
8718,0
8719,0.602
8720,19.75
8721,48.819
8722,70.145
8723,75.364
8724,69.843
8725,54.335
8726,28.018
8727,2.704
8728,0
8729,0
8730,0
8731,0
8732,0
8733,0
8734,0
8735,0
8736,0
8737,0
8738,0
8739,0
8740,0
8741,0
8742,0
8743,0.827
8744,19.263
8745,47.454
8746,70.298
8747,70.363
8748,71.525
8749,51.993
8750,25.073
8751,2.518
8752,0
8753,0
8754,0
8755,0
8756,0
8757,0
8758,0
8759,0
8760,0
8761,0
8762,0
8763,0
8764,0
8765,0
8766,0
8767,0.602
8768,17.193
8769,43.551
8770,62.823
8771,71.417
8772,67.68
8773,50.01
8774,24.64
8775,2.537
8776,0
8777,0
8778,0
8779,0
8780,0
8781,0
8782,0
8783,0
