,G_Bn
0,0
1,0
2,0
3,0
4,0
5,0
6,0
7,0
8,1.722
9,15.036
10,22.362
11,27.767
12,24.453
13,15.455
14,4.34
15,0.067
16,0
17,0
18,0
19,0
20,0
21,0
22,0
23,0
24,0
25,0
26,0
27,0
28,0
29,0
30,0
31,0
32,2.517
33,16.156
34,28.652
35,34.484
36,32.4
37,29.254
38,5.061
39,0.092
40,0
41,0
42,0
43,0
44,0
45,0
46,0
47,0
48,0
49,0
50,0
51,0
52,0
53,0
54,0
55,0.002
56,2.265
57,12.092
58,21.718
59,33.991
60,36.411
61,14.283
62,5.806
63,0.42
64,0
65,0
66,0
67,0
68,0
69,0
70,0
71,0
72,0
73,0
74,0
75,0
76,0
77,0
78,0
79,0
80,0.797
81,10.652
82,23.915
83,26.704
84,19.893
85,18.042
86,4.294
87,0.019
88,0
89,0
90,0
91,0
92,0
93,0
94,0
95,0
96,0
97,0
98,0
99,0
100,0
101,0
102,0
103,0.001
104,2.449
105,19.727
106,34.995
107,41.976
108,41.078
109,23.781
110,4.408
111,0.013
112,0
113,0
114,0
115,0
116,0
117,0
118,0
119,0
120,0
121,0
122,0
123,0
124,0
125,0
126,0
127,0.001
128,3.416
129,24.924
130,41.849
131,43.482
132,43.918
133,29.075
134,8.274
135,0.177
136,0
137,0
138,0
139,0
140,0
141,0
142,0
143,0
144,0
145,0
146,0
147,0
148,0
149,0
150,0
151,0
152,0.609
153,10.455
154,21.962
155,25.063
156,26.99
157,20.514
158,6.249
159,0.154
160,0
161,0
162,0
163,0
164,0
165,0
166,0
167,0
168,0
169,0
170,0
171,0
172,0
173,0
174,0
175,0.004
176,1.122
177,9.115
178,18.435
179,21.74
180,27.617
181,21.705
182,6.955
183,0.242
184,0
185,0
186,0
187,0
188,0
189,0
190,0
191,0
192,0
193,0
194,0
195,0
196,0
197,0
198,0
199,0.001
200,3.075
201,20.98
202,45.442
203,59.457
204,51.515
205,34.167
206,8.183
207,0.292
208,0
209,0
210,0
211,0
212,0
213,0
214,0
215,0
216,0
217,0
218,0
219,0
220,0
221,0
222,0
223,0.002
224,3.667
225,31.208
226,56.682
227,60.006
228,58.965
229,32.775
230,8.114
231,0.189
232,0
233,0
234,0
235,0
236,0
237,0
238,0
239,0
240,0
241,0
242,0
243,0
244,0
245,0
246,0
247,0.009
248,5.414
249,22.818
250,34.972
251,49.896
252,51.87
253,33.081
254,6.945
255,0.254
256,0
257,0
258,0
259,0
260,0
261,0
262,0
263,0
264,0
265,0
266,0
267,0
268,0
269,0
270,0
271,0.001
272,1.065
273,10.293
274,20.797
275,36.679
276,31.274
277,18.244
278,6.487
279,0.235
280,0
281,0
282,0
283,0
284,0
285,0
286,0
287,0
288,0
289,0
290,0
291,0
292,0
293,0
294,0
295,0.003
296,3.752
297,15.331
298,37.832
299,39.248
300,38.534
301,24.956
302,8.321
303,0.664
304,0
305,0
306,0
307,0
308,0
309,0
310,0
311,0
312,0
313,0
314,0
315,0
316,0
317,0
318,0
319,0.019
320,4.347
321,17.926
322,35.876
323,32.296
324,39.483
325,21.033
326,10.518
327,0.852
328,0
329,0
330,0
331,0
332,0
333,0
334,0
335,0
336,0
337,0
338,0
339,0
340,0
341,0
342,0
343,0.003
344,8.956
345,26.909
346,45.364
347,43.346
348,40.286
349,31.475
350,8.743
351,0.468
352,0
353,0
354,0
355,0
356,0
357,0
358,0
359,0
360,0
361,0
362,0
363,0
364,0
365,0
366,0
367,0.009
368,7.095
369,30.398
370,55.398
371,53.776
372,51.831
373,39.946
374,13.496
375,0.742
376,0
377,0
378,0
379,0
380,0
381,0
382,0
383,0
384,0
385,0
386,0
387,0
388,0
389,0
390,0
391,0.007
392,6.843
393,21.617
394,31.989
395,45.03
396,53.03
397,39.862
398,15.565
399,1.333
400,0
401,0
402,0
403,0
404,0
405,0
406,0
407,0
408,0
409,0
410,0
411,0
412,0
413,0
414,0
415,0.003
416,4.886
417,16.261
418,30.036
419,41.492
420,38.229
421,31.467
422,9.377
423,0.446
424,0
425,0
426,0
427,0
428,0
429,0
430,0
431,0
432,0
433,0
434,0
435,0
436,0
437,0
438,0
439,0.003
440,2.257
441,19.973
442,45.391
443,50.029
444,33.209
445,25.419
446,7.723
447,1.109
448,0
449,0
450,0
451,0
452,0
453,0
454,0
455,0
456,0
457,0
458,0
459,0
460,0
461,0
462,0
463,0.01
464,5.796
465,25.774
466,33.807
467,44.741
468,36.819
469,25.408
470,7.496
471,0.88
472,0
473,0
474,0
475,0
476,0
477,0
478,0
479,0
480,0
481,0
482,0
483,0
484,0
485,0
486,0
487,0.01
488,7.248
489,25.943
490,41.396
491,67.233
492,53.233
493,40.49
494,10.57
495,0.433
496,0
497,0
498,0
499,0
500,0
501,0
502,0
503,0
504,0
505,0
506,0
507,0
508,0
509,0
510,0
511,0.008
512,4.786
513,17.506
514,33.155
515,44.589
516,29.13
517,27.133
518,11.581
519,0.619
520,0
521,0
522,0
523,0
524,0
525,0
526,0
527,0
528,0
529,0
530,0
531,0
532,0
533,0
534,0
535,0.006
536,3.072
537,15.541
538,19.481
539,15.958
540,23.99
541,24.884
542,3.97
543,0.507
544,0
545,0
546,0
547,0
548,0
549,0
550,0
551,0
552,0
553,0
554,0
555,0
556,0
557,0
558,0
559,0.003
560,8.349
561,25.403
562,38.133
563,40.205
564,29.103
565,17.763
566,9.398
567,0.537
568,0.001
569,0
570,0
571,0
572,0
573,0
574,0
575,0
576,0
577,0
578,0
579,0
580,0
581,0
582,0
583,0.011
584,7.484
585,36.35
586,56.432
587,81.13
588,62.415
589,39.217
590,16.021
591,1.762
592,0
593,0
594,0
595,0
596,0
597,0
598,0
599,0
600,0
601,0
602,0
603,0
604,0
605,0
606,0
607,0.002
608,12.869
609,32.878
610,51.456
611,69.952
612,55.396
613,38.884
614,16.695
615,0.831
616,0.006
617,0
618,0
619,0
620,0
621,0
622,0
623,0
624,0
625,0
626,0
627,0
628,0
629,0
630,0
631,0.009
632,7.066
633,17.874
634,39.417
635,39.318
636,38.789
637,22.912
638,8.395
639,0.958
640,0.003
641,0
642,0
643,0
644,0
645,0
646,0
647,0
648,0
649,0
650,0
651,0
652,0
653,0
654,0
655,0.125
656,9.132
657,31.489
658,51.273
659,62.491
660,61.583
661,58.339
662,28.279
663,3.822
664,0.002
665,0
666,0
667,0
668,0
669,0
670,0
671,0
672,0
673,0
674,0
675,0
676,0
677,0
678,0
679,0.197
680,7.854
681,31.049
682,48.542
683,60.107
684,50.413
685,44.653
686,21.764
687,3.171
688,0.057
689,0
690,0
691,0
692,0
693,0
694,0
695,0
696,0
697,0
698,0
699,0
700,0
701,0
702,0
703,0.228
704,14.351
705,33.299
706,59.003
707,72.577
708,72.739
709,51.705
710,31.936
711,7.445
712,0.111
713,0
714,0
715,0
716,0
717,0
718,0
719,0
720,0
721,0
722,0
723,0
724,0
725,0
726,0
727,0.32
728,19.181
729,45.052
730,71.548
731,90.784
732,73.931
733,61.406
734,34.473
735,5.12
736,0.013
737,0
738,0
739,0
740,0
741,0
742,0
743,0
744,0
745,0
746,0
747,0
748,0
749,0
750,0
751,0.135
752,6.861
753,28.325
754,28.612
755,39.172
756,29.588
757,26.455
758,16.994
759,3.881
760,0.016
761,0
762,0
763,0
764,0
765,0
766,0
767,0
768,0
769,0
770,0
771,0
772,0
773,0
774,0
775,0.191
776,7.466
777,31.632
778,53.876
779,68.952
780,64.123
781,55.692
782,24.074
783,5.411
784,0.016
785,0
786,0
787,0
788,0
789,0
790,0
791,0
792,0
793,0
794,0
795,0
796,0
797,0
798,0
799,1.221
800,21.238
801,59.08
802,66.298
803,57.566
804,59.955
805,58.624
806,24.262
807,6.097
808,0.028
809,0
810,0
811,0
812,0
813,0
814,0
815,0
816,0
817,0
818,0
819,0
820,0
821,0
822,0
823,0.125
824,10.84
825,28.181
826,42.097
827,53.607
828,50.918
829,37.365
830,23.411
831,7.82
832,0.103
833,0
834,0
835,0
836,0
837,0
838,0
839,0
840,0
841,0
842,0
843,0
844,0
845,0
846,0
847,0.443
848,13.665
849,27.423
850,55.482
851,70.802
852,74.867
853,45.637
854,27.739
855,6.285
856,0.026
857,0
858,0
859,0
860,0
861,0
862,0
863,0
864,0
865,0
866,0
867,0
868,0
869,0
870,0
871,2.16
872,28.499
873,63.988
874,87.876
875,88.658
876,76.781
877,67.303
878,29.662
879,8.16
880,0.078
881,0
882,0
883,0
884,0
885,0
886,0
887,0
888,0
889,0
890,0
891,0
892,0
893,0
894,0
895,1.756
896,25.324
897,63.287
898,85.679
899,95.532
900,73.506
901,64.382
902,38.311
903,9.659
904,0.079
905,0
906,0
907,0
908,0
909,0
910,0
911,0
912,0
913,0
914,0
915,0
916,0
917,0
918,0
919,1.81
920,34.614
921,58.487
922,92.516
923,84.262
924,84.396
925,63.718
926,44.128
927,11.836
928,0.044
929,0
930,0
931,0
932,0
933,0
934,0
935,0
936,0
937,0
938,0
939,0
940,0
941,0
942,0
943,1.929
944,21.463
945,44.231
946,60.561
947,63.712
948,76.122
949,49.004
950,27.747
951,8.458
952,0.177
953,0
954,0
955,0
956,0
957,0
958,0
959,0
960,0
961,0
962,0
963,0
964,0
965,0
966,0
967,1.524
968,19.191
969,47.91
970,72.925
971,73.641
972,73.636
973,58.382
974,37.072
975,12.515
976,0.126
977,0
978,0
979,0
980,0
981,0
982,0
983,0
984,0
985,0
986,0
987,0
988,0
989,0
990,0
991,2.221
992,25.611
993,58.608
994,86.923
995,101.058
996,94.423
997,76.223
998,48.325
999,15.165
1000,0.494
1001,0
1002,0
1003,0
1004,0
1005,0
1006,0
1007,0
1008,0
1009,0
1010,0
1011,0
1012,0
1013,0
1014,0
1015,4.05
1016,33.589
1017,64.201
1018,97.063
1019,96.354
1020,96.599
1021,84.225
1022,41.762
1023,14.759
1024,1.109
1025,0
1026,0
1027,0
1028,0
1029,0
1030,0
1031,0
1032,0
1033,0
1034,0
1035,0
1036,0
1037,0
1038,0
1039,1.994
1040,19.774
1041,43.512
1042,77.791
1043,96.19
1044,122.814
1045,81.413
1046,52.074
1047,22.809
1048,1.098
1049,0
1050,0
1051,0
1052,0
1053,0
1054,0
1055,0
1056,0
1057,0
1058,0
1059,0
1060,0
1061,0
1062,0.001
1063,5.611
1064,38.1
1065,78.213
1066,114.463
1067,114.083
1068,113.26
1069,95.165
1070,68.299
1071,30.66
1072,1.002
1073,0
1074,0
1075,0
1076,0
1077,0
1078,0
1079,0
1080,0
1081,0
1082,0
1083,0
1084,0
1085,0
1086,0
1087,4.91
1088,31.363
1089,74.232
1090,105.89
1091,131.667
1092,120.548
1093,87.952
1094,47.376
1095,22.007
1096,1.35
1097,0
1098,0
1099,0
1100,0
1101,0
1102,0
1103,0
1104,0
1105,0
1106,0
1107,0
1108,0
1109,0
1110,0.001
1111,8.779
1112,48.699
1113,78.394
1114,133.413
1115,129.08
1116,141.61
1117,95.339
1118,58.313
1119,23.365
1120,1.888
1121,0
1122,0
1123,0
1124,0
1125,0
1126,0
1127,0
1128,0
1129,0
1130,0
1131,0
1132,0
1133,0
1134,0.001
1135,5.194
1136,48.45
1137,98.148
1138,101.39
1139,118.872
1140,100.806
1141,75.672
1142,59.56
1143,26.837
1144,2.665
1145,0
1146,0
1147,0
1148,0
1149,0
1150,0
1151,0
1152,0
1153,0
1154,0
1155,0
1156,0
1157,0
1158,0.002
1159,8.08
1160,44.11
1161,82.657
1162,107.49
1163,102.221
1164,106.622
1165,86.749
1166,58.56
1167,22.596
1168,1.768
1169,0
1170,0
1171,0
1172,0
1173,0
1174,0
1175,0
1176,0
1177,0
1178,0
1179,0
1180,0
1181,0
1182,0.001
1183,3.181
1184,22.078
1185,52.472
1186,88.007
1187,94.864
1188,85.439
1189,64.75
1190,37.16
1191,18.049
1192,1.547
1193,0
1194,0
1195,0
1196,0
1197,0
1198,0
1199,0
1200,0
1201,0
1202,0
1203,0
1204,0
1205,0
1206,0.001
1207,9.02
1208,53.376
1209,99.657
1210,104.376
1211,104.293
1212,86.328
1213,67.303
1214,55.223
1215,16.656
1216,1.694
1217,0
1218,0
1219,0
1220,0
1221,0
1222,0
1223,0
1224,0
1225,0
1226,0
1227,0
1228,0
1229,0
1230,0.031
1231,9.967
1232,35.856
1233,63.797
1234,95.106
1235,110.118
1236,88.816
1237,67.006
1238,50.275
1239,24.054
1240,3.453
1241,0
1242,0
1243,0
1244,0
1245,0
1246,0
1247,0
1248,0
1249,0
1250,0
1251,0
1252,0
1253,0
1254,0.009
1255,8.467
1256,36.175
1257,58.816
1258,84.375
1259,85.262
1260,79.55
1261,61.89
1262,37.524
1263,17.632
1264,1.865
1265,0
1266,0
1267,0
1268,0
1269,0
1270,0
1271,0
1272,0
1273,0
1274,0
1275,0
1276,0
1277,0
1278,0.015
1279,13.048
1280,57.113
1281,116.505
1282,145.541
1283,165.894
1284,156.267
1285,105.108
1286,69.811
1287,31.859
1288,6.218
1289,0
1290,0
1291,0
1292,0
1293,0
1294,0
1295,0
1296,0
1297,0
1298,0
1299,0
1300,0
1301,0
1302,0.043
1303,17.037
1304,50.942
1305,88.77
1306,99.385
1307,121.563
1308,95.813
1309,84.084
1310,67.513
1311,26.738
1312,3.452
1313,0
1314,0
1315,0
1316,0
1317,0
1318,0
1319,0
1320,0
1321,0
1322,0
1323,0
1324,0
1325,0
1326,0.088
1327,26.844
1328,60.6
1329,110.374
1330,130.702
1331,130.771
1332,133.69
1333,116.79
1334,74.59
1335,42.287
1336,9.742
1337,0.029
1338,0
1339,0
1340,0
1341,0
1342,0
1343,0
1344,0
1345,0
1346,0
1347,0
1348,0
1349,0
1350,0.028
1351,11.739
1352,42.938
1353,105.342
1354,137.483
1355,109.993
1356,125.781
1357,102.277
1358,72.137
1359,30.86
1360,5.691
1361,0.038
1362,0
1363,0
1364,0
1365,0
1366,0
1367,0
1368,0
1369,0
1370,0
1371,0
1372,0
1373,0
1374,0.521
1375,30.556
1376,76.631
1377,108.524
1378,137.963
1379,120.703
1380,135.243
1381,102.452
1382,69.26
1383,39.801
1384,9.3
1385,0.028
1386,0
1387,0
1388,0
1389,0
1390,0
1391,0
1392,0
1393,0
1394,0
1395,0
1396,0
1397,0
1398,0.243
1399,13.505
1400,47.835
1401,82.392
1402,131.823
1403,153.299
1404,142.655
1405,132.449
1406,86.155
1407,39.005
1408,9.449
1409,0.05
1410,0
1411,0
1412,0
1413,0
1414,0
1415,0
1416,0
1417,0
1418,0
1419,0
1420,0
1421,0
1422,1.86
1423,23.824
1424,67.451
1425,97.044
1426,186.61
1427,141.667
1428,93.883
1429,88.326
1430,50.813
1431,31.58
1432,5.308
1433,0.312
1434,0
1435,0
1436,0
1437,0
1438,0
1439,0
1440,0
1441,0
1442,0
1443,0
1444,0
1445,0
1446,0.774
1447,15.051
1448,47.418
1449,80.192
1450,101.373
1451,113.776
1452,96.651
1453,88.993
1454,70.601
1455,32.632
1456,8.78
1457,0.052
1458,0
1459,0
1460,0
1461,0
1462,0
1463,0
1464,0
1465,0
1466,0
1467,0
1468,0
1469,0
1470,0.38
1471,24.454
1472,62.832
1473,105.733
1474,139.352
1475,152.927
1476,134.365
1477,116.624
1478,82.001
1479,43.952
1480,7.204
1481,0.047
1482,0
1483,0
1484,0
1485,0
1486,0
1487,0
1488,0
1489,0
1490,0
1491,0
1492,0
1493,0
1494,0.404
1495,19.364
1496,56.051
1497,100.628
1498,116.189
1499,111.644
1500,119.385
1501,98.47
1502,83.775
1503,44.864
1504,12.06
1505,0.066
1506,0
1507,0
1508,0
1509,0
1510,0
1511,0
1512,0
1513,0
1514,0
1515,0
1516,0
1517,0
1518,0.953
1519,30.907
1520,63.407
1521,99.194
1522,118.073
1523,148.732
1524,149.909
1525,145.482
1526,91.823
1527,38.075
1528,8.806
1529,0.15
1530,0
1531,0
1532,0
1533,0
1534,0
1535,0
1536,0
1537,0
1538,0
1539,0
1540,0
1541,0
1542,1.736
1543,23.224
1544,63.756
1545,110.769
1546,155.556
1547,157.024
1548,156.311
1549,128.578
1550,85.7
1551,57.16
1552,15.297
1553,0.199
1554,0
1555,0
1556,0
1557,0
1558,0
1559,0
1560,0
1561,0
1562,0
1563,0
1564,0
1565,0
1566,1.068
1567,24.841
1568,79.915
1569,108.399
1570,152.842
1571,153.581
1572,141.524
1573,113.012
1574,89.588
1575,35.239
1576,8.548
1577,0.049
1578,0
1579,0
1580,0
1581,0
1582,0
1583,0
1584,0
1585,0
1586,0
1587,0
1588,0
1589,0
1590,2.397
1591,28.223
1592,66.131
1593,107.277
1594,147.117
1595,150.696
1596,135.992
1597,99.989
1598,71.982
1599,34.681
1600,8.176
1601,0.068
1602,0
1603,0
1604,0
1605,0
1606,0
1607,0
1608,0
1609,0
1610,0
1611,0
1612,0
1613,0
1614,1.969
1615,28.29
1616,70.219
1617,96.725
1618,131.208
1619,135.268
1620,149.676
1621,131.869
1622,96.615
1623,59.634
1624,15.509
1625,0.093
1626,0
1627,0
1628,0
1629,0
1630,0
1631,0
1632,0
1633,0
1634,0
1635,0
1636,0
1637,0
1638,2.007
1639,34.554
1640,73.313
1641,98.289
1642,128.489
1643,140.232
1644,144.435
1645,126.275
1646,89.507
1647,49.417
1648,11.919
1649,0.076
1650,0
1651,0
1652,0
1653,0
1654,0
1655,0
1656,0
1657,0
1658,0
1659,0
1660,0
1661,0
1662,1.901
1663,32.034
1664,101.155
1665,152.966
1666,169.199
1667,196.532
1668,162.163
1669,131.326
1670,99.868
1671,42.411
1672,12.426
1673,0.071
1674,0
1675,0
1676,0
1677,0
1678,0
1679,0
1680,0
1681,0
1682,0
1683,0
1684,0
1685,0
1686,2.157
1687,24.946
1688,64.689
1689,107.587
1690,141.326
1691,177.518
1692,155.545
1693,154.504
1694,91.607
1695,56.424
1696,20.95
1697,0.35
1698,0
1699,0
1700,0
1701,0
1702,0
1703,0
1704,0
1705,0
1706,0
1707,0
1708,0
1709,0
1710,4.855
1711,40.994
1712,87.797
1713,134.003
1714,179.975
1715,194.663
1716,206.967
1717,162.316
1718,105.928
1719,69.737
1720,19.084
1721,0.229
1722,0
1723,0
1724,0
1725,0
1726,0
1727,0
1728,0
1729,0
1730,0
1731,0
1732,0
1733,0.022
1734,4.363
1735,42.009
1736,89.151
1737,135.645
1738,140.785
1739,159.565
1740,167.59
1741,139.073
1742,100.471
1743,58.731
1744,15.451
1745,0.72
1746,0
1747,0
1748,0
1749,0
1750,0
1751,0
1752,0
1753,0
1754,0
1755,0
1756,0
1757,0.002
1758,4.851
1759,35.971
1760,68.73
1761,111.749
1762,145.994
1763,172.789
1764,174.035
1765,151.896
1766,110.541
1767,49.297
1768,16.127
1769,1.212
1770,0
1771,0
1772,0
1773,0
1774,0
1775,0
1776,0
1777,0
1778,0
1779,0
1780,0
1781,0.002
1782,3.667
1783,29.494
1784,60.735
1785,110.328
1786,135.014
1787,139.365
1788,128.716
1789,132.105
1790,77.769
1791,51.105
1792,11.605
1793,1
1794,0
1795,0
1796,0
1797,0
1798,0
1799,0
1800,0
1801,0
1802,0
1803,0
1804,0
1805,0.001
1806,2.467
1807,25.429
1808,69.827
1809,86.938
1810,115.73
1811,116.843
1812,133.551
1813,143.234
1814,86.089
1815,53.307
1816,16.364
1817,0.535
1818,0
1819,0
1820,0
1821,0
1822,0
1823,0
1824,0
1825,0
1826,0
1827,0
1828,0
1829,0.004
1830,2.609
1831,23.921
1832,65.303
1833,114.114
1834,120.938
1835,118.514
1836,109.154
1837,97.803
1838,88.994
1839,52.894
1840,19.323
1841,0.799
1842,0
1843,0
1844,0
1845,0
1846,0
1847,0
1848,0
1849,0
1850,0
1851,0
1852,0
1853,0.009
1854,8.505
1855,31.647
1856,73.767
1857,114.63
1858,113.123
1859,144.806
1860,129.344
1861,95.242
1862,71.622
1863,48.722
1864,18.941
1865,1.665
1866,0
1867,0
1868,0
1869,0
1870,0
1871,0
1872,0
1873,0
1874,0
1875,0
1876,0
1877,0.014
1878,12.252
1879,43.789
1880,82.272
1881,118.087
1882,170.401
1883,220.357
1884,213.757
1885,174.376
1886,121.366
1887,82.409
1888,28.37
1889,2.506
1890,0
1891,0
1892,0
1893,0
1894,0
1895,0
1896,0
1897,0
1898,0
1899,0
1900,0
1901,0.014
1902,18.111
1903,49.847
1904,81.897
1905,142.91
1906,170.319
1907,190.183
1908,153.472
1909,121.398
1910,109.393
1911,60.836
1912,19.613
1913,1.548
1914,0
1915,0
1916,0
1917,0
1918,0
1919,0
1920,0
1921,0
1922,0
1923,0
1924,0
1925,0.01
1926,13.966
1927,56.959
1928,102.588
1929,136.292
1930,184.536
1931,191.979
1932,175.131
1933,158.801
1934,125.308
1935,79.47
1936,30.928
1937,3.222
1938,0
1939,0
1940,0
1941,0
1942,0
1943,0
1944,0
1945,0
1946,0
1947,0
1948,0
1949,0.025
1950,14.799
1951,58.534
1952,92.769
1953,131.989
1954,180.758
1955,175.588
1956,180.363
1957,173.054
1958,145.547
1959,88.193
1960,34.814
1961,4.42
1962,0
1963,0
1964,0
1965,0
1966,0
1967,0
1968,0
1969,0
1970,0
1971,0
1972,0
1973,0.022
1974,23.491
1975,73.686
1976,133.767
1977,178.396
1978,226.544
1979,239.92
1980,230.872
1981,196.442
1982,158.794
1983,102.554
1984,43.783
1985,4.089
1986,0
1987,0
1988,0
1989,0
1990,0
1991,0
1992,0
1993,0
1994,0
1995,0
1996,0
1997,0.071
1998,19.774
1999,67.638
2000,141.743
2001,182.597
2002,213.734
2003,235.355
2004,218.2
2005,193.216
2006,127.868
2007,91.515
2008,28.342
2009,3.812
2010,0
2011,0
2012,0
2013,0
2014,0
2015,0
2016,0
2017,0
2018,0
2019,0
2020,0
2021,0.071
2022,21.608
2023,74.869
2024,136.139
2025,200.67
2026,223.759
2027,233.749
2028,183.496
2029,199.981
2030,144.422
2031,83.549
2032,24.372
2033,3.264
2034,0
2035,0
2036,0
2037,0
2038,0
2039,0
2040,0
2041,0
2042,0
2043,0
2044,0
2045,1.002
2046,15.996
2047,54.041
2048,116.194
2049,179.113
2050,203.081
2051,226.533
2052,183.194
2053,164.28
2054,120.291
2055,77.874
2056,34.28
2057,2.449
2058,0
2059,0
2060,0
2061,0
2062,0
2063,0
2064,0
2065,0
2066,0
2067,0
2068,0
2069,1.334
2070,28.75
2071,97.515
2072,182.743
2073,237.116
2074,288.727
2075,268.402
2076,237.466
2077,234.327
2078,181.095
2079,107.942
2080,53.812
2081,5.078
2082,0
2083,0
2084,0
2085,0
2086,0
2087,0
2088,0
2089,0
2090,0
2091,0
2092,0
2093,1.399
2094,21.641
2095,57.315
2096,121.135
2097,154.706
2098,155.546
2099,169.452
2100,147.983
2101,128.937
2102,116.064
2103,64.672
2104,30.689
2105,6.097
2106,0
2107,0
2108,0
2109,0
2110,0
2111,0
2112,0
2113,0
2114,0
2115,0
2116,0
2117,0.697
2118,15.963
2119,64.774
2120,119.19
2121,158.891
2122,188.223
2123,201.312
2124,178.809
2125,172.777
2126,144.872
2127,88.098
2128,38.613
2129,7.594
2130,0
2131,0
2132,0
2133,0
2134,0
2135,0
2136,0
2137,0
2138,0
2139,0
2140,0
2141,1.106
2142,22.004
2143,65.71
2144,130.363
2145,171.34
2146,248.024
2147,249.391
2148,238.32
2149,173.597
2150,125.462
2151,81.477
2152,40.689
2153,6.812
2154,0.139
2155,0
2156,0
2157,0
2158,0
2159,0
2160,0
2161,0
2162,0
2163,0
2164,0
2165,1.32
2166,23.899
2167,59.91
2168,124.798
2169,186.427
2170,232.891
2171,252.733
2172,214.219
2173,182.339
2174,129.027
2175,87.865
2176,42.998
2177,6.582
2178,0.003
2179,0
2180,0
2181,0
2182,0
2183,0
2184,0
2185,0
2186,0
2187,0
2188,0
2189,3.967
2190,32.66
2191,87.516
2192,159.783
2193,200.922
2194,225.657
2195,253.139
2196,224.546
2197,183.165
2198,155.957
2199,102.281
2200,43.741
2201,8.403
2202,0.021
2203,0
2204,0
2205,0
2206,0
2207,0
2208,0
2209,0
2210,0
2211,0
2212,0
2213,2.343
2214,29.405
2215,93.349
2216,174.72
2217,229.075
2218,274.121
2219,278.783
2220,247.419
2221,201.119
2222,165.586
2223,101.908
2224,52.631
2225,8.588
2226,0.018
2227,0
2228,0
2229,0
2230,0
2231,0
2232,0
2233,0
2234,0
2235,0
2236,0
2237,2.072
2238,32.086
2239,78.46
2240,146.259
2241,162.372
2242,202.892
2243,197.907
2244,232.652
2245,209.387
2246,154.318
2247,100.749
2248,44.362
2249,5.751
2250,0.076
2251,0
2252,0
2253,0
2254,0
2255,0
2256,0
2257,0
2258,0
2259,0
2260,0
2261,2.728
2262,19.355
2263,58.803
2264,105.334
2265,127.705
2266,122.448
2267,116.905
2268,134.276
2269,140.174
2270,142.964
2271,110.819
2272,43.331
2273,8.325
2274,0.076
2275,0
2276,0
2277,0
2278,0
2279,0
2280,0
2281,0
2282,0
2283,0
2284,0
2285,5.886
2286,33.074
2287,89.01
2288,137.122
2289,165.071
2290,222.605
2291,187.428
2292,187.92
2293,163.622
2294,107.337
2295,78.878
2296,54.1
2297,11.141
2298,0.217
2299,0
2300,0
2301,0
2302,0
2303,0
2304,0
2305,0
2306,0
2307,0
2308,0
2309,3.382
2310,41.058
2311,102.638
2312,142.09
2313,202.061
2314,234.161
2315,243.325
2316,199.996
2317,174.512
2318,148.195
2319,105.517
2320,45.44
2321,10.627
2322,0.005
2323,0
2324,0
2325,0
2326,0
2327,0
2328,0
2329,0
2330,0
2331,0
2332,0
2333,6.327
2334,47.229
2335,109.743
2336,198.555
2337,229.103
2338,274.295
2339,276.983
2340,241.013
2341,235.09
2342,183.596
2343,117.363
2344,60.685
2345,15.165
2346,0.041
2347,0
2348,0
2349,0
2350,0
2351,0
2352,0
2353,0
2354,0
2355,0
2356,0.001
2357,4.496
2358,45.524
2359,115.176
2360,168.736
2361,190.867
2362,202.535
2363,190.897
2364,246.267
2365,197.241
2366,190.507
2367,118.332
2368,50.17
2369,11.964
2370,0.069
2371,0
2372,0
2373,0
2374,0
2375,0
2376,0
2377,0
2378,0
2379,0
2380,0
2381,4.156
2382,39.438
2383,124.298
2384,223.692
2385,256.336
2386,260.363
2387,233.935
2388,227.733
2389,213.002
2390,127.312
2391,110.067
2392,49.39
2393,11.189
2394,0.092
2395,0
2396,0
2397,0
2398,0
2399,0
2400,0
2401,0
2402,0
2403,0
2404,0.001
2405,3.595
2406,33.082
2407,84.747
2408,152.613
2409,188.123
2410,204.238
2411,229.032
2412,202.32
2413,188.035
2414,164.54
2415,111.79
2416,55.536
2417,10.881
2418,0.123
2419,0
2420,0
2421,0
2422,0
2423,0
2424,0
2425,0
2426,0
2427,0
2428,0.002
2429,7.61
2430,42.318
2431,112.384
2432,170.865
2433,222.729
2434,198.726
2435,209.04
2436,188.574
2437,196.622
2438,171.762
2439,125.612
2440,65.758
2441,15.67
2442,0.561
2443,0
2444,0
2445,0
2446,0
2447,0
2448,0
2449,0
2450,0
2451,0
2452,0.002
2453,7.823
2454,48.705
2455,124.75
2456,169.208
2457,193.428
2458,229.192
2459,217.119
2460,207.924
2461,188.425
2462,149.3
2463,99.876
2464,48.491
2465,16.042
2466,0.551
2467,0
2468,0
2469,0
2470,0
2471,0
2472,0
2473,0
2474,0
2475,0
2476,0.003
2477,9.931
2478,50.364
2479,116.634
2480,158.891
2481,194.045
2482,206.851
2483,203.53
2484,200.182
2485,176.638
2486,154.088
2487,106.99
2488,68.591
2489,16.127
2490,0.384
2491,0
2492,0
2493,0
2494,0
2495,0
2496,0
2497,0
2498,0
2499,0
2500,0.003
2501,5.872
2502,41.748
2503,101.061
2504,167.078
2505,190.833
2506,247.346
2507,230.714
2508,214.073
2509,170.783
2510,179.52
2511,128.882
2512,77.999
2513,15.83
2514,0.35
2515,0
2516,0
2517,0
2518,0
2519,0
2520,0
2521,0
2522,0
2523,0
2524,0.004
2525,10.668
2526,62.83
2527,144.792
2528,196.301
2529,253.876
2530,287.998
2531,261.455
2532,231.751
2533,215.658
2534,189.275
2535,130.561
2536,75.275
2537,19.337
2538,0.069
2539,0
2540,0
2541,0
2542,0
2543,0
2544,0
2545,0
2546,0
2547,0
2548,0.017
2549,16.559
2550,64.08
2551,132.025
2552,202.123
2553,274.271
2554,299.501
2555,314.665
2556,294.731
2557,258.053
2558,215.13
2559,135.437
2560,66.203
2561,21.445
2562,0.528
2563,0
2564,0
2565,0
2566,0
2567,0
2568,0
2569,0
2570,0
2571,0
2572,0.041
2573,14.8
2574,59.307
2575,138.847
2576,219.389
2577,270.592
2578,289.663
2579,314.967
2580,298.658
2581,262.338
2582,205.868
2583,140.805
2584,81.488
2585,21.164
2586,0.858
2587,0
2588,0
2589,0
2590,0
2591,0
2592,0
2593,0
2594,0
2595,0
2596,0.029
2597,13.859
2598,72.873
2599,144.417
2600,223.703
2601,272.514
2602,254.561
2603,288.587
2604,304.102
2605,295.159
2606,218.976
2607,139.142
2608,93.306
2609,26.059
2610,1.551
2611,0
2612,0
2613,0
2614,0
2615,0
2616,0
2617,0
2618,0
2619,0
2620,0.046
2621,20.399
2622,83.591
2623,182.103
2624,277.296
2625,277.732
2626,294.72
2627,345.373
2628,337.332
2629,282.258
2630,239.721
2631,156.271
2632,79.143
2633,27.224
2634,2.19
2635,0
2636,0
2637,0
2638,0
2639,0
2640,0
2641,0
2642,0
2643,0
2644,0.067
2645,22.795
2646,92.804
2647,186.509
2648,271.511
2649,310.401
2650,322.033
2651,387.412
2652,331.843
2653,303.827
2654,251.055
2655,174.489
2656,86.798
2657,28.919
2658,1.81
2659,0
2660,0
2661,0
2662,0
2663,0
2664,0
2665,0
2666,0
2667,0
2668,0.303
2669,26.269
2670,103.373
2671,187.026
2672,276.425
2673,350.469
2674,389.505
2675,414.507
2676,411.912
2677,341.226
2678,272.644
2679,196.92
2680,106.738
2681,27.595
2682,2.309
2683,0
2684,0
2685,0
2686,0
2687,0
2688,0
2689,0
2690,0
2691,0
2692,0.954
2693,19.415
2694,81.545
2695,157.887
2696,248.58
2697,301.103
2698,339.847
2699,372.806
2700,358.678
2701,315.469
2702,249.726
2703,171.641
2704,89.906
2705,25.064
2706,1.276
2707,0
2708,0
2709,0
2710,0
2711,0
2712,0
2713,0
2714,0
2715,0
2716,0.846
2717,25.797
2718,94.307
2719,201.434
2720,255.55
2721,335.549
2722,361.569
2723,361.544
2724,360.243
2725,320.602
2726,221.371
2727,165.633
2728,85.39
2729,24.849
2730,1.201
2731,0
2732,0
2733,0
2734,0
2735,0
2736,0
2737,0
2738,0
2739,0
2740,0.555
2741,17.33
2742,71.659
2743,153.581
2744,216.048
2745,322.981
2746,338.463
2747,329.889
2748,313.865
2749,274.467
2750,201.971
2751,140.945
2752,70.046
2753,22.88
2754,3.585
2755,0
2756,0
2757,0
2758,0
2759,0
2760,0
2761,0
2762,0
2763,0
2764,0.687
2765,19.682
2766,60.767
2767,132.953
2768,216.925
2769,263.42
2770,271.826
2771,287.044
2772,254.438
2773,209.838
2774,133.828
2775,107.573
2776,59.287
2777,23.83
2778,3.281
2779,0
2780,0
2781,0
2782,0
2783,0
2784,0
2785,0
2786,0
2787,0
2788,0.35
2789,10.025
2790,50.038
2791,100.862
2792,140.357
2793,199.069
2794,228.743
2795,239.245
2796,192.431
2797,164.826
2798,144.773
2799,101.34
2800,72.012
2801,26.371
2802,3.109
2803,0
2804,0
2805,0
2806,0
2807,0
2808,0
2809,0
2810,0
2811,0
2812,1.261
2813,16.596
2814,54.54
2815,96.086
2816,191.374
2817,240.597
2818,251.729
2819,273.41
2820,241.911
2821,208.71
2822,192.111
2823,131.535
2824,77.785
2825,25.691
2826,3.721
2827,0
2828,0
2829,0
2830,0
2831,0
2832,0
2833,0
2834,0
2835,0
2836,2
2837,20.54
2838,66.51
2839,114.166
2840,164.157
2841,184.953
2842,192.698
2843,153.426
2844,178.456
2845,162.445
2846,117.444
2847,77.704
2848,50.509
2849,20.54
2850,2.064
2851,0
2852,0
2853,0
2854,0
2855,0
2856,0
2857,0
2858,0
2859,0
2860,1.037
2861,13.118
2862,44.397
2863,99.978
2864,146.677
2865,175.314
2866,197.052
2867,193.1
2868,193.084
2869,225.293
2870,189.285
2871,129.591
2872,65.645
2873,23.91
2874,1.602
2875,0
2876,0
2877,0
2878,0
2879,0
2880,0
2881,0
2882,0
2883,0
2884,0.856
2885,16.024
2886,54.387
2887,107.022
2888,163.255
2889,231.459
2890,243.744
2891,244.274
2892,237.774
2893,197.608
2894,155.664
2895,149.898
2896,95.122
2897,32.678
2898,5.466
2899,0
2900,0
2901,0
2902,0
2903,0
2904,0
2905,0
2906,0
2907,0
2908,2.164
2909,23.305
2910,78.781
2911,140.212
2912,167.843
2913,239.162
2914,239.957
2915,278.634
2916,249.259
2917,262.152
2918,218.991
2919,156.059
2920,117.818
2921,43.785
2922,6.625
2923,0
2924,0
2925,0
2926,0
2927,0
2928,0
2929,0
2930,0
2931,0
2932,2.279
2933,28.424
2934,96.616
2935,172.673
2936,269.292
2937,321.856
2938,374.213
2939,335.689
2940,296.033
2941,248.42
2942,207.763
2943,153.344
2944,98.88
2945,44.85
2946,4.772
2947,0
2948,0
2949,0
2950,0
2951,0
2952,0
2953,0
2954,0
2955,0
2956,3.971
2957,42.859
2958,105.153
2959,191.965
2960,239.881
2961,303.588
2962,311.166
2963,311.792
2964,242.953
2965,228.109
2966,186.799
2967,147.893
2968,72.901
2969,30.993
2970,3.663
2971,0
2972,0
2973,0
2974,0
2975,0
2976,0
2977,0
2978,0
2979,0
2980,3.069
2981,41.241
2982,106.574
2983,148.071
2984,220.272
2985,277.823
2986,283.888
2987,312.772
2988,283.362
2989,281.983
2990,247.053
2991,169.124
2992,110.606
2993,45.62
2994,5.129
2995,0.003
2996,0
2997,0
2998,0
2999,0
3000,0
3001,0
3002,0
3003,0
3004,3.759
3005,38.258
3006,110.854
3007,188.178
3008,256.553
3009,308.188
3010,285.308
3011,316.329
3012,309.385
3013,259.371
3014,233.281
3015,167.383
3016,113.619
3017,46.353
3018,6.866
3019,0.006
3020,0
3021,0
3022,0
3023,0
3024,0
3025,0
3026,0
3027,0
3028,3.994
3029,38.371
3030,98.148
3031,172.031
3032,241.175
3033,288.258
3034,302.103
3035,284.16
3036,252.707
3037,222.849
3038,183.824
3039,135.86
3040,84.005
3041,31.632
3042,4.628
3043,0.002
3044,0
3045,0
3046,0
3047,0
3048,0
3049,0
3050,0
3051,0
3052,4.165
3053,38.219
3054,107.208
3055,177.918
3056,274.3
3057,319.866
3058,341.754
3059,337.699
3060,337.414
3061,287.232
3062,260.797
3063,182.636
3064,112.535
3065,36.842
3066,6.892
3067,0.019
3068,0
3069,0
3070,0
3071,0
3072,0
3073,0
3074,0
3075,0.001
3076,4.581
3077,37.891
3078,90.446
3079,150.855
3080,217.228
3081,292.438
3082,326.344
3083,328.569
3084,283.242
3085,267.981
3086,201.972
3087,125.181
3088,88.72
3089,38.672
3090,8.044
3091,0.034
3092,0
3093,0
3094,0
3095,0
3096,0
3097,0
3098,0
3099,0
3100,4.583
3101,38.24
3102,97.63
3103,162.5
3104,247.178
3105,309.404
3106,291.785
3107,325.039
3108,280.101
3109,283.333
3110,212.232
3111,117.867
3112,70.726
3113,35.509
3114,4.432
3115,0.004
3116,0
3117,0
3118,0
3119,0
3120,0
3121,0
3122,0
3123,0.001
3124,3.943
3125,24.468
3126,79.375
3127,124.052
3128,170.157
3129,194.416
3130,211.921
3131,216.376
3132,175.785
3133,187.75
3134,176.402
3135,122.787
3136,89.448
3137,37.132
3138,8.161
3139,0.093
3140,0
3141,0
3142,0
3143,0
3144,0
3145,0
3146,0
3147,0.001
3148,2.284
3149,27.659
3150,97.518
3151,166.466
3152,220.509
3153,250.051
3154,301.896
3155,306.617
3156,261.27
3157,254.849
3158,216.168
3159,168.291
3160,90.18
3161,47.831
3162,8.722
3163,0.01
3164,0
3165,0
3166,0
3167,0
3168,0
3169,0
3170,0
3171,0.004
3172,7.607
3173,47.392
3174,120.041
3175,193.865
3176,220.047
3177,257.26
3178,255.443
3179,284.569
3180,235.195
3181,242.787
3182,171.546
3183,135.59
3184,83.931
3185,49.471
3186,12.334
3187,0.026
3188,0
3189,0
3190,0
3191,0
3192,0
3193,0
3194,0
3195,0.004
3196,8.561
3197,53.082
3198,127.671
3199,232.367
3200,270.145
3201,295.986
3202,325.533
3203,336.511
3204,306.992
3205,234.581
3206,206.758
3207,161.438
3208,118.807
3209,48.333
3210,11.442
3211,0.219
3212,0
3213,0
3214,0
3215,0
3216,0
3217,0
3218,0
3219,0.004
3220,7.067
3221,50.709
3222,102.026
3223,166.63
3224,198.016
3225,224.983
3226,247.292
3227,276.31
3228,260.569
3229,242.321
3230,199.407
3231,160.573
3232,123.905
3233,71.974
3234,19.159
3235,2.004
3236,0
3237,0
3238,0
3239,0
3240,0
3241,0
3242,0
3243,0.006
3244,6.775
3245,36.221
3246,82.638
3247,120.064
3248,159.905
3249,221.017
3250,252.594
3251,335.261
3252,267.357
3253,214.615
3254,172.573
3255,140.218
3256,128.576
3257,62.543
3258,13.912
3259,0.126
3260,0
3261,0
3262,0
3263,0
3264,0
3265,0
3266,0
3267,0.007
3268,5.891
3269,34.548
3270,96.416
3271,155.864
3272,177.007
3273,226.893
3274,272.126
3275,255.141
3276,232.684
3277,233.223
3278,208.551
3279,150.883
3280,72.397
3281,32.596
3282,7.082
3283,0.085
3284,0
3285,0
3286,0
3287,0
3288,0
3289,0
3290,0
3291,0.029
3292,6.959
3293,29.349
3294,76.969
3295,139.113
3296,189.941
3297,204.009
3298,232.858
3299,227.593
3300,255.73
3301,228.961
3302,245.262
3303,160.983
3304,100.732
3305,55.016
3306,10.129
3307,0.089
3308,0
3309,0
3310,0
3311,0
3312,0
3313,0
3314,0
3315,0.026
3316,7.531
3317,44.293
3318,119.608
3319,190.111
3320,228.418
3321,240.042
3322,248.831
3323,243.318
3324,230.813
3325,215.66
3326,168.92
3327,130.663
3328,80.026
3329,42.41
3330,12.437
3331,0.133
3332,0
3333,0
3334,0
3335,0
3336,0
3337,0
3338,0
3339,0.003
3340,7.478
3341,44.837
3342,121.464
3343,169.464
3344,229.85
3345,267.95
3346,292.474
3347,276.741
3348,256.691
3349,272.402
3350,195.73
3351,164.378
3352,119.574
3353,45.688
3354,11.828
3355,0.137
3356,0
3357,0
3358,0
3359,0
3360,0
3361,0
3362,0
3363,0.011
3364,8.589
3365,49.581
3366,131.477
3367,181.191
3368,271.181
3369,316.084
3370,290.248
3371,273.176
3372,289.961
3373,230.942
3374,189.968
3375,127.852
3376,87.269
3377,46.093
3378,7.9
3379,0.15
3380,0
3381,0
3382,0
3383,0
3384,0
3385,0
3386,0
3387,0.016
3388,8.479
3389,37.675
3390,103.28
3391,159.305
3392,217.835
3393,268.767
3394,262.83
3395,263.204
3396,279.715
3397,243.644
3398,243.116
3399,189.891
3400,124.079
3401,56.606
3402,16.88
3403,0.509
3404,0
3405,0
3406,0
3407,0
3408,0
3409,0
3410,0
3411,0.022
3412,6.574
3413,34.139
3414,87.316
3415,138.547
3416,236.667
3417,274.074
3418,261.62
3419,283.451
3420,231.646
3421,224.94
3422,201.987
3423,166.547
3424,90.473
3425,42.962
3426,15.045
3427,0.165
3428,0
3429,0
3430,0
3431,0
3432,0
3433,0
3434,0
3435,0.054
3436,10.104
3437,43.167
3438,100.76
3439,162.653
3440,225.104
3441,294.724
3442,266.127
3443,280.625
3444,286.283
3445,276.801
3446,210.462
3447,171.418
3448,100.91
3449,63.231
3450,15.907
3451,0.442
3452,0
3453,0
3454,0
3455,0
3456,0
3457,0
3458,0
3459,0.017
3460,12.655
3461,64.811
3462,139.809
3463,211.518
3464,249.281
3465,265.949
3466,314.034
3467,326.84
3468,292.28
3469,254.998
3470,201.439
3471,177.261
3472,117.013
3473,59.58
3474,14.752
3475,0.857
3476,0
3477,0
3478,0
3479,0
3480,0
3481,0
3482,0
3483,0.046
3484,8.861
3485,40.495
3486,97.971
3487,153.306
3488,204.27
3489,218.363
3490,251.683
3491,261.424
3492,292.59
3493,257.779
3494,202.831
3495,143.981
3496,119.347
3497,60.594
3498,16.518
3499,0.275
3500,0
3501,0
3502,0
3503,0
3504,0
3505,0
3506,0
3507,0.071
3508,7.013
3509,55.02
3510,111.743
3511,193.021
3512,239.107
3513,227.441
3514,253.519
3515,239.105
3516,239.222
3517,198.462
3518,156.107
3519,93.307
3520,58.623
3521,38.175
3522,10.4
3523,0.688
3524,0
3525,0
3526,0
3527,0
3528,0
3529,0
3530,0
3531,0.099
3532,8.654
3533,52.889
3534,122.748
3535,194.49
3536,249.74
3537,276.535
3538,278.628
3539,247.652
3540,243.547
3541,208.591
3542,178.169
3543,124.797
3544,82.972
3545,59.045
3546,14.714
3547,1.263
3548,0
3549,0
3550,0
3551,0
3552,0
3553,0
3554,0
3555,0.153
3556,11.586
3557,49.012
3558,118.642
3559,184.648
3560,226.074
3561,296.85
3562,325.858
3563,267.395
3564,324.079
3565,286.244
3566,245.609
3567,240.728
3568,141.973
3569,74.169
3570,19.08
3571,1.1
3572,0
3573,0
3574,0
3575,0
3576,0
3577,0
3578,0
3579,0.683
3580,12.222
3581,53.285
3582,121.433
3583,180.281
3584,203.384
3585,219.174
3586,278.746
3587,305.188
3588,287.505
3589,241.378
3590,198.935
3591,176.368
3592,109.479
3593,60.097
3594,17.267
3595,1.212
3596,0
3597,0
3598,0
3599,0
3600,0
3601,0
3602,0
3603,0.177
3604,13.848
3605,62.219
3606,135.328
3607,211.961
3608,278.626
3609,282.685
3610,308.184
3611,298.454
3612,286.485
3613,246.107
3614,197.483
3615,143.661
3616,96.538
3617,44.159
3618,20.448
3619,1.345
3620,0
3621,0
3622,0
3623,0
3624,0
3625,0
3626,0
3627,0.112
3628,10.639
3629,50.945
3630,130.59
3631,197.4
3632,254.682
3633,299.064
3634,289.227
3635,301.116
3636,275.926
3637,284.347
3638,257.775
3639,203.273
3640,142.897
3641,75.515
3642,25.795
3643,1.359
3644,0
3645,0
3646,0
3647,0
3648,0
3649,0
3650,0
3651,0.334
3652,13.096
3653,59.744
3654,126.489
3655,192.632
3656,275.435
3657,298.742
3658,394.523
3659,327.508
3660,361.981
3661,311.381
3662,293.192
3663,220.431
3664,147.727
3665,75.146
3666,29.1
3667,1.22
3668,0
3669,0
3670,0
3671,0
3672,0
3673,0
3674,0
3675,0.741
3676,15.582
3677,65.043
3678,141.125
3679,202.448
3680,270.423
3681,301.333
3682,345.995
3683,376.316
3684,333.971
3685,280.725
3686,258.257
3687,202.893
3688,121.629
3689,71.142
3690,22.914
3691,1.058
3692,0
3693,0
3694,0
3695,0
3696,0
3697,0
3698,0
3699,0.47
3700,12.802
3701,54.482
3702,122.172
3703,207.915
3704,232.287
3705,261.554
3706,286.596
3707,316.692
3708,329.504
3709,283.024
3710,207.045
3711,139.982
3712,100.772
3713,52.602
3714,13.622
3715,0.868
3716,0
3717,0
3718,0
3719,0
3720,0
3721,0
3722,0
3723,0.253
3724,11.564
3725,50.813
3726,96.214
3727,162.272
3728,219.779
3729,292.106
3730,282.288
3731,318.515
3732,298.029
3733,295.075
3734,78.735
3735,176.803
3736,126.186
3737,58.555
3738,17.944
3739,0.857
3740,0
3741,0
3742,0
3743,0
3744,0
3745,0
3746,0
3747,0.427
3748,18.219
3749,52.223
3750,100.862
3751,133.834
3752,170.795
3753,200.957
3754,233.939
3755,262.39
3756,276.002
3757,253.702
3758,231.714
3759,181.998
3760,112.269
3761,61.586
3762,17.337
3763,1.061
3764,0
3765,0
3766,0
3767,0
3768,0
3769,0
3770,0
3771,0.219
3772,11.203
3773,50.776
3774,109.433
3775,203.928
3776,271.496
3777,319.304
3778,314.783
3779,339.337
3780,338.949
3781,282.629
3782,247.027
3783,193.016
3784,134.64
3785,59.72
3786,23.241
3787,1.93
3788,0
3789,0
3790,0
3791,0
3792,0
3793,0
3794,0
3795,0.682
3796,13.184
3797,61.555
3798,101.439
3799,183.259
3800,247.886
3801,280.603
3802,308.562
3803,327.86
3804,299.221
3805,262.092
3806,194.701
3807,143.283
3808,133.274
3809,72.154
3810,22.994
3811,2.407
3812,0
3813,0
3814,0
3815,0
3816,0
3817,0
3818,0
3819,0.561
3820,13.466
3821,54.876
3822,117.307
3823,200.073
3824,223.356
3825,237.351
3826,262.226
3827,261.657
3828,264.264
3829,281.582
3830,263.985
3831,198.824
3832,128.918
3833,67.889
3834,21.767
3835,1.503
3836,0
3837,0
3838,0
3839,0
3840,0
3841,0
3842,0
3843,0.43
3844,14.581
3845,55.309
3846,137.084
3847,190.997
3848,219.673
3849,261.361
3850,321.021
3851,375.702
3852,317.177
3853,291.215
3854,273.839
3855,214.84
3856,133.885
3857,71.242
3858,26.138
3859,2.196
3860,0
3861,0
3862,0
3863,0
3864,0
3865,0
3866,0
3867,0.321
3868,10.774
3869,41.06
3870,106.72
3871,207.126
3872,268.899
3873,298.734
3874,293.19
3875,298.202
3876,267.986
3877,264.402
3878,225.623
3879,173.349
3880,104.163
3881,64.52
3882,16.812
3883,1.702
3884,0
3885,0
3886,0
3887,0
3888,0
3889,0
3890,0
3891,0.366
3892,13.922
3893,55.652
3894,121.125
3895,212.056
3896,257.69
3897,259.552
3898,309.93
3899,347.794
3900,316.414
3901,286.037
3902,229.407
3903,186.334
3904,146.303
3905,64.085
3906,33.926
3907,4.407
3908,0
3909,0
3910,0
3911,0
3912,0
3913,0
3914,0
3915,0.457
3916,17.241
3917,58.56
3918,129.086
3919,185.419
3920,223.835
3921,253.573
3922,211.92
3923,291.586
3924,285.498
3925,261.282
3926,214.082
3927,169.342
3928,129.686
3929,82.068
3930,30.549
3931,2.699
3932,0
3933,0
3934,0
3935,0
3936,0
3937,0
3938,0
3939,0.59
3940,19.818
3941,64.319
3942,131.679
3943,167.653
3944,214.824
3945,284.38
3946,279.191
3947,321.992
3948,284.361
3949,263.641
3950,214.594
3951,153.013
3952,106.382
3953,64.718
3954,17.164
3955,1.697
3956,0
3957,0
3958,0
3959,0
3960,0
3961,0
3962,0
3963,0.482
3964,10.003
3965,43.545
3966,117.029
3967,173.135
3968,223.41
3969,225.087
3970,257.489
3971,268.965
3972,260.614
3973,249.379
3974,186.245
3975,165.82
3976,116.623
3977,75.506
3978,28.81
3979,2.692
3980,0
3981,0
3982,0
3983,0
3984,0
3985,0
3986,0
3987,0.644
3988,10.831
3989,46.899
3990,107.589
3991,164.48
3992,213.533
3993,280.5
3994,304.851
3995,289.668
3996,345.616
3997,268.943
3998,264.412
3999,194.545
4000,135.824
4001,86.242
4002,29.839
4003,1.965
4004,0
4005,0
4006,0
4007,0
4008,0
4009,0
4010,0
4011,0.959
4012,15.852
4013,67.317
4014,136.723
4015,179.555
4016,217.821
4017,268.425
4018,300.054
4019,264.558
4020,262.7
4021,250.859
4022,246.023
4023,158.041
4024,109.823
4025,69.409
4026,31.734
4027,2.254
4028,0
4029,0
4030,0
4031,0
4032,0
4033,0
4034,0
4035,0.716
4036,17.568
4037,64.918
4038,148.491
4039,215.041
4040,294.855
4041,360.815
4042,374.355
4043,348.621
4044,366.407
4045,314.375
4046,258.621
4047,203.086
4048,124.26
4049,66.898
4050,21.58
4051,1.555
4052,0
4053,0
4054,0
4055,0
4056,0
4057,0
4058,0
4059,0.273
4060,4.914
4061,32.648
4062,80.191
4063,144.357
4064,196.389
4065,223.735
4066,277.094
4067,232.601
4068,298.126
4069,284.689
4070,239.434
4071,164.561
4072,92.491
4073,44.957
4074,15.365
4075,1.001
4076,0
4077,0
4078,0
4079,0
4080,0
4081,0
4082,0
4083,0.697
4084,12.046
4085,51.992
4086,102.192
4087,170.607
4088,208.787
4089,231.992
4090,241.716
4091,236.351
4092,279.259
4093,233.913
4094,231.029
4095,205.812
4096,125.082
4097,72.003
4098,20.562
4099,1.355
4100,0
4101,0
4102,0
4103,0
4104,0
4105,0
4106,0
4107,0.463
4108,11.695
4109,42.173
4110,93.567
4111,154.47
4112,198.236
4113,238.985
4114,223.188
4115,214.717
4116,234.925
4117,234.361
4118,194.38
4119,123.253
4120,79.743
4121,49.383
4122,18.156
4123,1.324
4124,0
4125,0
4126,0
4127,0
4128,0
4129,0
4130,0
4131,0.527
4132,7.928
4133,48.139
4134,104.115
4135,155.274
4136,189.223
4137,207.234
4138,205.02
4139,165.916
4140,160.23
4141,153.103
4142,109.417
4143,109.193
4144,64.899
4145,53.275
4146,18.84
4147,1.596
4148,0
4149,0
4150,0
4151,0
4152,0
4153,0
4154,0
4155,0.387
4156,11.824
4157,42.176
4158,125.364
4159,180.798
4160,201.94
4161,224.496
4162,220.571
4163,190.139
4164,211.696
4165,176.931
4166,154.111
4167,148.416
4168,92.634
4169,65.83
4170,20.855
4171,2.345
4172,0
4173,0
4174,0
4175,0
4176,0
4177,0
4178,0
4179,0.8
4180,15.517
4181,66.01
4182,129.495
4183,163.275
4184,242.477
4185,264.519
4186,281.162
4187,285.049
4188,252.099
4189,249.702
4190,222.313
4191,178.751
4192,131.562
4193,65.827
4194,22.889
4195,1.635
4196,0
4197,0
4198,0
4199,0
4200,0
4201,0
4202,0
4203,0.291
4204,10.671
4205,41.5
4206,113.838
4207,213.421
4208,252.274
4209,280.942
4210,323.805
4211,314.518
4212,282.725
4213,203.119
4214,181.492
4215,146.016
4216,103.813
4217,67.655
4218,24.801
4219,2.834
4220,0
4221,0
4222,0
4223,0
4224,0
4225,0
4226,0
4227,0.349
4228,12.413
4229,58.33
4230,113.414
4231,185.533
4232,239.434
4233,263.055
4234,294.062
4235,258.64
4236,256.915
4237,254.887
4238,210.337
4239,169.92
4240,143.449
4241,84.303
4242,26.095
4243,2.447
4244,0
4245,0
4246,0
4247,0
4248,0
4249,0
4250,0
4251,0.192
4252,10.939
4253,49.803
4254,122.956
4255,214.968
4256,294.675
4257,348.75
4258,312.088
4259,348.602
4260,383.468
4261,336.139
4262,325.34
4263,246.685
4264,169.295
4265,84.921
4266,27.579
4267,2.263
4268,0
4269,0
4270,0
4271,0
4272,0
4273,0
4274,0
4275,0.301
4276,9.598
4277,41.112
4278,92.842
4279,130.778
4280,171.048
4281,254.939
4282,351.176
4283,318.822
4284,282.043
4285,259.235
4286,224.91
4287,198.738
4288,145.989
4289,86.516
4290,28.354
4291,2.481
4292,0
4293,0
4294,0
4295,0
4296,0
4297,0
4298,0
4299,0.37
4300,14.275
4301,47.824
4302,117.424
4303,167.669
4304,229.251
4305,267.788
4306,294.236
4307,293.831
4308,270.717
4309,211.199
4310,253.927
4311,192.762
4312,141.598
4313,90.086
4314,28.262
4315,2.316
4316,0
4317,0
4318,0
4319,0
4320,0
4321,0
4322,0
4323,0.391
4324,13.922
4325,48.064
4326,111.614
4327,167.027
4328,211.768
4329,244.048
4330,255.263
4331,231.982
4332,253.912
4333,244.606
4334,198.523
4335,152.61
4336,130.125
4337,71.682
4338,27.419
4339,2.222
4340,0
4341,0
4342,0
4343,0
4344,0
4345,0
4346,0
4347,0.413
4348,13.815
4349,51.751
4350,116.687
4351,164.13
4352,206.924
4353,239.335
4354,241.936
4355,308.723
4356,227.14
4357,189.787
4358,154.735
4359,181.584
4360,118.43
4361,92.142
4362,22.751
4363,1.648
4364,0
4365,0
4366,0
4367,0
4368,0
4369,0
4370,0
4371,0.302
4372,13.25
4373,47.729
4374,106.175
4375,156.139
4376,191.493
4377,230.527
4378,282.961
4379,251.814
4380,264.498
4381,256.948
4382,222.031
4383,194.967
4384,171.916
4385,95.385
4386,33.776
4387,2.362
4388,0
4389,0
4390,0
4391,0
4392,0
4393,0
4394,0
4395,0.657
4396,13.311
4397,65.054
4398,131.373
4399,207.499
4400,255.506
4401,278.986
4402,294.02
4403,293.613
4404,269.517
4405,233.478
4406,184.342
4407,186.67
4408,148.831
4409,80.723
4410,20.041
4411,1.587
4412,0
4413,0
4414,0
4415,0
4416,0
4417,0
4418,0
4419,0.624
4420,9.322
4421,58.255
4422,134.547
4423,170.057
4424,249.206
4425,233.633
4426,292.925
4427,279.743
4428,242.931
4429,208.144
4430,163.066
4431,140.424
4432,121.274
4433,58.073
4434,25.893
4435,3.743
4436,0
4437,0
4438,0
4439,0
4440,0
4441,0
4442,0
4443,0.639
4444,11.025
4445,50.6
4446,100.961
4447,172.355
4448,231.957
4449,237.698
4450,294.376
4451,299.5
4452,293.782
4453,289.609
4454,245.82
4455,158.008
4456,100.966
4457,71.082
4458,22.493
4459,1.878
4460,0
4461,0
4462,0
4463,0
4464,0
4465,0
4466,0
4467,0.244
4468,8.945
4469,42.65
4470,94.736
4471,133.885
4472,182.037
4473,211.901
4474,251.087
4475,270.655
4476,247.552
4477,235.352
4478,224.913
4479,162.437
4480,109.8
4481,55.57
4482,24.342
4483,2.5
4484,0
4485,0
4486,0
4487,0
4488,0
4489,0
4490,0
4491,0.114
4492,9.366
4493,42.184
4494,101.753
4495,155.4
4496,242.456
4497,272.283
4498,277.516
4499,237.819
4500,198.199
4501,228.354
4502,184.318
4503,160.877
4504,104.779
4505,56.536
4506,20.549
4507,1.853
4508,0
4509,0
4510,0
4511,0
4512,0
4513,0
4514,0
4515,0.377
4516,14.005
4517,59.669
4518,111.437
4519,168.77
4520,250.141
4521,321.375
4522,301.623
4523,269.153
4524,289.14
4525,233.128
4526,237.984
4527,175.118
4528,112.557
4529,65.417
4530,20.074
4531,2.537
4532,0
4533,0
4534,0
4535,0
4536,0
4537,0
4538,0
4539,0.06
4540,11.103
4541,43.646
4542,78.495
4543,112.841
4544,157.917
4545,215.974
4546,209.116
4547,187.136
4548,211.509
4549,177.194
4550,180.929
4551,141.067
4552,94.179
4553,54.524
4554,17.983
4555,2.064
4556,0
4557,0
4558,0
4559,0
4560,0
4561,0
4562,0
4563,0.02
4564,6.573
4565,30.963
4566,83.694
4567,135.022
4568,194.638
4569,198.062
4570,223.517
4571,223.527
4572,191.257
4573,208.669
4574,160.052
4575,126.413
4576,78.702
4577,56.271
4578,20.454
4579,2.027
4580,0
4581,0
4582,0
4583,0
4584,0
4585,0
4586,0
4587,0.005
4588,6.889
4589,35.341
4590,100.723
4591,158.419
4592,228.688
4593,290.797
4594,307.115
4595,307.854
4596,305.69
4597,270.923
4598,200.547
4599,135.706
4600,101.021
4601,55.454
4602,22.211
4603,2.716
4604,0
4605,0
4606,0
4607,0
4608,0
4609,0
4610,0
4611,0.006
4612,6.609
4613,41.032
4614,107.089
4615,167
4616,216.842
4617,256.892
4618,272.931
4619,295.862
4620,259.127
4621,233.765
4622,193.274
4623,191.036
4624,136.052
4625,78.329
4626,23.11
4627,1.253
4628,0
4629,0
4630,0
4631,0
4632,0
4633,0
4634,0
4635,0.018
4636,5.979
4637,34.463
4638,80.367
4639,131.373
4640,227.265
4641,253.882
4642,308.806
4643,321.976
4644,243.387
4645,222.396
4646,200.738
4647,158.958
4648,121.278
4649,70.035
4650,21.535
4651,1.843
4652,0
4653,0
4654,0
4655,0
4656,0
4657,0
4658,0
4659,0.011
4660,5.811
4661,26.108
4662,70.331
4663,149.363
4664,208.065
4665,215.684
4666,252.847
4667,301.21
4668,278.713
4669,244.701
4670,227.351
4671,179.239
4672,145.109
4673,81.705
4674,17.942
4675,0.685
4676,0
4677,0
4678,0
4679,0
4680,0
4681,0
4682,0
4683,0.009
4684,8.572
4685,35.482
4686,86.621
4687,151.28
4688,170.377
4689,211.395
4690,230.128
4691,254.415
4692,233.872
4693,223.871
4694,193.831
4695,120.481
4696,105.341
4697,64.845
4698,18.413
4699,1.27
4700,0
4701,0
4702,0
4703,0
4704,0
4705,0
4706,0
4707,0.013
4708,7.965
4709,48.666
4710,112.448
4711,171.202
4712,198.731
4713,247.802
4714,261.431
4715,246.674
4716,231.781
4717,216.147
4718,216.249
4719,204.642
4720,147.981
4721,69.514
4722,18.96
4723,0.583
4724,0
4725,0
4726,0
4727,0
4728,0
4729,0
4730,0
4731,0.008
4732,6.554
4733,39.592
4734,103.224
4735,142.466
4736,188.675
4737,219.034
4738,252.399
4739,202.7
4740,205.936
4741,187.192
4742,195.013
4743,178.949
4744,124.728
4745,62.75
4746,18.008
4747,1.204
4748,0
4749,0
4750,0
4751,0
4752,0
4753,0
4754,0
4755,0.015
4756,5.262
4757,36.22
4758,99.391
4759,161.656
4760,231.076
4761,275.824
4762,326.862
4763,321.7
4764,318.604
4765,304.029
4766,235.332
4767,182.159
4768,148.629
4769,79.239
4770,28.991
4771,1.96
4772,0
4773,0
4774,0
4775,0
4776,0
4777,0
4778,0
4779,0.011
4780,6.91
4781,43.938
4782,103.644
4783,183.1
4784,249.93
4785,272.452
4786,290.045
4787,309.334
4788,305.685
4789,274.117
4790,252.017
4791,202.517
4792,131.446
4793,63.062
4794,16.947
4795,0.817
4796,0
4797,0
4798,0
4799,0
4800,0
4801,0
4802,0
4803,0.006
4804,7.235
4805,42.388
4806,106.039
4807,184.334
4808,255.34
4809,335.856
4810,318.098
4811,303.445
4812,280.903
4813,282.647
4814,266.2
4815,160.497
4816,118.254
4817,72.452
4818,15.405
4819,1.784
4820,0
4821,0
4822,0
4823,0
4824,0
4825,0
4826,0
4827,0.006
4828,7.796
4829,45.555
4830,108.053
4831,180.821
4832,230.966
4833,287.004
4834,314.82
4835,272.298
4836,309.168
4837,211.44
4838,247.426
4839,174.294
4840,130.718
4841,60.15
4842,15.047
4843,1.082
4844,0
4845,0
4846,0
4847,0
4848,0
4849,0
4850,0
4851,0.005
4852,5.748
4853,40.044
4854,98.734
4855,178.194
4856,253.776
4857,278.487
4858,271.166
4859,299.7
4860,299.984
4861,237.653
4862,209.724
4863,144.832
4864,96.147
4865,62.096
4866,19.81
4867,1.156
4868,0
4869,0
4870,0
4871,0
4872,0
4873,0
4874,0
4875,0.004
4876,3.97
4877,32.511
4878,87.468
4879,150.883
4880,195.673
4881,252.152
4882,238.941
4883,234.492
4884,242.874
4885,251.178
4886,229.812
4887,190.542
4888,98.799
4889,59.916
4890,18.777
4891,0.873
4892,0
4893,0
4894,0
4895,0
4896,0
4897,0
4898,0
4899,0.004
4900,5.301
4901,29.458
4902,79.306
4903,130.196
4904,186.2
4905,250.916
4906,256.06
4907,263.259
4908,290.472
4909,249.911
4910,210.478
4911,178.73
4912,124.846
4913,66.881
4914,18.042
4915,0.629
4916,0
4917,0
4918,0
4919,0
4920,0
4921,0
4922,0
4923,0.005
4924,2.818
4925,29.864
4926,89.922
4927,156.675
4928,247.7
4929,310.438
4930,354.097
4931,252.623
4932,262.448
4933,249.627
4934,220.315
4935,167.2
4936,120.181
4937,74.383
4938,16.561
4939,0.446
4940,0
4941,0
4942,0
4943,0
4944,0
4945,0
4946,0
4947,0.002
4948,3.355
4949,29.355
4950,89.659
4951,150.657
4952,225.942
4953,279.755
4954,296.266
4955,275.546
4956,232.175
4957,255.651
4958,200.285
4959,149.735
4960,110.312
4961,50.463
4962,11.938
4963,0.742
4964,0
4965,0
4966,0
4967,0
4968,0
4969,0
4970,0
4971,0.002
4972,2.786
4973,21.914
4974,80.971
4975,164.583
4976,222.397
4977,320.336
4978,304.991
4979,323.787
4980,326.151
4981,284.786
4982,232.534
4983,161.892
4984,122.07
4985,56.614
4986,11.617
4987,1.996
4988,0
4989,0
4990,0
4991,0
4992,0
4993,0
4994,0
4995,0.001
4996,2.371
4997,21.728
4998,68.723
4999,130.155
5000,198.343
5001,208.872
5002,214.632
5003,251.591
5004,210.149
5005,226.544
5006,185.762
5007,116.729
5008,88.173
5009,33.41
5010,10.703
5011,0.096
5012,0
5013,0
5014,0
5015,0
5016,0
5017,0
5018,0
5019,0.003
5020,3.332
5021,31.724
5022,68.1
5023,129.76
5024,176.231
5025,243.157
5026,286.638
5027,292.481
5028,297.883
5029,256.277
5030,201.117
5031,183.771
5032,114.541
5033,47.022
5034,15.753
5035,0.234
5036,0
5037,0
5038,0
5039,0
5040,0
5041,0
5042,0
5043,0
5044,1.571
5045,24.436
5046,78.636
5047,157.382
5048,201.784
5049,241.917
5050,248.399
5051,288.713
5052,260.124
5053,264.595
5054,230.346
5055,199.699
5056,130.251
5057,65.158
5058,13.928
5059,0.275
5060,0
5061,0
5062,0
5063,0
5064,0
5065,0
5066,0
5067,0.001
5068,2.792
5069,37.978
5070,101.679
5071,142.014
5072,212.467
5073,285.53
5074,284.066
5075,314.584
5076,302.594
5077,298.789
5078,226.161
5079,172.704
5080,113.997
5081,54.118
5082,11.909
5083,0.102
5084,0
5085,0
5086,0
5087,0
5088,0
5089,0
5090,0
5091,0.001
5092,3.729
5093,27.24
5094,69.684
5095,142.834
5096,178.486
5097,227.315
5098,209.822
5099,240.129
5100,229.705
5101,254.409
5102,211.815
5103,174.239
5104,106.107
5105,57.775
5106,19.18
5107,1.804
5108,0
5109,0
5110,0
5111,0
5112,0
5113,0
5114,0
5115,0
5116,1.499
5117,16.671
5118,67.865
5119,137.085
5120,211.108
5121,259.849
5122,353.389
5123,319.924
5124,267.921
5125,230.272
5126,218.314
5127,172.374
5128,100.538
5129,53.278
5130,13.402
5131,0.105
5132,0
5133,0
5134,0
5135,0
5136,0
5137,0
5138,0
5139,0
5140,2.763
5141,26.697
5142,78.696
5143,135.399
5144,235.95
5145,257.441
5146,324.693
5147,341.437
5148,309.165
5149,259.37
5150,225.85
5151,176.633
5152,120.094
5153,53.736
5154,15.406
5155,0.068
5156,0
5157,0
5158,0
5159,0
5160,0
5161,0
5162,0
5163,0
5164,2.319
5165,31.033
5166,92.198
5167,134.089
5168,215.705
5169,264.922
5170,297.781
5171,256.825
5172,270.467
5173,231.416
5174,185.534
5175,174.625
5176,129.983
5177,58.918
5178,11.92
5179,0.017
5180,0
5181,0
5182,0
5183,0
5184,0
5185,0
5186,0
5187,0
5188,1.734
5189,25.842
5190,94.109
5191,172.057
5192,228.384
5193,328.406
5194,383.463
5195,356.46
5196,352.272
5197,323.297
5198,268.921
5199,186.27
5200,119.442
5201,49.829
5202,12.594
5203,0.024
5204,0
5205,0
5206,0
5207,0
5208,0
5209,0
5210,0
5211,0
5212,1.699
5213,28.669
5214,82.067
5215,154.443
5216,223.178
5217,301.814
5218,380.017
5219,390.39
5220,310.527
5221,326.65
5222,278.846
5223,184.68
5224,124.646
5225,54.688
5226,9.594
5227,0.022
5228,0
5229,0
5230,0
5231,0
5232,0
5233,0
5234,0
5235,0
5236,2.238
5237,30.104
5238,93.354
5239,174.156
5240,258.368
5241,321.79
5242,338.348
5243,350.333
5244,321.25
5245,271.554
5246,244.005
5247,165.833
5248,95.014
5249,60.682
5250,10.846
5251,0.029
5252,0
5253,0
5254,0
5255,0
5256,0
5257,0
5258,0
5259,0
5260,1.773
5261,20.376
5262,66.174
5263,122.345
5264,169.263
5265,234.885
5266,227.78
5267,260.081
5268,238.144
5269,220.086
5270,188.24
5271,154.722
5272,82.538
5273,36.533
5274,7.522
5275,0.007
5276,0
5277,0
5278,0
5279,0
5280,0
5281,0
5282,0
5283,0
5284,0.803
5285,18.969
5286,66.7
5287,126.135
5288,193.381
5289,194.816
5290,245.422
5291,294.107
5292,261.809
5293,209.359
5294,212.291
5295,173.992
5296,107.136
5297,39.952
5298,6.112
5299,0.006
5300,0
5301,0
5302,0
5303,0
5304,0
5305,0
5306,0
5307,0
5308,1.397
5309,17.008
5310,64.407
5311,128.634
5312,197.456
5313,253.097
5314,257.8
5315,292.851
5316,270.848
5317,282.667
5318,214.234
5319,152.732
5320,89.083
5321,40.269
5322,6.799
5323,0.006
5324,0
5325,0
5326,0
5327,0
5328,0
5329,0
5330,0
5331,0
5332,1.114
5333,20.08
5334,75.513
5335,138.984
5336,169.18
5337,206.679
5338,237.488
5339,235.605
5340,211.717
5341,174.909
5342,181.744
5343,150.306
5344,78.594
5345,39.983
5346,7.154
5347,0.004
5348,0
5349,0
5350,0
5351,0
5352,0
5353,0
5354,0
5355,0
5356,0.64
5357,17.123
5358,65.277
5359,116.179
5360,205.782
5361,248.026
5362,246.946
5363,277.656
5364,285.649
5365,261.89
5366,200.987
5367,170.609
5368,86.868
5369,37.773
5370,4.039
5371,0.003
5372,0
5373,0
5374,0
5375,0
5376,0
5377,0
5378,0
5379,0
5380,0.649
5381,14.955
5382,63.657
5383,127.552
5384,179.174
5385,231.261
5386,246.85
5387,242.655
5388,240.43
5389,206.901
5390,176.851
5391,156.144
5392,81.82
5393,39.742
5394,5.032
5395,0.001
5396,0
5397,0
5398,0
5399,0
5400,0
5401,0
5402,0
5403,0
5404,1.191
5405,24.331
5406,88.427
5407,159.561
5408,262.243
5409,282.481
5410,266.052
5411,235.403
5412,240.798
5413,191.86
5414,156.993
5415,106.531
5416,69.937
5417,32.596
5418,2.753
5419,0
5420,0
5421,0
5422,0
5423,0
5424,0
5425,0
5426,0
5427,0
5428,0.98
5429,13.295
5430,55.131
5431,132.049
5432,208.14
5433,233.775
5434,279.802
5435,278.759
5436,301.203
5437,235.211
5438,174.2
5439,148.127
5440,103.987
5441,27.464
5442,2.865
5443,0
5444,0
5445,0
5446,0
5447,0
5448,0
5449,0
5450,0
5451,0
5452,0.455
5453,10.715
5454,58.415
5455,119.976
5456,138.953
5457,209.528
5458,198.75
5459,235.733
5460,245.913
5461,235.67
5462,171.991
5463,133.859
5464,81.406
5465,28.485
5466,2.731
5467,0
5468,0
5469,0
5470,0
5471,0
5472,0
5473,0
5474,0
5475,0
5476,0.478
5477,14.044
5478,80.313
5479,144.157
5480,211.465
5481,252.235
5482,255.246
5483,281.818
5484,287.68
5485,225.335
5486,173.381
5487,119.874
5488,72.751
5489,29.425
5490,3.132
5491,0
5492,0
5493,0
5494,0
5495,0
5496,0
5497,0
5498,0
5499,0
5500,0.388
5501,8.897
5502,44.483
5503,99.958
5504,165.27
5505,196.433
5506,250.454
5507,243.081
5508,233.163
5509,185.85
5510,164.259
5511,125.066
5512,86.493
5513,27.767
5514,1.7
5515,0
5516,0
5517,0
5518,0
5519,0
5520,0
5521,0
5522,0
5523,0
5524,0.231
5525,11.974
5526,60.845
5527,110.558
5528,174.648
5529,214.684
5530,243.312
5531,243.995
5532,264.751
5533,222.943
5534,207.271
5535,160.063
5536,78.106
5537,33.832
5538,2.058
5539,0
5540,0
5541,0
5542,0
5543,0
5544,0
5545,0
5546,0
5547,0
5548,0.052
5549,10.355
5550,63.205
5551,118.739
5552,191.611
5553,243.921
5554,252.482
5555,293.619
5556,253.05
5557,229.643
5558,197.29
5559,127.463
5560,68.459
5561,23.043
5562,3.371
5563,0
5564,0
5565,0
5566,0
5567,0
5568,0
5569,0
5570,0
5571,0
5572,0.023
5573,9.19
5574,56.158
5575,124.384
5576,180.518
5577,241.7
5578,228.461
5579,217.732
5580,223.262
5581,179.612
5582,145.038
5583,108.041
5584,72.535
5585,26.679
5586,2.575
5587,0
5588,0
5589,0
5590,0
5591,0
5592,0
5593,0
5594,0
5595,0
5596,0.055
5597,10.066
5598,36.082
5599,99
5600,148.89
5601,178.148
5602,236.232
5603,223.886
5604,217.042
5605,194.76
5606,126.69
5607,84.434
5608,54.546
5609,23.427
5610,1.784
5611,0
5612,0
5613,0
5614,0
5615,0
5616,0
5617,0
5618,0
5619,0
5620,0.055
5621,6.221
5622,31.963
5623,81.967
5624,154.09
5625,185.836
5626,211.24
5627,223.051
5628,186.383
5629,136.55
5630,129.212
5631,79.794
5632,64.394
5633,25.602
5634,2.515
5635,0
5636,0
5637,0
5638,0
5639,0
5640,0
5641,0
5642,0
5643,0
5644,0.043
5645,8.259
5646,46.815
5647,93.856
5648,176.549
5649,218.068
5650,234.585
5651,264.449
5652,262.608
5653,214.02
5654,197.402
5655,139.882
5656,78.441
5657,27.162
5658,3.264
5659,0
5660,0
5661,0
5662,0
5663,0
5664,0
5665,0
5666,0
5667,0
5668,0.015
5669,11.815
5670,64.926
5671,146.872
5672,214.473
5673,270.431
5674,281.278
5675,293.439
5676,267.977
5677,215.031
5678,179.742
5679,113.281
5680,77.272
5681,18.095
5682,1.795
5683,0
5684,0
5685,0
5686,0
5687,0
5688,0
5689,0
5690,0
5691,0
5692,0.04
5693,7.758
5694,27.44
5695,58.784
5696,104.139
5697,160.491
5698,197.102
5699,240.116
5700,225.814
5701,223.053
5702,168.579
5703,90.238
5704,46.994
5705,14.617
5706,0.715
5707,0
5708,0
5709,0
5710,0
5711,0
5712,0
5713,0
5714,0
5715,0
5716,0.014
5717,6.366
5718,39.643
5719,112.253
5720,151.151
5721,225.817
5722,211.545
5723,216.652
5724,249.543
5725,200.907
5726,132.811
5727,87.727
5728,41.564
5729,16.803
5730,0.904
5731,0
5732,0
5733,0
5734,0
5735,0
5736,0
5737,0
5738,0
5739,0
5740,0.005
5741,6.269
5742,30.605
5743,79.764
5744,141.862
5745,174.761
5746,200.944
5747,161.334
5748,165.882
5749,147.236
5750,103.682
5751,70.181
5752,31.194
5753,9.772
5754,0.317
5755,0
5756,0
5757,0
5758,0
5759,0
5760,0
5761,0
5762,0
5763,0
5764,0.01
5765,4.961
5766,48.981
5767,115.394
5768,156.612
5769,201.231
5770,230.801
5771,190.214
5772,183.904
5773,169.891
5774,133.219
5775,91.212
5776,51.152
5777,19.069
5778,0.117
5779,0
5780,0
5781,0
5782,0
5783,0
5784,0
5785,0
5786,0
5787,0
5788,0.008
5789,7.404
5790,44.754
5791,103.872
5792,163.449
5793,178.345
5794,189.615
5795,200.069
5796,182.522
5797,183.463
5798,191.517
5799,119.985
5800,69.602
5801,16.804
5802,0.079
5803,0
5804,0
5805,0
5806,0
5807,0
5808,0
5809,0
5810,0
5811,0
5812,0.009
5813,5.752
5814,55.533
5815,113.041
5816,185.898
5817,206.208
5818,201.326
5819,237.17
5820,223.76
5821,201.6
5822,163.345
5823,125.783
5824,67.064
5825,18.581
5826,0.108
5827,0
5828,0
5829,0
5830,0
5831,0
5832,0
5833,0
5834,0
5835,0
5836,0.005
5837,10.503
5838,48.606
5839,112.899
5840,183.823
5841,245.441
5842,285.605
5843,256.206
5844,238.218
5845,199.16
5846,147.957
5847,125.366
5848,55.701
5849,13.319
5850,0.066
5851,0
5852,0
5853,0
5854,0
5855,0
5856,0
5857,0
5858,0
5859,0
5860,0.002
5861,6.195
5862,36.541
5863,92.14
5864,152.764
5865,174.845
5866,150.351
5867,139.6
5868,219.171
5869,165.871
5870,122.177
5871,70.829
5872,38.109
5873,6.654
5874,0.089
5875,0
5876,0
5877,0
5878,0
5879,0
5880,0
5881,0
5882,0
5883,0
5884,0.001
5885,3.982
5886,31.883
5887,102.036
5888,142.467
5889,197.09
5890,209.957
5891,221.663
5892,225.439
5893,180.909
5894,129.582
5895,104.478
5896,48.429
5897,11.732
5898,0.016
5899,0
5900,0
5901,0
5902,0
5903,0
5904,0
5905,0
5906,0
5907,0
5908,0.001
5909,6.1
5910,43.867
5911,114.207
5912,184.649
5913,206.334
5914,263.072
5915,253.6
5916,225.872
5917,223.752
5918,164.472
5919,106.808
5920,44.284
5921,11.287
5922,0.011
5923,0
5924,0
5925,0
5926,0
5927,0
5928,0
5929,0
5930,0
5931,0
5932,0.002
5933,5.417
5934,40.78
5935,111.487
5936,169.518
5937,230.903
5938,243.482
5939,255.143
5940,217.502
5941,201.109
5942,172.065
5943,108.028
5944,48.723
5945,10.205
5946,0.014
5947,0
5948,0
5949,0
5950,0
5951,0
5952,0
5953,0
5954,0
5955,0
5956,0
5957,5.719
5958,46.563
5959,127.084
5960,188.378
5961,249.952
5962,276.061
5963,319.581
5964,310.395
5965,279.212
5966,197.452
5967,131.173
5968,56.249
5969,9.468
5970,0.008
5971,0
5972,0
5973,0
5974,0
5975,0
5976,0
5977,0
5978,0
5979,0
5980,0
5981,3.533
5982,34.424
5983,101.062
5984,162.687
5985,207.519
5986,240.026
5987,246.292
5988,205.662
5989,202.493
5990,173.025
5991,97.266
5992,37.935
5993,6.414
5994,0.001
5995,0
5996,0
5997,0
5998,0
5999,0
6000,0
6001,0
6002,0
6003,0
6004,0
6005,1.951
6006,23.187
6007,72.947
6008,116.285
6009,181.373
6010,180.864
6011,231.872
6012,204.534
6013,157.562
6014,117.958
6015,78.751
6016,34.973
6017,6.575
6018,0.002
6019,0
6020,0
6021,0
6022,0
6023,0
6024,0
6025,0
6026,0
6027,0
6028,0
6029,2.336
6030,30.011
6031,88.611
6032,150.902
6033,169.482
6034,191.597
6035,206.73
6036,209.188
6037,142.537
6038,139.748
6039,96.946
6040,38.19
6041,5.725
6042,0.013
6043,0
6044,0
6045,0
6046,0
6047,0
6048,0
6049,0
6050,0
6051,0
6052,0
6053,2.148
6054,32.826
6055,93.014
6056,149.842
6057,178.063
6058,241.207
6059,228.121
6060,209.365
6061,180.244
6062,136.934
6063,87.098
6064,33.113
6065,4.4
6066,0
6067,0
6068,0
6069,0
6070,0
6071,0
6072,0
6073,0
6074,0
6075,0
6076,0
6077,2.042
6078,20.088
6079,59.561
6080,134.974
6081,150.634
6082,168.662
6083,223.912
6084,205.749
6085,150.76
6086,130.852
6087,70.44
6088,29.184
6089,5.321
6090,0
6091,0
6092,0
6093,0
6094,0
6095,0
6096,0
6097,0
6098,0
6099,0
6100,0
6101,2.154
6102,27.391
6103,70.468
6104,116.281
6105,169.452
6106,177.25
6107,175.045
6108,179.271
6109,154.951
6110,96.175
6111,64.836
6112,25.522
6113,2.025
6114,0
6115,0
6116,0
6117,0
6118,0
6119,0
6120,0
6121,0
6122,0
6123,0
6124,0
6125,1.65
6126,25.785
6127,72.155
6128,136.111
6129,194.163
6130,209.536
6131,198.578
6132,187.479
6133,147.955
6134,110.028
6135,79.21
6136,28.522
6137,3.556
6138,0
6139,0
6140,0
6141,0
6142,0
6143,0
6144,0
6145,0
6146,0
6147,0
6148,0
6149,0.757
6150,20.49
6151,76.085
6152,146.813
6153,221.366
6154,198.722
6155,218.223
6156,216.443
6157,211.397
6158,182.179
6159,98.759
6160,38.333
6161,2.643
6162,0
6163,0
6164,0
6165,0
6166,0
6167,0
6168,0
6169,0
6170,0
6171,0
6172,0
6173,1.317
6174,26.592
6175,88.379
6176,134.885
6177,177.745
6178,176.318
6179,194.629
6180,182.963
6181,166.029
6182,109.381
6183,63.384
6184,25.393
6185,1.27
6186,0
6187,0
6188,0
6189,0
6190,0
6191,0
6192,0
6193,0
6194,0
6195,0
6196,0
6197,2.396
6198,31.394
6199,76.324
6200,159.479
6201,186.952
6202,226.584
6203,221.277
6204,210.628
6205,168.401
6206,115.613
6207,60.912
6208,18.463
6209,1.833
6210,0
6211,0
6212,0
6213,0
6214,0
6215,0
6216,0
6217,0
6218,0
6219,0
6220,0
6221,1.57
6222,24.918
6223,80.11
6224,156.559
6225,193.778
6226,237.714
6227,219.181
6228,204.759
6229,162.145
6230,118.114
6231,80.491
6232,26.446
6233,2.233
6234,0
6235,0
6236,0
6237,0
6238,0
6239,0
6240,0
6241,0
6242,0
6243,0
6244,0
6245,1.75
6246,21.359
6247,67.903
6248,119.144
6249,166.262
6250,158.96
6251,166.864
6252,143.62
6253,106.205
6254,78.367
6255,43.987
6256,16.654
6257,1.34
6258,0
6259,0
6260,0
6261,0
6262,0
6263,0
6264,0
6265,0
6266,0
6267,0
6268,0
6269,1.092
6270,19.937
6271,63.477
6272,146.371
6273,190.991
6274,229.294
6275,227.586
6276,225.836
6277,182.542
6278,128.342
6279,66.375
6280,31.366
6281,1.656
6282,0
6283,0
6284,0
6285,0
6286,0
6287,0
6288,0
6289,0
6290,0
6291,0
6292,0
6293,2.018
6294,27.33
6295,83.988
6296,168.639
6297,204.798
6298,221.445
6299,200.63
6300,208.938
6301,174.265
6302,137.851
6303,81.401
6304,22.976
6305,1.225
6306,0
6307,0
6308,0
6309,0
6310,0
6311,0
6312,0
6313,0
6314,0
6315,0
6316,0
6317,0.55
6318,19.311
6319,61.832
6320,104.566
6321,158.055
6322,172.635
6323,165.029
6324,153.492
6325,128.387
6326,121.691
6327,67.548
6328,17.905
6329,1.707
6330,0
6331,0
6332,0
6333,0
6334,0
6335,0
6336,0
6337,0
6338,0
6339,0
6340,0
6341,0.801
6342,17.744
6343,56.766
6344,120.579
6345,185.55
6346,201.16
6347,217.212
6348,183.329
6349,155.983
6350,111.301
6351,80.809
6352,21.432
6353,1.431
6354,0
6355,0
6356,0
6357,0
6358,0
6359,0
6360,0
6361,0
6362,0
6363,0
6364,0
6365,1.099
6366,17.267
6367,61.946
6368,119.274
6369,181.22
6370,219.642
6371,226.418
6372,193.508
6373,168.662
6374,126.805
6375,53.634
6376,14.703
6377,0.117
6378,0
6379,0
6380,0
6381,0
6382,0
6383,0
6384,0
6385,0
6386,0
6387,0
6388,0
6389,0.327
6390,14.539
6391,52.968
6392,95.079
6393,124.38
6394,139.455
6395,163.99
6396,162.402
6397,119.227
6398,74.28
6399,42.684
6400,10.965
6401,0.028
6402,0
6403,0
6404,0
6405,0
6406,0
6407,0
6408,0
6409,0
6410,0
6411,0
6412,0
6413,0.555
6414,20.202
6415,62.664
6416,109.741
6417,151.282
6418,169.85
6419,168.59
6420,172.282
6421,124.56
6422,76.926
6423,57.395
6424,16.219
6425,0.353
6426,0
6427,0
6428,0
6429,0
6430,0
6431,0
6432,0
6433,0
6434,0
6435,0
6436,0
6437,0.133
6438,15.466
6439,76.27
6440,145.769
6441,189.89
6442,183.655
6443,176.046
6444,175.803
6445,142.17
6446,97.41
6447,63.692
6448,16.653
6449,0.021
6450,0
6451,0
6452,0
6453,0
6454,0
6455,0
6456,0
6457,0
6458,0
6459,0
6460,0
6461,0.072
6462,9.704
6463,37.03
6464,71.93
6465,123.668
6466,144.19
6467,166.621
6468,153.324
6469,108.135
6470,65.042
6471,36.608
6472,11.482
6473,0.123
6474,0
6475,0
6476,0
6477,0
6478,0
6479,0
6480,0
6481,0
6482,0
6483,0
6484,0
6485,0.151
6486,12.383
6487,40.906
6488,93.654
6489,153.321
6490,183.304
6491,165.129
6492,164.029
6493,143.962
6494,90.814
6495,44.454
6496,11.601
6497,0.242
6498,0
6499,0
6500,0
6501,0
6502,0
6503,0
6504,0
6505,0
6506,0
6507,0
6508,0
6509,0.021
6510,7.425
6511,40.424
6512,88.038
6513,138.923
6514,154.266
6515,173.09
6516,158.493
6517,129.075
6518,100.986
6519,44.823
6520,10.535
6521,0.036
6522,0
6523,0
6524,0
6525,0
6526,0
6527,0
6528,0
6529,0
6530,0
6531,0
6532,0
6533,0.011
6534,9.343
6535,42.686
6536,82.887
6537,112.53
6538,159.756
6539,178.03
6540,139.84
6541,131.234
6542,97.095
6543,42.941
6544,11.214
6545,0.086
6546,0
6547,0
6548,0
6549,0
6550,0
6551,0
6552,0
6553,0
6554,0
6555,0
6556,0
6557,0.018
6558,8.817
6559,57.439
6560,120.672
6561,175.583
6562,189.072
6563,184.917
6564,156.304
6565,145.606
6566,87.752
6567,39.332
6568,7.07
6569,0.007
6570,0
6571,0
6572,0
6573,0
6574,0
6575,0
6576,0
6577,0
6578,0
6579,0
6580,0
6581,0.005
6582,6.309
6583,37.611
6584,86.523
6585,125.929
6586,142.727
6587,151.364
6588,147.84
6589,110.27
6590,60.045
6591,35.215
6592,5.429
6593,0.006
6594,0
6595,0
6596,0
6597,0
6598,0
6599,0
6600,0
6601,0
6602,0
6603,0
6604,0
6605,0.012
6606,6.434
6607,53.632
6608,106.598
6609,153.682
6610,154.077
6611,121.895
6612,123.59
6613,105.777
6614,77.87
6615,35.851
6616,6.762
6617,0.008
6618,0
6619,0
6620,0
6621,0
6622,0
6623,0
6624,0
6625,0
6626,0
6627,0
6628,0
6629,0.063
6630,5.185
6631,26.383
6632,68.089
6633,126.756
6634,130.997
6635,112.318
6636,93.018
6637,74.625
6638,40.992
6639,26.42
6640,4.696
6641,0.023
6642,0
6643,0
6644,0
6645,0
6646,0
6647,0
6648,0
6649,0
6650,0
6651,0
6652,0
6653,0.004
6654,4.125
6655,37.725
6656,76.589
6657,128.94
6658,158.675
6659,173.563
6660,122.893
6661,117.629
6662,81.112
6663,32.555
6664,4.794
6665,0.014
6666,0
6667,0
6668,0
6669,0
6670,0
6671,0
6672,0
6673,0
6674,0
6675,0
6676,0
6677,0.003
6678,3.917
6679,37.677
6680,67.372
6681,85.574
6682,121.731
6683,99.943
6684,109.851
6685,112.388
6686,65.764
6687,30.827
6688,5.347
6689,0
6690,0
6691,0
6692,0
6693,0
6694,0
6695,0
6696,0
6697,0
6698,0
6699,0
6700,0
6701,0.004
6702,4.384
6703,19
6704,42.996
6705,89.05
6706,104.448
6707,107.103
6708,102.962
6709,98.76
6710,83.063
6711,30.12
6712,5.013
6713,0
6714,0
6715,0
6716,0
6717,0
6718,0
6719,0
6720,0
6721,0
6722,0
6723,0
6724,0
6725,0.003
6726,4.417
6727,37.025
6728,89.304
6729,148.254
6730,147.681
6731,160.492
6732,124.329
6733,110.225
6734,68.056
6735,26.206
6736,3.579
6737,0
6738,0
6739,0
6740,0
6741,0
6742,0
6743,0
6744,0
6745,0
6746,0
6747,0
6748,0
6749,0
6750,3.553
6751,29.792
6752,57.352
6753,93.512
6754,101.934
6755,109.022
6756,108.473
6757,83.478
6758,61.34
6759,30.11
6760,3.062
6761,0
6762,0
6763,0
6764,0
6765,0
6766,0
6767,0
6768,0
6769,0
6770,0
6771,0
6772,0
6773,0.002
6774,7.051
6775,38.302
6776,80.779
6777,120.343
6778,155.726
6779,140.618
6780,140.649
6781,100.818
6782,83.948
6783,31.363
6784,3.681
6785,0
6786,0
6787,0
6788,0
6789,0
6790,0
6791,0
6792,0
6793,0
6794,0
6795,0
6796,0
6797,0.001
6798,5.464
6799,37.804
6800,110.618
6801,158.143
6802,179.371
6803,182.178
6804,166.42
6805,113.861
6806,81.62
6807,30.607
6808,2.298
6809,0
6810,0
6811,0
6812,0
6813,0
6814,0
6815,0
6816,0
6817,0
6818,0
6819,0
6820,0
6821,0.002
6822,4.199
6823,34.724
6824,83.263
6825,131.287
6826,139.467
6827,151.08
6828,149.028
6829,124.498
6830,81.497
6831,32.776
6832,3.258
6833,0
6834,0
6835,0
6836,0
6837,0
6838,0
6839,0
6840,0
6841,0
6842,0
6843,0
6844,0
6845,0
6846,3.086
6847,26.805
6848,70.868
6849,111.741
6850,129.192
6851,109.511
6852,118.536
6853,101.057
6854,72.739
6855,26.058
6856,1.077
6857,0
6858,0
6859,0
6860,0
6861,0
6862,0
6863,0
6864,0
6865,0
6866,0
6867,0
6868,0
6869,0
6870,1.838
6871,23.057
6872,71.336
6873,111.076
6874,134.728
6875,140.52
6876,135.729
6877,100.862
6878,60.594
6879,15.462
6880,1.078
6881,0
6882,0
6883,0
6884,0
6885,0
6886,0
6887,0
6888,0
6889,0
6890,0
6891,0
6892,0
6893,0
6894,1.75
6895,24.896
6896,63.878
6897,120.096
6898,156.963
6899,140.752
6900,124.111
6901,88.256
6902,60.58
6903,21.298
6904,1.312
6905,0
6906,0
6907,0
6908,0
6909,0
6910,0
6911,0
6912,0
6913,0
6914,0
6915,0
6916,0
6917,0
6918,3.063
6919,22.774
6920,59.761
6921,116.466
6922,148.133
6923,142.067
6924,122.966
6925,109.358
6926,53.176
6927,18.437
6928,1.145
6929,0
6930,0
6931,0
6932,0
6933,0
6934,0
6935,0
6936,0
6937,0
6938,0
6939,0
6940,0
6941,0
6942,2.952
6943,28.642
6944,73.853
6945,123.09
6946,141.368
6947,151.846
6948,136.39
6949,102.006
6950,71.517
6951,23.532
6952,1.539
6953,0
6954,0
6955,0
6956,0
6957,0
6958,0
6959,0
6960,0
6961,0
6962,0
6963,0
6964,0
6965,0
6966,2.232
6967,29.795
6968,84.132
6969,132.691
6970,166.159
6971,155.58
6972,143.147
6973,112.466
6974,67.146
6975,21.525
6976,0.865
6977,0
6978,0
6979,0
6980,0
6981,0
6982,0
6983,0
6984,0
6985,0
6986,0
6987,0
6988,0
6989,0
6990,3.624
6991,35.88
6992,76.874
6993,121.018
6994,149.356
6995,164.484
6996,150.28
6997,133.143
6998,74.745
6999,23.95
7000,0.287
7001,0
7002,0
7003,0
7004,0
7005,0
7006,0
7007,0
7008,0
7009,0
7010,0
7011,0
7012,0
7013,0
7014,1.344
7015,23.647
7016,63.977
7017,115.488
7018,139.994
7019,128.664
7020,112.184
7021,92.895
7022,51.686
7023,18.235
7024,0.2
7025,0
7026,0
7027,0
7028,0
7029,0
7030,0
7031,0
7032,0
7033,0
7034,0
7035,0
7036,0
7037,0
7038,1.261
7039,18.671
7040,54.477
7041,86.149
7042,126.922
7043,86.923
7044,88.66
7045,64.159
7046,40.338
7047,9.085
7048,0.019
7049,0
7050,0
7051,0
7052,0
7053,0
7054,0
7055,0
7056,0
7057,0
7058,0
7059,0
7060,0
7061,0
7062,0.35
7063,11.921
7064,34.783
7065,60.873
7066,80.112
7067,81.513
7068,80.031
7069,63.643
7070,38.947
7071,11.32
7072,0.315
7073,0
7074,0
7075,0
7076,0
7077,0
7078,0
7079,0
7080,0
7081,0
7082,0
7083,0
7084,0
7085,0
7086,0.384
7087,25.833
7088,65.29
7089,109.217
7090,121.541
7091,135.424
7092,108.226
7093,86.761
7094,48.094
7095,10.446
7096,0.449
7097,0
7098,0
7099,0
7100,0
7101,0
7102,0
7103,0
7104,0
7105,0
7106,0
7107,0
7108,0
7109,0
7110,0.647
7111,14.571
7112,37.654
7113,80.874
7114,121.906
7115,135.064
7116,110.476
7117,77.414
7118,52.681
7119,9.28
7120,0.026
7121,0
7122,0
7123,0
7124,0
7125,0
7126,0
7127,0
7128,0
7129,0
7130,0
7131,0
7132,0
7133,0
7134,0.144
7135,10.056
7136,35.193
7137,62.692
7138,94.548
7139,96.155
7140,80.897
7141,64.726
7142,34.465
7143,7.592
7144,0.015
7145,0
7146,0
7147,0
7148,0
7149,0
7150,0
7151,0
7152,0
7153,0
7154,0
7155,0
7156,0
7157,0
7158,0.149
7159,8.336
7160,28.152
7161,43.493
7162,56.403
7163,61.434
7164,62.516
7165,38.395
7166,18.156
7167,4.323
7168,0.026
7169,0
7170,0
7171,0
7172,0
7173,0
7174,0
7175,0
7176,0
7177,0
7178,0
7179,0
7180,0
7181,0
7182,0.47
7183,10.461
7184,39.578
7185,70.818
7186,91.703
7187,96.732
7188,66.018
7189,61.466
7190,25.939
7191,5.078
7192,0.021
7193,0
7194,0
7195,0
7196,0
7197,0
7198,0
7199,0
7200,0
7201,0
7202,0
7203,0
7204,0
7205,0
7206,0.451
7207,15.969
7208,45.27
7209,72.47
7210,78.754
7211,91.372
7212,89.438
7213,66.663
7214,35.146
7215,7.77
7216,0.025
7217,0
7218,0
7219,0
7220,0
7221,0
7222,0
7223,0
7224,0
7225,0
7226,0
7227,0
7228,0
7229,0
7230,0.268
7231,16.332
7232,55.802
7233,88.072
7234,108.029
7235,108.493
7236,101.335
7237,66.62
7238,33.786
7239,6.743
7240,0.007
7241,0
7242,0
7243,0
7244,0
7245,0
7246,0
7247,0
7248,0
7249,0
7250,0
7251,0
7252,0
7253,0
7254,0.025
7255,11.528
7256,41.098
7257,63.224
7258,93.118
7259,115.281
7260,77.127
7261,56.695
7262,30.908
7263,3.473
7264,0.118
7265,0
7266,0
7267,0
7268,0
7269,0
7270,0
7271,0
7272,0
7273,0
7274,0
7275,0
7276,0
7277,0
7278,0.019
7279,6.843
7280,27.483
7281,47.788
7282,66.113
7283,73.995
7284,60.62
7285,49.212
7286,21.759
7287,2.047
7288,0.003
7289,0
7290,0
7291,0
7292,0
7293,0
7294,0
7295,0
7296,0
7297,0
7298,0
7299,0
7300,0
7301,0
7302,0.012
7303,8.589
7304,30.993
7305,59.721
7306,88.479
7307,98.492
7308,88.356
7309,66.787
7310,33.435
7311,3.898
7312,0.002
7313,0
7314,0
7315,0
7316,0
7317,0
7318,0
7319,0
7320,0
7321,0
7322,0
7323,0
7324,0
7325,0
7326,0.051
7327,6.888
7328,24.913
7329,36.277
7330,51.612
7331,66.614
7332,57.536
7333,38.36
7334,20.474
7335,1.916
7336,0
7337,0
7338,0
7339,0
7340,0
7341,0
7342,0
7343,0
7344,0
7345,0
7346,0
7347,0
7348,0
7349,0
7350,0.007
7351,4.951
7352,38.807
7353,57.583
7354,64.004
7355,67.061
7356,53.851
7357,37.867
7358,19.412
7359,2.449
7360,0
7361,0
7362,0
7363,0
7364,0
7365,0
7366,0
7367,0
7368,0
7369,0
7370,0
7371,0
7372,0
7373,0
7374,0.022
7375,7.691
7376,23.883
7377,56.269
7378,66.334
7379,64.112
7380,54.516
7381,36.027
7382,14.86
7383,1.792
7384,0
7385,0
7386,0
7387,0
7388,0
7389,0
7390,0
7391,0
7392,0
7393,0
7394,0
7395,0
7396,0
7397,0
7398,0.005
7399,6.849
7400,34.137
7401,69.383
7402,95.73
7403,95.703
7404,86.927
7405,48.166
7406,19.923
7407,2.042
7408,0
7409,0
7410,0
7411,0
7412,0
7413,0
7414,0
7415,0
7416,0
7417,0
7418,0
7419,0
7420,0
7421,0
7422,0.003
7423,3.576
7424,22.048
7425,60.666
7426,80.545
7427,81.42
7428,64.91
7429,32.381
7430,15.028
7431,0.741
7432,0
7433,0
7434,0
7435,0
7436,0
7437,0
7438,0
7439,0
7440,0
7441,0
7442,0
7443,0
7444,0
7445,0
7446,0.006
7447,3.004
7448,24.844
7449,48.229
7450,52.628
7451,55.91
7452,41.483
7453,33.879
7454,19.135
7455,3.052
7456,0
7457,0
7458,0
7459,0
7460,0
7461,0
7462,0
7463,0
7464,0
7465,0
7466,0
7467,0
7468,0
7469,0
7470,0.001
7471,2.874
7472,21.668
7473,34.382
7474,40.765
7475,39.498
7476,34.857
7477,22.313
7478,13.437
7479,1.081
7480,0
7481,0
7482,0
7483,0
7484,0
7485,0
7486,0
7487,0
7488,0
7489,0
7490,0
7491,0
7492,0
7493,0
7494,0.002
7495,1.683
7496,26.317
7497,54.706
7498,64.01
7499,65.67
7500,52.467
7501,37.859
7502,17.188
7503,0.735
7504,0
7505,0
7506,0
7507,0
7508,0
7509,0
7510,0
7511,0
7512,0
7513,0
7514,0
7515,0
7516,0
7517,0
7518,0
7519,1.434
7520,24.498
7521,48.569
7522,64.358
7523,80.626
7524,65.45
7525,35.744
7526,13.274
7527,1.151
7528,0
7529,0
7530,0
7531,0
7532,0
7533,0
7534,0
7535,0
7536,0
7537,0
7538,0
7539,0
7540,0
7541,0
7542,0.001
7543,1.947
7544,20.636
7545,44.517
7546,56.183
7547,52.846
7548,34.819
7549,19.721
7550,8.824
7551,0.197
7552,0
7553,0
7554,0
7555,0
7556,0
7557,0
7558,0
7559,0
7560,0
7561,0
7562,0
7563,0
7564,0
7565,0
7566,0
7567,1.011
7568,10.412
7569,25.63
7570,59.977
7571,52.193
7572,40.032
7573,27.94
7574,9.589
7575,0.428
7576,0
7577,0
7578,0
7579,0
7580,0
7581,0
7582,0
7583,0
7584,0
7585,0
7586,0
7587,0
7588,0
7589,0
7590,0
7591,1.221
7592,15.852
7593,49.168
7594,66.053
7595,63.405
7596,46.314
7597,26.381
7598,7.984
7599,0.27
7600,0
7601,0
7602,0
7603,0
7604,0
7605,0
7606,0
7607,0
7608,0
7609,0
7610,0
7611,0
7612,0
7613,0
7614,0
7615,1.499
7616,15.936
7617,43.318
7618,64.004
7619,69.95
7620,43.147
7621,25.317
7622,9.324
7623,0.489
7624,0
7625,0
7626,0
7627,0
7628,0
7629,0
7630,0
7631,0
7632,0
7633,0
7634,0
7635,0
7636,0
7637,0
7638,0
7639,0.739
7640,14.791
7641,27.468
7642,50.584
7643,68.22
7644,53.107
7645,34.622
7646,12.734
7647,0.351
7648,0
7649,0
7650,0
7651,0
7652,0
7653,0
7654,0
7655,0
7656,0
7657,0
7658,0
7659,0
7660,0
7661,0
7662,0
7663,1.675
7664,23.398
7665,43.262
7666,53.373
7667,54.397
7668,44.253
7669,27.909
7670,9.083
7671,0.138
7672,0
7673,0
7674,0
7675,0
7676,0
7677,0
7678,0
7679,0
7680,0
7681,0
7682,0
7683,0
7684,0
7685,0
7686,0
7687,0.81
7688,11.067
7689,30.025
7690,45.621
7691,33.167
7692,27.532
7693,23.416
7694,3.935
7695,0.116
7696,0
7697,0
7698,0
7699,0
7700,0
7701,0
7702,0
7703,0
7704,0
7705,0
7706,0
7707,0
7708,0
7709,0
7710,0
7711,1.334
7712,18.352
7713,35.03
7714,48.239
7715,59.089
7716,61.295
7717,33.318
7718,7.997
7719,0.259
7720,0
7721,0
7722,0
7723,0
7724,0
7725,0
7726,0
7727,0
7728,0
7729,0
7730,0
7731,0
7732,0
7733,0
7734,0
7735,1.66
7736,17.08
7737,28.713
7738,45.736
7739,41.794
7740,42.801
7741,30.668
7742,5.655
7743,0.19
7744,0
7745,0
7746,0
7747,0
7748,0
7749,0
7750,0
7751,0
7752,0
7753,0
7754,0
7755,0
7756,0
7757,0
7758,0
7759,0.347
7760,14.555
7761,39.588
7762,60.071
7763,55.333
7764,45.027
7765,30.528
7766,8.524
7767,0.408
7768,0
7769,0
7770,0
7771,0
7772,0
7773,0
7774,0
7775,0
7776,0
7777,0
7778,0
7779,0
7780,0
7781,0
7782,0
7783,0.439
7784,12.465
7785,21.102
7786,36.303
7787,40.707
7788,31.075
7789,23.614
7790,4.446
7791,0.138
7792,0
7793,0
7794,0
7795,0
7796,0
7797,0
7798,0
7799,0
7800,0
7801,0
7802,0
7803,0
7804,0
7805,0
7806,0
7807,0.345
7808,12.007
7809,34.399
7810,47.404
7811,58.652
7812,53.412
7813,27.517
7814,9.618
7815,0.18
7816,0
7817,0
7818,0
7819,0
7820,0
7821,0
7822,0
7823,0
7824,0
7825,0
7826,0
7827,0
7828,0
7829,0
7830,0
7831,1.075
7832,14.267
7833,33.18
7834,48.467
7835,67.01
7836,47.022
7837,33.658
7838,5.664
7839,0.084
7840,0
7841,0
7842,0
7843,0
7844,0
7845,0
7846,0
7847,0
7848,0
7849,0
7850,0
7851,0
7852,0
7853,0
7854,0
7855,1.199
7856,12.848
7857,27.615
7858,42.121
7859,39.133
7860,38.333
7861,22.624
7862,5.914
7863,0.062
7864,0
7865,0
7866,0
7867,0
7868,0
7869,0
7870,0
7871,0
7872,0
7873,0
7874,0
7875,0
7876,0
7877,0
7878,0
7879,0.281
7880,8.72
7881,20.96
7882,38.195
7883,46.305
7884,43.207
7885,23.032
7886,2.49
7887,0.071
7888,0
7889,0
7890,0
7891,0
7892,0
7893,0
7894,0
7895,0
7896,0
7897,0
7898,0
7899,0
7900,0
7901,0
7902,0
7903,0.364
7904,9.189
7905,25.788
7906,48.51
7907,47.251
7908,38.805
7909,23.715
7910,5.543
7911,0.185
7912,0
7913,0
7914,0
7915,0
7916,0
7917,0
7918,0
7919,0
7920,0
7921,0
7922,0
7923,0
7924,0
7925,0
7926,0
7927,0.602
7928,6.116
7929,13.496
7930,27.212
7931,36.241
7932,25.469
7933,12.942
7934,2.9
7935,0.012
7936,0
7937,0
7938,0
7939,0
7940,0
7941,0
7942,0
7943,0
7944,0
7945,0
7946,0
7947,0
7948,0
7949,0
7950,0
7951,0.081
7952,2.145
7953,14.454
7954,24.858
7955,22.893
7956,22.118
7957,15.859
7958,2.64
7959,0.007
7960,0
7961,0
7962,0
7963,0
7964,0
7965,0
7966,0
7967,0
7968,0
7969,0
7970,0
7971,0
7972,0
7973,0
7974,0
7975,0.15
7976,9.783
7977,31.327
7978,49.429
7979,51.288
7980,43.592
7981,25.978
7982,3.234
7983,0.012
7984,0
7985,0
7986,0
7987,0
7988,0
7989,0
7990,0
7991,0
7992,0
7993,0
7994,0
7995,0
7996,0
7997,0
7998,0
7999,0.318
8000,7.822
8001,25.045
8002,37.243
8003,38.967
8004,34.881
8005,17.451
8006,1.598
8007,0.09
8008,0
8009,0
8010,0
8011,0
8012,0
8013,0
8014,0
8015,0
8016,0
8017,0
8018,0
8019,0
8020,0
8021,0
8022,0
8023,0.153
8024,9.57
8025,20.07
8026,28.147
8027,30.025
8028,25.267
8029,14.805
8030,2.013
8031,0.013
8032,0
8033,0
8034,0
8035,0
8036,0
8037,0
8038,0
8039,0
8040,0
8041,0
8042,0
8043,0
8044,0
8045,0
8046,0
8047,0.069
8048,5.361
8049,28.704
8050,45.988
8051,40.996
8052,34.306
8053,18.73
8054,1.355
8055,0.05
8056,0
8057,0
8058,0
8059,0
8060,0
8061,0
8062,0
8063,0
8064,0
8065,0
8066,0
8067,0
8068,0
8069,0
8070,0
8071,0.01
8072,3.496
8073,13.506
8074,22.544
8075,37.846
8076,26.861
8077,14.571
8078,2.349
8079,0.007
8080,0
8081,0
8082,0
8083,0
8084,0
8085,0
8086,0
8087,0
8088,0
8089,0
8090,0
8091,0
8092,0
8093,0
8094,0
8095,0.013
8096,2.048
8097,13.156
8098,24.46
8099,27.708
8100,21.986
8101,12.809
8102,1.779
8103,0.04
8104,0
8105,0
8106,0
8107,0
8108,0
8109,0
8110,0
8111,0
8112,0
8113,0
8114,0
8115,0
8116,0
8117,0
8118,0
8119,0.041
8120,5.125
8121,24.166
8122,31.771
8123,27.537
8124,27.796
8125,16.341
8126,2.764
8127,0.076
8128,0
8129,0
8130,0
8131,0
8132,0
8133,0
8134,0
8135,0
8136,0
8137,0
8138,0
8139,0
8140,0
8141,0
8142,0
8143,0.008
8144,4.008
8145,17.386
8146,36.364
8147,28.699
8148,26.624
8149,15.012
8150,1.195
8151,0.004
8152,0
8153,0
8154,0
8155,0
8156,0
8157,0
8158,0
8159,0
8160,0
8161,0
8162,0
8163,0
8164,0
8165,0
8166,0
8167,0.002
8168,4.226
8169,15.715
8170,25.22
8171,35.274
8172,26.186
8173,14.188
8174,1.04
8175,0.01
8176,0
8177,0
8178,0
8179,0
8180,0
8181,0
8182,0
8183,0
8184,0
8185,0
8186,0
8187,0
8188,0
8189,0
8190,0
8191,0.01
8192,6.787
8193,18.192
8194,30.707
8195,35.253
8196,23.29
8197,11.899
8198,1.6
8199,0.007
8200,0
8201,0
8202,0
8203,0
8204,0
8205,0
8206,0
8207,0
8208,0
8209,0
8210,0
8211,0
8212,0
8213,0
8214,0
8215,0.002
8216,4.026
8217,18.722
8218,32.384
8219,36.815
8220,36.02
8221,19.822
8222,3.448
8223,0.033
8224,0
8225,0
8226,0
8227,0
8228,0
8229,0
8230,0
8231,0
8232,0
8233,0
8234,0
8235,0
8236,0
8237,0
8238,0
8239,0.005
8240,3.218
8241,18.128
8242,30.091
8243,39.12
8244,33.895
8245,13.282
8246,2.496
8247,0.005
8248,0
8249,0
8250,0
8251,0
8252,0
8253,0
8254,0
8255,0
8256,0
8257,0
8258,0
8259,0
8260,0
8261,0
8262,0
8263,0.014
8264,5.751
8265,25.967
8266,40.88
8267,45.075
8268,30.408
8269,20.297
8270,2.159
8271,0.081
8272,0
8273,0
8274,0
8275,0
8276,0
8277,0
8278,0
8279,0
8280,0
8281,0
8282,0
8283,0
8284,0
8285,0
8286,0
8287,0.003
8288,2.001
8289,15.036
8290,19.716
8291,25.429
8292,19.563
8293,9.284
8294,1.436
8295,0.04
8296,0
8297,0
8298,0
8299,0
8300,0
8301,0
8302,0
8303,0
8304,0
8305,0
8306,0
8307,0
8308,0
8309,0
8310,0
8311,0.005
8312,1.963
8313,8.294
8314,13.812
8315,20.537
8316,28.159
8317,22.01
8318,1.692
8319,0.015
8320,0
8321,0
8322,0
8323,0
8324,0
8325,0
8326,0
8327,0
8328,0
8329,0
8330,0
8331,0
8332,0
8333,0
8334,0
8335,0.003
8336,3.416
8337,15.652
8338,20.772
8339,28.088
8340,17.104
8341,14.441
8342,1.119
8343,0.013
8344,0
8345,0
8346,0
8347,0
8348,0
8349,0
8350,0
8351,0
8352,0
8353,0
8354,0
8355,0
8356,0
8357,0
8358,0
8359,0.007
8360,2.636
8361,17.62
8362,30.795
8363,45.114
8364,37.905
8365,25.905
8366,5.475
8367,0.09
8368,0
8369,0
8370,0
8371,0
8372,0
8373,0
8374,0
8375,0
8376,0
8377,0
8378,0
8379,0
8380,0
8381,0
8382,0
8383,0.004
8384,2.728
8385,19.199
8386,28.436
8387,32.84
8388,26.862
8389,14.717
8390,2.558
8391,0.031
8392,0
8393,0
8394,0
8395,0
8396,0
8397,0
8398,0
8399,0
8400,0
8401,0
8402,0
8403,0
8404,0
8405,0
8406,0
8407,0.004
8408,3.287
8409,18.372
8410,24.485
8411,30.218
8412,32.205
8413,18.66
8414,1.596
8415,0.036
8416,0
8417,0
8418,0
8419,0
8420,0
8421,0
8422,0
8423,0
8424,0
8425,0
8426,0
8427,0
8428,0
8429,0
8430,0
8431,0.004
8432,1.769
8433,13.198
8434,19.537
8435,26.856
8436,19.221
8437,17.657
8438,3.591
8439,0.027
8440,0
8441,0
8442,0
8443,0
8444,0
8445,0
8446,0
8447,0
8448,0
8449,0
8450,0
8451,0
8452,0
8453,0
8454,0
8455,0.003
8456,3.355
8457,13.285
8458,27.762
8459,28.754
8460,20.189
8461,9.805
8462,2.166
8463,0.015
8464,0
8465,0
8466,0
8467,0
8468,0
8469,0
8470,0
8471,0
8472,0
8473,0
8474,0
8475,0
8476,0
8477,0
8478,0
8479,0.004
8480,2.943
8481,23.56
8482,37.934
8483,33.43
8484,33.913
8485,17.987
8486,1.817
8487,0
8488,0
8489,0
8490,0
8491,0
8492,0
8493,0
8494,0
8495,0
8496,0
8497,0
8498,0
8499,0
8500,0
8501,0
8502,0
8503,0.003
8504,2.186
8505,24.68
8506,36.083
8507,38.778
8508,33.977
8509,24.026
8510,2.578
8511,0.006
8512,0
8513,0
8514,0
8515,0
8516,0
8517,0
8518,0
8519,0
8520,0
8521,0
8522,0
8523,0
8524,0
8525,0
8526,0
8527,0.002
8528,2.746
8529,20.953
8530,25.087
8531,29.589
8532,24.849
8533,14.127
8534,2.036
8535,0.007
8536,0
8537,0
8538,0
8539,0
8540,0
8541,0
8542,0
8543,0
8544,0
8545,0
8546,0
8547,0
8548,0
8549,0
8550,0
8551,0.001
8552,1.695
8553,11.789
8554,20.527
8555,31.416
8556,33.938
8557,22.258
8558,2.579
8559,0.011
8560,0
8561,0
8562,0
8563,0
8564,0
8565,0
8566,0
8567,0
8568,0
8569,0
8570,0
8571,0
8572,0
8573,0
8574,0
8575,0
8576,1.814
8577,13.69
8578,22.475
8579,27.478
8580,22.896
8581,13.007
8582,2.131
8583,0.014
8584,0
8585,0
8586,0
8587,0
8588,0
8589,0
8590,0
8591,0
8592,0
8593,0
8594,0
8595,0
8596,0
8597,0
8598,0
8599,0.001
8600,2.327
8601,12.349
8602,23.114
8603,36.725
8604,30.361
8605,17.473
8606,4.276
8607,0.174
8608,0
8609,0
8610,0
8611,0
8612,0
8613,0
8614,0
8615,0
8616,0
8617,0
8618,0
8619,0
8620,0
8621,0
8622,0
8623,0
8624,0.944
8625,21.782
8626,40.275
8627,43.449
8628,40.868
8629,30.413
8630,3.498
8631,0.036
8632,0
8633,0
8634,0
8635,0
8636,0
8637,0
8638,0
8639,0
8640,0
8641,0
8642,0
8643,0
8644,0
8645,0
8646,0
8647,0.001
8648,4.774
8649,21.308
8650,35.739
8651,43.193
8652,41.563
8653,23.454
8654,3.829
8655,0.035
8656,0
8657,0
8658,0
8659,0
8660,0
8661,0
8662,0
8663,0
8664,0
8665,0
8666,0
8667,0
8668,0
8669,0
8670,0
8671,0.001
8672,1.71
8673,19.694
8674,26.108
8675,27.172
8676,20.616
8677,10.103
8678,2.511
8679,0.012
8680,0
8681,0
8682,0
8683,0
8684,0
8685,0
8686,0
8687,0
8688,0
8689,0
8690,0
8691,0
8692,0
8693,0
8694,0
8695,0
8696,2.327
8697,21.126
8698,32.531
8699,49.59
8700,37.21
8701,26.032
8702,5.311
8703,0.34
8704,0
8705,0
8706,0
8707,0
8708,0
8709,0
8710,0
8711,0
8712,0
8713,0
8714,0
8715,0
8716,0
8717,0
8718,0
8719,0.001
8720,2.229
8721,21.609
8722,39.057
8723,51.261
8724,46.517
8725,25.993
8726,4.565
8727,0.011
8728,0
8729,0
8730,0
8731,0
8732,0
8733,0
8734,0
8735,0
8736,0
8737,0
8738,0
8739,0
8740,0
8741,0
8742,0
8743,0.001
8744,2.596
8745,21.461
8746,31.996
8747,47.217
8748,36.829
8749,21.424
8750,4.453
8751,0.021
8752,0
8753,0
8754,0
8755,0
8756,0
8757,0
8758,0
8759,0
8760,0
8761,0
8762,0
8763,0
8764,0
8765,0
8766,0
8767,0.001
8768,1.228
8769,18.006
8770,28.236
8771,39.267
8772,32.24
8773,17.965
8774,4.023
8775,0.018
8776,0
8777,0
8778,0
8779,0
8780,0
8781,0
8782,0
8783,0
